[lcb] Sandbox: subprocess
[lcb] Reward: path_indep | Model: Qwen/Qwen3-4B-Instruct-2507
[lcb] Batch: 8×8 | Max turns: 4
[lcb] Steps: 200 | Output: checkpoints/lcb_path_indep_lcbv5_s42
[lcb] Tinker connected.
Warning: You are sending unauthenticated requests to the HF Hub. Please set a HF_TOKEN to enable higher rate limits and faster downloads.
[lcb] 599 train tasks (>= 5 tests, sources=('lcbv5',))
[lcb] 20 eval tasks
wandb: [wandb.login()] Loaded credentials for https://api.wandb.ai from WANDB_API_KEY.
wandb: Currently logged in as: anuragprateek to https://api.wandb.ai. Use `wandb login --relogin` to force relogin
wandb: Tracking run with wandb version 0.25.1
wandb: Run data is saved locally in /workspace/discovery/wandb/run-20260412_170112-xpjmzys1
wandb: Run `wandb offline` to turn off syncing.
wandb: Syncing run lcb-path_indep-s42
wandb: ⭐️ View project at https://wandb.ai/anuragprateek/discovery-code-repair
wandb: 🚀 View run at https://wandb.ai/anuragprateek/discovery-code-repair/runs/xpjmzys1
[lcb] wandb: https://wandb.ai/anuragprateek/discovery-code-repair/runs/xpjmzys1
  [step 1 t1] fired 64 (8 API calls)
    gen: 64 results in 112.2s (avg 1153 tok/ep)
    sandbox: 42.8s | pass=38 fail=26 no_code=0 | 38/64 done
  [step 1 t2] fired 26 (26 API calls)
    gen: 26 results in 103.6s (avg 1212 tok/ep)
    sandbox: 42.1s | pass=7 fail=19 no_code=0 | 45/64 done
  [step 1 t3] fired 19 (19 API calls)
    gen: 19 results in 39.4s (avg 733 tok/ep)
    sandbox: 41.5s | pass=2 fail=17 no_code=0 | 47/64 done
  [step 1 t4] fired 17 (17 API calls)
    gen: 17 results in 35.6s (avg 693 tok/ep)
    sandbox: 41.6s | pass=0 fail=17 no_code=0 | 64/64 done
    g0: 0/8 solved, rewards=[0.40,0.60,0.27,0.60,0.33,0.80,0.40,0.40] TRAIN std=0.165
    g1: 8/8 solved, rewards=[2.15,2.15,2.15,2.15,2.15,2.15,2.15,2.10] TRAIN std=0.017
    g2: 8/8 solved, rewards=[2.15,2.15,2.15,2.15,2.15,2.15,2.15,2.15] SKIP
    g3: 8/8 solved, rewards=[2.10,2.10,2.05,2.10,2.15,2.10,2.05,2.10] TRAIN std=0.030
    g4: 0/8 solved, rewards=[0.93,0.78,0.93,0.93,0.00,0.93,0.93,0.93] TRAIN std=0.303
    g5: 8/8 solved, rewards=[2.15,2.15,2.15,2.15,2.15,2.15,2.15,2.15] SKIP
    g6: 8/8 solved, rewards=[2.15,2.15,2.15,2.15,2.15,2.15,2.15,2.15] SKIP
    g7: 7/8 solved, rewards=[2.15,2.15,0.89,2.15,2.15,2.10,2.15,2.15] TRAIN std=0.414
  [step 1] training: 102 datums, 107568 comp tokens
  [step 1] train done: loss=-0.0019 in 7.6s
[step 1/200] solve=0.73 reward=1.74±0.67 loss=-0.0019 turns=2.0 disc=6 mast=0 skip=3/8 t=467.0s
  [step 2 t1] fired 64 (8 API calls)
    gen: 64 results in 164.1s (avg 1662 tok/ep)
    sandbox: 63.6s | pass=39 fail=24 no_code=1 | 39/64 done
  [step 2 t2] fired 25 (25 API calls)
    gen: 25 results in 79.2s (avg 1197 tok/ep)
    sandbox: 62.8s | pass=1 fail=24 no_code=0 | 40/64 done
  [step 2 t3] fired 24 (24 API calls)
    gen: 24 results in 139.6s (avg 1044 tok/ep)
    sandbox: 62.5s | pass=0 fail=24 no_code=0 | 40/64 done
  [step 2 t4] fired 24 (24 API calls)
    gen: 24 results in 33.2s (avg 699 tok/ep)
    sandbox: 62.8s | pass=0 fail=24 no_code=0 | 64/64 done
    g0: 8/8 solved, rewards=[2.15,2.15,2.15,2.15,2.15,2.15,2.15,2.15] SKIP
    g1: 0/8 solved, rewards=[0.13,-0.03,0.07,0.07,0.07,0.07,0.07,0.07] TRAIN std=0.042
    g2: 8/8 solved, rewards=[2.15,2.15,2.15,2.15,2.15,2.15,2.15,2.15] SKIP
    g3: 8/8 solved, rewards=[2.15,2.15,2.15,2.15,2.15,2.15,2.15,2.15] SKIP
    g4: 6/8 solved, rewards=[2.15,2.15,0.93,2.15,2.15,2.15,2.15,0.43] TRAIN std=0.649
    g5: 0/8 solved, rewards=[0.80,0.00,0.80,0.80,0.80,0.80,0.80,0.73] TRAIN std=0.262
    g6: 2/8 solved, rewards=[0.67,0.27,2.15,0.87,2.10,0.87,0.87,0.87] TRAIN std=0.632
    g7: 8/8 solved, rewards=[2.15,2.15,2.15,2.15,2.15,2.15,2.15,2.15] SKIP
  [step 2] training: 105 datums, 151138 comp tokens
  [step 2] train done: loss=0.0037 in 11.3s
[step 2/200] solve=0.62 reward=1.53±0.83 loss=0.0037 turns=2.1 disc=12 mast=0 skip=4/8 t=680.1s
  [step 3 t1] fired 64 (8 API calls)
    gen: 64 results in 153.9s (avg 1391 tok/ep)
    sandbox: 30.2s | pass=51 fail=13 no_code=0 | 51/64 done
  [step 3 t2] fired 13 (13 API calls)
    gen: 13 results in 32.3s (avg 855 tok/ep)
    sandbox: 48.4s | pass=4 fail=9 no_code=0 | 55/64 done
  [step 3 t3] fired 9 (9 API calls)
    gen: 9 results in 39.8s (avg 987 tok/ep)
    sandbox: 48.5s | pass=0 fail=9 no_code=0 | 55/64 done
  [step 3 t4] fired 9 (9 API calls)
    gen: 9 results in 21.0s (avg 687 tok/ep)
    sandbox: 30.3s | pass=0 fail=9 no_code=0 | 64/64 done
    g0: 8/8 solved, rewards=[2.15,2.15,2.15,2.15,2.15,2.15,2.15,2.15] SKIP
    g1: 8/8 solved, rewards=[2.15,2.15,2.15,2.15,2.15,2.15,2.15,2.15] SKIP
    g2: 0/8 solved, rewards=[0.53,0.80,0.40,0.60,0.53,0.53,0.80,0.80] TRAIN std=0.145
    g3: 7/8 solved, rewards=[2.15,0.89,2.15,2.15,2.15,2.15,2.15,2.15] TRAIN std=0.416
    g4: 8/8 solved, rewards=[2.15,2.15,2.15,2.15,2.10,2.15,2.10,2.15] TRAIN std=0.022
    g5: 8/8 solved, rewards=[2.15,2.10,2.15,2.15,2.15,2.15,2.15,2.15] TRAIN std=0.017
    g6: 8/8 solved, rewards=[2.15,2.15,2.15,2.15,2.15,2.15,2.15,2.15] SKIP
    g7: 8/8 solved, rewards=[2.15,2.15,2.15,2.15,2.15,2.10,2.15,2.15] TRAIN std=0.017
  [step 3] training: 71 datums, 93869 comp tokens
  [step 3] train done: loss=-0.0068 in 10.1s
[step 3/200] solve=0.86 reward=1.94±0.52 loss=-0.0068 turns=1.5 disc=18 mast=0 skip=3/8 t=414.9s
  [step 4 t1] fired 64 (8 API calls)
    gen: 64 results in 166.4s (avg 2494 tok/ep)
    sandbox: 100.1s | pass=30 fail=32 no_code=2 | 30/64 done
  [step 4 t2] fired 34 (34 API calls)
    gen: 34 results in 164.4s (avg 1710 tok/ep)
    sandbox: 97.2s | pass=2 fail=32 no_code=0 | 32/64 done
  [step 4 t3] fired 32 (32 API calls)
    gen: 32 results in 232.3s (avg 1304 tok/ep)
    sandbox: 44.0s | pass=1 fail=31 no_code=0 | 33/64 done
  [step 4 t4] fired 31 (31 API calls)
    gen: 31 results in 51.9s (avg 741 tok/ep)
    sandbox: 43.9s | pass=0 fail=31 no_code=0 | 64/64 done
    g0: 2/8 solved, rewards=[0.73,0.73,2.05,0.47,0.47,2.15,0.47,0.73] TRAIN std=0.660
    g1: 8/8 solved, rewards=[2.15,2.15,2.15,2.15,2.15,2.15,2.15,2.15] SKIP
    g2: 0/8 solved, rewards=[0.07,0.07,0.07,0.07,0.13,0.07,0.07,0.13] TRAIN std=0.029
    g3: 0/8 solved, rewards=[0.71,0.71,0.69,0.71,0.93,0.83,0.71,0.71] TRAIN std=0.078
    g4: 7/8 solved, rewards=[2.15,2.15,2.10,2.15,2.15,2.15,2.10,0.14] TRAIN std=0.659
    g5: 8/8 solved, rewards=[2.15,2.15,2.15,2.15,2.15,2.15,2.15,2.15] SKIP
    g6: 0/8 solved, rewards=[0.31,0.50,0.31,0.38,0.56,0.44,0.25,0.56] TRAIN std=0.112
    g7: 8/8 solved, rewards=[2.15,2.15,2.15,2.15,2.15,2.15,2.15,2.15] SKIP
  [step 4] training: 137 datums, 254082 comp tokens
  [step 4] train done: loss=-0.0055 in 33.1s
[step 4/200] solve=0.52 reward=1.32±0.87 loss=-0.0055 turns=2.5 disc=22 mast=0 skip=3/8 t=934.9s
  [step 5 t1] fired 64 (8 API calls)
    gen: 64 results in 220.0s (avg 2214 tok/ep)
    sandbox: 185.0s | pass=28 fail=35 no_code=1 | 28/64 done
  [step 5 t2] fired 36 (36 API calls)
    gen: 36 results in 176.4s (avg 1357 tok/ep)
    sandbox: 185.0s | pass=0 fail=36 no_code=0 | 28/64 done
  [step 5 t3] fired 36 (36 API calls)
    gen: 36 results in 64.1s (avg 818 tok/ep)
    sandbox: 184.9s | pass=0 fail=36 no_code=0 | 28/64 done
  [step 5 t4] fired 36 (36 API calls)
    gen: 36 results in 40.1s (avg 513 tok/ep)
    sandbox: 185.0s | pass=0 fail=36 no_code=0 | 64/64 done
    g0: 8/8 solved, rewards=[2.15,2.15,2.15,2.15,2.15,2.15,2.15,2.15] SKIP
    g1: 0/8 solved, rewards=[0.00,0.40,0.53,0.40,0.00,0.00,0.33,0.00] TRAIN std=0.215
    g2: 3/8 solved, rewards=[0.04,0.08,0.18,2.15,-0.02,2.15,0.08,2.15] TRAIN std=1.008
    g3: 0/8 solved, rewards=[0.00,0.00,0.00,0.00,0.00,0.00,0.00,0.00] SKIP
    g4: 8/8 solved, rewards=[2.15,2.15,2.15,2.15,2.15,2.15,2.15,2.15] SKIP
    g5: 0/8 solved, rewards=[0.26,0.93,0.93,0.15,0.00,0.52,0.93,0.93] TRAIN std=0.372
    g6: 1/8 solved, rewards=[0.00,0.00,0.00,0.11,0.00,0.00,0.00,2.15] TRAIN std=0.707
    g7: 8/8 solved, rewards=[2.15,2.15,2.15,2.15,2.15,2.15,2.15,2.15] SKIP
  [step 5] training: 116 datums, 183341 comp tokens
  [step 5] train done: loss=0.0003 in 44.5s
  [step 5] dumped 64 train trajectories to checkpoints/lcb_path_indep_lcbv5_s42/train_trajectories_step_0005.jsonl
[step 5/200] solve=0.44 reward=1.05±1.00 loss=0.0003 turns=2.7 disc=26 mast=0 skip=4/8 t=1286.0s
  [step 6 t1] fired 64 (8 API calls)
    gen: 64 results in 92.8s (avg 1491 tok/ep)
    sandbox: 94.8s | pass=43 fail=21 no_code=0 | 43/64 done
  [step 6 t2] fired 21 (21 API calls)
    gen: 21 results in 46.1s (avg 1025 tok/ep)
    sandbox: 94.6s | pass=3 fail=18 no_code=0 | 46/64 done
  [step 6 t3] fired 18 (18 API calls)
    gen: 18 results in 33.1s (avg 712 tok/ep)
    sandbox: 94.4s | pass=1 fail=17 no_code=0 | 47/64 done
  [step 6 t4] fired 17 (17 API calls)
    gen: 17 results in 18.5s (avg 493 tok/ep)
    sandbox: 94.7s | pass=1 fail=16 no_code=0 | 64/64 done
    g0: 0/8 solved, rewards=[0.00,0.00,0.00,0.00,0.00,0.00,0.00,0.00] SKIP
    g1: 7/8 solved, rewards=[2.15,0.44,2.15,2.15,2.15,2.15,2.15,2.10] TRAIN std=0.562
    g2: 2/8 solved, rewards=[2.05,0.87,0.93,0.87,2.15,0.33,0.80,0.87] TRAIN std=0.599
    g3: 8/8 solved, rewards=[2.15,2.15,2.15,2.15,2.15,2.15,2.00,2.15] TRAIN std=0.050
    g4: 8/8 solved, rewards=[2.15,2.15,2.15,2.15,2.15,2.15,2.15,2.15] SKIP
    g5: 8/8 solved, rewards=[2.15,2.15,2.15,2.15,2.15,2.15,2.15,2.15] SKIP
    g6: 8/8 solved, rewards=[2.15,2.15,2.15,2.15,2.15,2.15,2.15,2.15] SKIP
    g7: 7/8 solved, rewards=[2.10,2.10,2.15,2.15,2.15,0.07,2.15,2.15] TRAIN std=0.685
  [step 6] training: 64 datums, 92680 comp tokens
  [step 6] train done: loss=-0.0002 in 9.1s
[step 6/200] solve=0.75 reward=1.69±0.81 loss=-0.0002 turns=1.9 disc=33 mast=0 skip=4/8 t=578.9s
  [step 7 t1] fired 64 (8 API calls)
    gen: 64 results in 115.3s (avg 1770 tok/ep)
    sandbox: 210.3s | pass=19 fail=45 no_code=0 | 19/64 done
  [step 7 t2] fired 45 (45 API calls)
    gen: 45 results in 77.5s (avg 1159 tok/ep)
    sandbox: 212.2s | pass=6 fail=39 no_code=0 | 25/64 done
  [step 7 t3] fired 39 (39 API calls)
    gen: 39 results in 82.8s (avg 900 tok/ep)
    sandbox: 197.5s | pass=0 fail=39 no_code=0 | 25/64 done
  [step 7 t4] fired 39 (39 API calls)
    gen: 39 results in 123.6s (avg 928 tok/ep)
    sandbox: 196.8s | pass=2 fail=37 no_code=0 | 64/64 done
    g0: 0/8 solved, rewards=[0.00,0.00,0.00,0.00,0.20,0.00,0.00,0.00] TRAIN std=0.066
    g1: 8/8 solved, rewards=[2.15,2.15,2.15,2.15,2.15,2.15,2.15,2.15] SKIP
    g2: 0/8 solved, rewards=[0.79,0.79,0.57,0.79,0.79,0.79,0.79,0.14] TRAIN std=0.214
    g3: 4/8 solved, rewards=[2.15,0.07,2.10,0.07,2.10,0.07,0.07,2.00] TRAIN std=1.011
    g4: 0/8 solved, rewards=[0.00,0.00,0.00,0.00,0.00,0.00,0.00,0.00] SKIP
    g5: 4/8 solved, rewards=[2.15,0.14,2.10,0.14,0.00,2.10,2.15,0.36] TRAIN std=0.986
    g6: 8/8 solved, rewards=[2.15,2.15,2.15,2.15,2.15,2.15,2.15,2.15] SKIP
    g7: 3/8 solved, rewards=[0.87,0.80,2.10,2.00,0.60,0.67,2.10,0.67] TRAIN std=0.657
  [step 7] training: 139 datums, 175273 comp tokens
  [step 7] train done: loss=0.0053 in 43.8s
[step 7/200] solve=0.42 reward=1.06±0.95 loss=0.0053 turns=2.9 disc=37 mast=0 skip=3/8 t=1261.0s
  [step 8 t1] fired 64 (8 API calls)
    gen: 64 results in 121.8s (avg 1739 tok/ep)
    sandbox: 48.8s | pass=42 fail=22 no_code=0 | 42/64 done
  [step 8 t2] fired 22 (22 API calls)
    gen: 22 results in 33.9s (avg 823 tok/ep)
    sandbox: 41.2s | pass=6 fail=16 no_code=0 | 48/64 done
  [step 8 t3] fired 16 (16 API calls)
    gen: 16 results in 30.1s (avg 871 tok/ep)
    sandbox: 41.0s | pass=1 fail=15 no_code=0 | 49/64 done
  [step 8 t4] fired 15 (15 API calls)
    gen: 15 results in 23.6s (avg 668 tok/ep)
    sandbox: 41.5s | pass=1 fail=14 no_code=0 | 64/64 done
    g0: 0/8 solved, rewards=[0.47,0.47,0.27,0.47,0.27,0.27,0.47,0.67] TRAIN std=0.132
    g1: 4/8 solved, rewards=[0.18,2.15,0.08,2.15,0.08,0.04,2.15,2.15] TRAIN std=1.029
    g2: 8/8 solved, rewards=[2.15,2.15,2.15,2.15,2.15,2.15,2.10,2.15] TRAIN std=0.017
    g3: 8/8 solved, rewards=[2.10,2.10,2.15,2.15,2.15,2.15,2.15,2.10] TRAIN std=0.024
    g4: 8/8 solved, rewards=[2.15,2.15,2.15,2.15,2.15,2.15,2.15,2.15] SKIP
    g5: 8/8 solved, rewards=[2.15,2.15,2.15,2.15,2.15,2.15,2.15,2.15] SKIP
    g6: 8/8 solved, rewards=[2.15,2.15,2.15,2.15,2.15,2.15,2.15,2.15] SKIP
    g7: 6/8 solved, rewards=[2.10,0.93,2.15,2.00,2.10,2.05,2.15,0.93] TRAIN std=0.504
  [step 8] training: 93 datums, 135329 comp tokens
  [step 8] train done: loss=0.0235 in 9.8s
[step 8/200] solve=0.78 reward=1.76±0.73 loss=0.0235 turns=1.8 disc=42 mast=1 skip=3/8 t=392.4s
  [step 9 t1] fired 64 (8 API calls)
    gen: 64 results in 79.3s (avg 1539 tok/ep)
    sandbox: 180.6s | pass=23 fail=41 no_code=0 | 23/64 done
  [step 9 t2] fired 41 (41 API calls)
    gen: 41 results in 44.0s (avg 876 tok/ep)
    sandbox: 179.0s | pass=9 fail=32 no_code=0 | 32/64 done
  [step 9 t3] fired 32 (32 API calls)
    gen: 32 results in 80.1s (avg 802 tok/ep)
    sandbox: 179.2s | pass=1 fail=31 no_code=0 | 33/64 done
  [step 9 t4] fired 31 (31 API calls)
    gen: 31 results in 59.4s (avg 652 tok/ep)
    sandbox: 179.2s | pass=1 fail=30 no_code=0 | 64/64 done
    g0: 5/8 solved, rewards=[2.15,2.15,2.15,0.86,0.86,2.10,2.15,0.86] TRAIN std=0.621
    g1: 0/8 solved, rewards=[0.00,0.00,0.00,0.00,0.00,0.00,0.00,0.00] SKIP
    g2: 6/8 solved, rewards=[0.16,2.15,2.15,2.15,2.15,0.10,2.15,2.15] TRAIN std=0.875
    g3: 0/8 solved, rewards=[0.71,0.86,0.71,0.00,0.71,0.71,0.64,0.71] TRAIN std=0.246
    g4: 0/8 solved, rewards=[0.67,0.73,0.73,0.73,0.73,0.73,0.73,0.73] TRAIN std=0.022
    g5: 8/8 solved, rewards=[2.15,2.10,2.15,2.10,2.15,2.15,2.10,2.10] TRAIN std=0.025
    g6: 8/8 solved, rewards=[2.15,2.15,2.15,2.15,2.15,2.15,2.15,2.15] SKIP
    g7: 7/8 solved, rewards=[2.05,2.00,2.10,0.89,2.15,2.10,2.10,2.10] TRAIN std=0.397
  [step 9] training: 128 datums, 144640 comp tokens
  [step 9] train done: loss=0.0022 in 16.3s
[step 9/200] solve=0.53 reward=1.36±0.86 loss=0.0022 turns=2.6 disc=46 mast=1 skip=2/8 t=998.0s
  [step 10 t1] fired 64 (8 API calls)
    gen: 64 results in 122.6s (avg 1558 tok/ep)
    sandbox: 97.7s | pass=43 fail=20 no_code=1 | 43/64 done
  [step 10 t2] fired 21 (21 API calls)
    gen: 21 results in 42.1s (avg 974 tok/ep)
    sandbox: 94.8s | pass=0 fail=21 no_code=0 | 43/64 done
  [step 10 t3] fired 21 (21 API calls)
    gen: 21 results in 33.3s (avg 743 tok/ep)
    sandbox: 94.5s | pass=3 fail=18 no_code=0 | 46/64 done
  [step 10 t4] fired 18 (18 API calls)
    gen: 18 results in 19.0s (avg 500 tok/ep)
    sandbox: 94.9s | pass=0 fail=18 no_code=0 | 64/64 done
    g0: 0/8 solved, rewards=[0.14,0.00,0.00,0.00,0.00,0.14,0.21,0.14] TRAIN std=0.083
    g1: 8/8 solved, rewards=[2.15,2.15,2.15,2.15,2.15,2.15,2.15,2.15] SKIP
    g2: 8/8 solved, rewards=[2.15,2.15,2.15,2.15,2.15,2.15,2.15,2.15] SKIP
    g3: 8/8 solved, rewards=[2.15,2.15,2.15,2.15,2.15,2.15,2.15,2.15] SKIP
    g4: 8/8 solved, rewards=[2.15,2.15,2.15,2.15,2.15,2.15,2.15,2.15] SKIP
    g5: 6/8 solved, rewards=[2.05,0.86,2.05,2.15,0.00,2.15,2.15,2.05] TRAIN std=0.756
    g6: 0/8 solved, rewards=[0.07,0.67,0.03,0.13,0.13,0.13,0.13,0.13] TRAIN std=0.188
    g7: 8/8 solved, rewards=[2.15,2.15,2.15,2.15,2.15,2.15,2.15,2.15] SKIP
  [step 10] training: 84 datums, 102039 comp tokens
  [step 10] train done: loss=0.0028 in 18.4s
  [step 10] dumped 64 train trajectories to checkpoints/lcb_path_indep_lcbv5_s42/train_trajectories_step_0010.jsonl
[step 10/200] solve=0.72 reward=1.59±0.90 loss=0.0028 turns=1.9 disc=51 mast=1 skip=5/8 t=617.9s
[eval] Running on 20 problems...
[eval] step=10: 11/20 = 0.55
[eval] Trajectories saved to checkpoints/lcb_path_indep_lcbv5_s42/eval_trajectories_step_0010.jsonl
  [step 11 t1] fired 64 (8 API calls)
    gen: 64 results in 88.8s (avg 1333 tok/ep)
    sandbox: 6.4s | pass=49 fail=15 no_code=0 | 49/64 done
  [step 11 t2] fired 15 (15 API calls)
    gen: 15 results in 25.2s (avg 737 tok/ep)
    sandbox: 34.1s | pass=1 fail=14 no_code=0 | 50/64 done
  [step 11 t3] fired 14 (14 API calls)
    gen: 14 results in 23.1s (avg 662 tok/ep)
    sandbox: 4.8s | pass=0 fail=14 no_code=0 | 50/64 done
  [step 11 t4] fired 14 (14 API calls)
    gen: 14 results in 27.0s (avg 682 tok/ep)
    sandbox: 11.1s | pass=0 fail=14 no_code=0 | 64/64 done
    g0: 8/8 solved, rewards=[2.15,2.10,2.15,2.15,2.15,2.15,2.15,2.15] TRAIN std=0.017
    g1: 8/8 solved, rewards=[2.15,2.15,2.15,2.15,2.15,2.15,2.15,2.15] SKIP
    g2: 8/8 solved, rewards=[2.15,2.15,2.15,2.15,2.15,2.15,2.15,2.15] SKIP
    g3: 0/8 solved, rewards=[0.07,0.36,0.00,0.00,0.00,0.29,0.00,0.00] TRAIN std=0.137
    g4: 8/8 solved, rewards=[2.15,2.15,2.15,2.15,2.15,2.15,2.15,2.15] SKIP
    g5: 3/8 solved, rewards=[2.15,0.07,0.07,0.07,0.07,2.15,2.15,0.20] TRAIN std=0.997
    g6: 8/8 solved, rewards=[2.15,2.15,2.15,2.15,2.15,2.15,2.15,2.15] SKIP
    g7: 7/8 solved, rewards=[2.15,2.15,2.15,0.93,2.15,2.15,2.15,2.15] TRAIN std=0.404
  [step 11] training: 75 datums, 92952 comp tokens
  [step 11] train done: loss=0.0059 in 132.5s
[step 11/200] solve=0.78 reward=1.71±0.83 loss=0.0059 turns=1.7 disc=58 mast=1 skip=4/8 t=353.6s
  [step 12 t1] fired 64 (8 API calls)
    gen: 64 results in 111.9s (avg 1567 tok/ep)
    sandbox: 278.2s | pass=28 fail=36 no_code=0 | 28/64 done
  [step 12 t2] fired 36 (36 API calls)
    gen: 36 results in 51.2s (avg 895 tok/ep)
    sandbox: 277.1s | pass=3 fail=33 no_code=0 | 31/64 done
  [step 12 t3] fired 33 (33 API calls)
    gen: 33 results in 28.9s (avg 713 tok/ep)
    sandbox: 264.7s | pass=2 fail=31 no_code=0 | 33/64 done
  [step 12 t4] fired 31 (31 API calls)
    gen: 31 results in 36.9s (avg 501 tok/ep)
    sandbox: 263.6s | pass=0 fail=31 no_code=0 | 64/64 done
    g0: 5/8 solved, rewards=[2.15,2.15,2.15,0.52,2.15,2.05,0.52,0.52] TRAIN std=0.779
    g1: 0/8 solved, rewards=[0.47,0.20,0.47,0.20,0.33,0.33,0.33,0.33] TRAIN std=0.094
    g2: 8/8 solved, rewards=[2.15,2.15,2.15,2.15,2.15,2.15,2.15,2.15] SKIP
    g3: 0/8 solved, rewards=[0.04,0.15,0.00,0.00,0.00,0.00,0.00,0.00] TRAIN std=0.049
    g4: 4/8 solved, rewards=[0.50,2.10,2.10,2.05,2.10,0.14,0.50,0.36] TRAIN std=0.863
    g5: 8/8 solved, rewards=[2.15,2.15,2.15,2.15,2.15,2.15,2.15,2.15] SKIP
    g6: 0/8 solved, rewards=[0.00,0.00,0.00,0.00,0.00,0.00,0.00,0.00] SKIP
    g7: 8/8 solved, rewards=[2.15,2.15,2.15,2.15,2.15,2.15,2.15,2.15] SKIP
  [step 12] training: 92 datums, 117392 comp tokens
  [step 12] train done: loss=-0.0000 in 21.6s
[step 12/200] solve=0.52 reward=1.20±0.98 loss=-0.0000 turns=2.6 disc=61 mast=1 skip=4/8 t=1335.0s
  [step 13 t1] fired 64 (8 API calls)
    gen: 64 results in 68.4s (avg 1505 tok/ep)
    sandbox: 96.7s | pass=28 fail=36 no_code=0 | 28/64 done
  [step 13 t2] fired 36 (36 API calls)
    gen: 36 results in 63.2s (avg 913 tok/ep)
    sandbox: 107.2s | pass=1 fail=35 no_code=0 | 29/64 done
  [step 13 t3] fired 35 (35 API calls)
    gen: 35 results in 39.4s (avg 665 tok/ep)
    sandbox: 102.6s | pass=2 fail=33 no_code=0 | 31/64 done
  [step 13 t4] fired 33 (33 API calls)
    gen: 33 results in 29.8s (avg 492 tok/ep)
    sandbox: 109.1s | pass=0 fail=33 no_code=0 | 64/64 done
    g0: 8/8 solved, rewards=[2.15,2.15,2.15,2.15,2.15,2.15,2.15,2.15] SKIP
    g1: 7/8 solved, rewards=[2.05,2.15,2.15,2.15,2.15,0.80,2.15,2.15] TRAIN std=0.443
    g2: 0/8 solved, rewards=[0.90,0.87,0.94,0.90,0.90,0.87,0.87,0.94] TRAIN std=0.025
    g3: 0/8 solved, rewards=[0.33,0.20,0.33,0.27,0.33,0.33,0.33,0.27] TRAIN std=0.047
    g4: 0/8 solved, rewards=[0.40,0.00,0.60,0.60,0.40,0.40,0.60,0.60] TRAIN std=0.194
    g5: 0/8 solved, rewards=[0.91,0.18,0.27,0.82,0.77,0.18,0.59,0.82] TRAIN std=0.289
    g6: 8/8 solved, rewards=[2.10,2.15,2.15,2.15,2.15,2.15,2.15,2.05] TRAIN std=0.035
    g7: 8/8 solved, rewards=[2.15,2.15,2.15,2.15,2.15,2.15,2.15,2.15] SKIP
  [step 13] training: 152 datums, 155562 comp tokens
  [step 13] train done: loss=-0.0003 in 20.7s
[step 13/200] solve=0.48 reward=1.33±0.82 loss=-0.0003 turns=2.6 disc=63 mast=1 skip=2/8 t=638.2s
  [step 14 t1] fired 64 (8 API calls)
    gen: 64 results in 128.8s (avg 2027 tok/ep)
    sandbox: 176.7s | pass=26 fail=38 no_code=0 | 26/64 done
  [step 14 t2] fired 38 (38 API calls)
    gen: 38 results in 111.0s (avg 1165 tok/ep)
    sandbox: 177.6s | pass=6 fail=32 no_code=0 | 32/64 done
  [step 14 t3] fired 32 (32 API calls)
    gen: 32 results in 36.9s (avg 723 tok/ep)
    sandbox: 178.9s | pass=1 fail=31 no_code=0 | 33/64 done
  [step 14 t4] fired 31 (31 API calls)
    gen: 31 results in 53.5s (avg 686 tok/ep)
    sandbox: 176.4s | pass=0 fail=31 no_code=0 | 64/64 done
    g0: 8/8 solved, rewards=[2.05,2.15,2.15,2.15,2.15,2.15,2.10,2.15] TRAIN std=0.035
    g1: 0/8 solved, rewards=[0.00,0.00,0.00,0.00,0.00,0.00,0.00,0.00] SKIP
    g2: 0/8 solved, rewards=[0.07,0.00,0.00,0.50,0.50,0.07,0.50,0.00] TRAIN std=0.230
    g3: 2/8 solved, rewards=[0.21,0.93,2.10,0.79,0.21,0.86,0.21,2.10] TRAIN std=0.733
    g4: 7/8 solved, rewards=[2.10,2.15,2.15,2.15,2.15,0.33,2.10,2.10] TRAIN std=0.594
    g5: 8/8 solved, rewards=[2.15,2.15,2.15,2.15,2.15,2.15,2.15,2.15] SKIP
    g6: 0/8 solved, rewards=[0.30,0.30,0.00,0.30,0.30,0.30,0.17,0.30] TRAIN std=0.104
    g7: 8/8 solved, rewards=[2.15,2.15,2.15,2.15,2.15,2.15,2.15,2.15] SKIP
  [step 14] training: 117 datums, 181179 comp tokens
  [step 14] train done: loss=0.0013 in 40.6s
[step 14/200] solve=0.52 reward=1.21±0.97 loss=0.0013 turns=2.6 disc=67 mast=1 skip=3/8 t=1081.6s
  [step 15 t1] fired 64 (8 API calls)
    gen: 64 results in 124.5s (avg 2266 tok/ep)
    sandbox: 9.0s | pass=40 fail=23 no_code=1 | 40/64 done
  [step 15 t2] fired 24 (24 API calls)
    gen: 24 results in 96.5s (avg 1216 tok/ep)
    sandbox: 12.9s | pass=0 fail=24 no_code=0 | 40/64 done
  [step 15 t3] fired 24 (24 API calls)
    gen: 24 results in 41.8s (avg 771 tok/ep)
    sandbox: 9.3s | pass=0 fail=24 no_code=0 | 40/64 done
  [step 15 t4] fired 24 (24 API calls)
    gen: 24 results in 27.3s (avg 548 tok/ep)
    sandbox: 9.0s | pass=0 fail=24 no_code=0 | 64/64 done
    g0: 0/8 solved, rewards=[0.07,0.07,0.07,0.07,0.07,0.13,0.13,0.07] TRAIN std=0.029
    g1: 8/8 solved, rewards=[2.15,2.15,2.15,2.15,2.15,2.15,2.15,2.15] SKIP
    g2: 2/8 solved, rewards=[2.15,0.93,0.93,0.93,0.77,0.80,2.15,0.87] TRAIN std=0.556
    g3: 5/8 solved, rewards=[2.15,0.00,2.15,0.00,0.00,2.15,2.15,2.15] TRAIN std=1.041
    g4: 8/8 solved, rewards=[2.15,2.15,2.15,2.15,2.15,2.15,2.15,2.15] SKIP
    g5: 8/8 solved, rewards=[2.15,2.15,2.15,2.15,2.15,2.15,2.15,2.15] SKIP
    g6: 1/8 solved, rewards=[0.27,0.27,2.15,0.27,0.33,0.60,0.27,0.33] TRAIN std=0.610
    g7: 8/8 solved, rewards=[2.15,2.15,2.15,2.15,2.15,2.15,2.15,2.15] SKIP
  [step 15] training: 104 datums, 175998 comp tokens
  [step 15] train done: loss=0.0045 in 31.4s
  [step 15] dumped 64 train trajectories to checkpoints/lcb_path_indep_lcbv5_s42/train_trajectories_step_0015.jsonl
[step 15/200] solve=0.62 reward=1.47±0.90 loss=0.0045 turns=2.1 disc=74 mast=1 skip=4/8 t=362.8s
  [step 16 t1] fired 64 (8 API calls)
    gen: 64 results in 125.6s (avg 1977 tok/ep)
    sandbox: 181.8s | pass=29 fail=35 no_code=0 | 29/64 done
  [step 16 t2] fired 35 (35 API calls)
    gen: 35 results in 52.4s (avg 1160 tok/ep)
    sandbox: 182.2s | pass=1 fail=34 no_code=0 | 30/64 done
  [step 16 t3] fired 34 (34 API calls)
    gen: 34 results in 42.1s (avg 818 tok/ep)
    sandbox: 181.8s | pass=1 fail=33 no_code=0 | 31/64 done
  [step 16 t4] fired 33 (33 API calls)
    gen: 33 results in 37.6s (avg 586 tok/ep)
    sandbox: 180.7s | pass=0 fail=33 no_code=0 | 64/64 done
    g0: 8/8 solved, rewards=[2.15,2.15,2.15,2.15,2.15,2.15,2.15,2.15] SKIP
    g1: 0/8 solved, rewards=[0.27,0.80,0.27,0.80,0.80,0.80,0.80,0.80] TRAIN std=0.231
    g2: 6/8 solved, rewards=[2.05,0.19,2.15,2.15,2.10,2.15,0.19,2.15] TRAIN std=0.841
    g3: 0/8 solved, rewards=[0.00,0.00,0.00,0.00,0.00,0.00,0.00,0.00] SKIP
    g4: 1/8 solved, rewards=[0.93,0.71,0.71,2.15,0.71,0.71,0.71,0.71] TRAIN std=0.470
    g5: 0/8 solved, rewards=[0.47,0.40,0.60,0.60,0.33,0.27,0.07,0.40] TRAIN std=0.165
    g6: 8/8 solved, rewards=[2.15,2.15,2.15,2.15,2.15,2.15,2.15,2.15] SKIP
    g7: 8/8 solved, rewards=[2.15,2.15,2.15,2.15,2.15,2.15,2.15,2.15] SKIP
  [step 16] training: 110 datums, 164299 comp tokens
  [step 16] train done: loss=-0.0007 in 10.3s
[step 16/200] solve=0.48 reward=1.26±0.89 loss=-0.0007 turns=2.6 disc=77 mast=1 skip=4/8 t=996.0s
  [step 17 t1] fired 64 (8 API calls)
    gen: 64 results in 93.6s (avg 1189 tok/ep)
    sandbox: 54.2s | pass=48 fail=16 no_code=0 | 48/64 done
  [step 17 t2] fired 16 (16 API calls)
    gen: 16 results in 88.2s (avg 1672 tok/ep)
    sandbox: 3.8s | pass=3 fail=13 no_code=0 | 51/64 done
  [step 17 t3] fired 13 (13 API calls)
    gen: 13 results in 57.8s (avg 1534 tok/ep)
    sandbox: 100.5s | pass=0 fail=13 no_code=0 | 51/64 done
  [step 17 t4] fired 13 (13 API calls)
    gen: 13 results in 29.0s (avg 818 tok/ep)
    sandbox: 100.8s | pass=1 fail=12 no_code=0 | 64/64 done
    g0: 8/8 solved, rewards=[2.15,2.15,2.15,2.15,2.15,2.15,2.15,2.15] SKIP
    g1: 8/8 solved, rewards=[2.15,2.15,2.15,2.15,2.15,2.15,2.15,2.15] SKIP
    g2: 4/8 solved, rewards=[2.15,2.10,0.73,0.67,2.10,0.73,0.73,2.15] TRAIN std=0.705
    g3: 8/8 solved, rewards=[2.15,2.00,2.15,2.10,2.15,2.15,2.15,2.15] TRAIN std=0.050
    g4: 1/8 solved, rewards=[0.67,0.53,0.53,0.53,0.00,0.53,0.60,2.15] TRAIN std=0.582
    g5: 7/8 solved, rewards=[0.60,2.15,2.15,2.15,2.15,2.15,2.15,2.15] TRAIN std=0.513
    g6: 8/8 solved, rewards=[2.15,2.15,2.15,2.15,2.15,2.15,2.15,2.15] SKIP
    g7: 8/8 solved, rewards=[2.15,2.15,2.15,2.15,2.15,2.15,2.15,2.15] SKIP
  [step 17] training: 74 datums, 108894 comp tokens
  [step 17] train done: loss=0.0012 in 8.1s
[step 17/200] solve=0.81 reward=1.85±0.62 loss=0.0012 turns=1.7 disc=83 mast=1 skip=4/8 t=536.6s
  [step 18 t1] fired 64 (8 API calls)
    gen: 64 results in 136.0s (avg 2059 tok/ep)
    sandbox: 80.7s | pass=32 fail=32 no_code=0 | 32/64 done
  [step 18 t2] fired 32 (32 API calls)
    gen: 32 results in 59.6s (avg 1139 tok/ep)
    sandbox: 92.8s | pass=2 fail=30 no_code=0 | 34/64 done
  [step 18 t3] fired 30 (30 API calls)
    gen: 30 results in 37.5s (avg 769 tok/ep)
    sandbox: 86.9s | pass=0 fail=30 no_code=0 | 34/64 done
  [step 18 t4] fired 30 (30 API calls)
    gen: 30 results in 37.2s (avg 603 tok/ep)
    sandbox: 87.3s | pass=0 fail=30 no_code=0 | 64/64 done
    g0: 8/8 solved, rewards=[2.15,2.15,2.15,2.15,2.15,2.15,2.15,2.15] SKIP
    g1: 8/8 solved, rewards=[2.15,2.15,2.15,2.15,2.15,2.15,2.15,2.15] SKIP
    g2: 0/8 solved, rewards=[0.53,0.53,0.60,0.87,0.60,0.33,0.00,0.53] TRAIN std=0.233
    g3: 0/8 solved, rewards=[0.09,0.30,0.30,0.43,0.22,0.30,0.30,0.30] TRAIN std=0.092
    g4: 1/8 solved, rewards=[0.43,0.43,0.75,0.25,0.79,0.71,0.82,2.15] TRAIN std=0.549
    g5: 8/8 solved, rewards=[2.15,2.15,2.15,2.15,2.15,2.15,2.15,2.15] SKIP
    g6: 7/8 solved, rewards=[2.15,2.10,2.10,2.15,2.15,2.15,0.18,2.15] TRAIN std=0.647
    g7: 2/8 solved, rewards=[2.15,0.43,0.43,0.29,0.29,0.29,0.29,2.15] TRAIN std=0.789
  [step 18] training: 132 datums, 194296 comp tokens
  [step 18] train done: loss=0.0014 in 40.7s
[step 18/200] solve=0.53 reward=1.34±0.87 loss=0.0014 turns=2.4 disc=88 mast=1 skip=3/8 t=659.7s
  [step 19 t1] fired 64 (8 API calls)
    gen: 64 results in 137.0s (avg 2015 tok/ep)
    sandbox: 51.2s | pass=42 fail=22 no_code=0 | 42/64 done
  [step 19 t2] fired 22 (22 API calls)
    gen: 22 results in 50.9s (avg 1269 tok/ep)
    sandbox: 49.0s | pass=3 fail=19 no_code=0 | 45/64 done
  [step 19 t3] fired 19 (19 API calls)
    gen: 19 results in 35.4s (avg 760 tok/ep)
    sandbox: 48.8s | pass=0 fail=19 no_code=0 | 45/64 done
  [step 19 t4] fired 19 (19 API calls)
    gen: 19 results in 29.6s (avg 686 tok/ep)
    sandbox: 48.9s | pass=0 fail=19 no_code=0 | 64/64 done
    g0: 8/8 solved, rewards=[2.15,2.15,2.15,2.15,2.15,2.15,2.15,2.15] SKIP
    g1: 6/8 solved, rewards=[2.15,2.15,2.15,2.15,0.00,2.15,0.33,2.15] TRAIN std=0.863
    g2: 7/8 solved, rewards=[2.15,2.15,2.15,2.15,2.15,2.15,0.30,2.15] TRAIN std=0.612
    g3: 0/8 solved, rewards=[0.13,0.20,0.13,0.40,0.07,0.07,0.13,0.60] TRAIN std=0.176
    g4: 0/8 solved, rewards=[0.27,0.60,0.20,0.33,0.40,0.33,0.60,0.27] TRAIN std=0.141
    g5: 8/8 solved, rewards=[2.15,2.15,2.10,2.15,2.15,2.15,2.15,2.15] TRAIN std=0.017
    g6: 8/8 solved, rewards=[2.15,2.15,2.15,2.15,2.15,2.10,2.15,2.10] TRAIN std=0.022
    g7: 8/8 solved, rewards=[2.15,2.15,2.15,2.15,2.15,2.15,2.15,2.15] SKIP
  [step 19] training: 108 datums, 169102 comp tokens
  [step 19] train done: loss=0.0025 in 16.1s
[step 19/200] solve=0.70 reward=1.59±0.86 loss=0.0025 turns=1.9 disc=94 mast=1 skip=2/8 t=467.5s
  [step 20 t1] fired 64 (8 API calls)
    gen: 64 results in 121.6s (avg 1496 tok/ep)
    sandbox: 165.9s | pass=25 fail=39 no_code=0 | 25/64 done
  [step 20 t2] fired 39 (39 API calls)
    gen: 39 results in 75.5s (avg 1123 tok/ep)
    sandbox: 134.9s | pass=0 fail=39 no_code=0 | 25/64 done
  [step 20 t3] fired 39 (39 API calls)
    gen: 39 results in 40.1s (avg 864 tok/ep)
    sandbox: 133.8s | pass=1 fail=38 no_code=0 | 26/64 done
  [step 20 t4] fired 38 (38 API calls)
    gen: 38 results in 66.7s (avg 711 tok/ep)
    sandbox: 134.5s | pass=0 fail=38 no_code=0 | 64/64 done
    g0: 0/8 solved, rewards=[0.07,0.33,0.33,0.27,0.33,0.27,0.33,0.33] TRAIN std=0.087
    g1: 0/8 solved, rewards=[0.29,0.14,0.29,0.29,0.29,0.29,0.29,0.29] TRAIN std=0.047
    g2: 1/8 solved, rewards=[0.20,0.07,0.07,0.07,2.15,0.20,0.07,0.20] TRAIN std=0.673
    g3: 8/8 solved, rewards=[2.15,2.15,2.15,2.15,2.15,2.15,2.15,2.15] SKIP
    g4: 8/8 solved, rewards=[2.15,2.15,2.15,2.15,2.15,2.15,2.15,2.15] SKIP
    g5: 0/8 solved, rewards=[0.53,0.53,0.40,0.60,0.33,0.60,0.27,0.47] TRAIN std=0.115
    g6: 8/8 solved, rewards=[2.15,2.15,2.15,2.15,2.15,2.15,2.15,2.15] SKIP
    g7: 1/8 solved, rewards=[0.00,0.93,0.64,0.00,0.57,2.05,0.21,0.93] TRAIN std=0.628
  [step 20] training: 152 datums, 177315 comp tokens
  [step 20] train done: loss=0.0028 in 10.2s
  [step 20] dumped 64 train trajectories to checkpoints/lcb_path_indep_lcbv5_s42/train_trajectories_step_0020.jsonl
[step 20/200] solve=0.41 reward=1.06±0.91 loss=0.0028 turns=2.8 disc=97 mast=1 skip=3/8 t=884.6s
[lcb] Checkpoint: tinker://0e361783-717c-52c2-86f8-6d2a5e5b4f0c:train:0/weights/step_0020
[eval] Running on 20 problems...
[eval] step=20: 10/20 = 0.50
[eval] Trajectories saved to checkpoints/lcb_path_indep_lcbv5_s42/eval_trajectories_step_0020.jsonl
  [step 21 t1] fired 64 (8 API calls)
    gen: 64 results in 120.6s (avg 1486 tok/ep)
    sandbox: 282.4s | pass=19 fail=44 no_code=1 | 19/64 done
  [step 21 t2] fired 45 (45 API calls)
    gen: 45 results in 37.0s (avg 805 tok/ep)
    sandbox: 264.6s | pass=3 fail=42 no_code=0 | 22/64 done
  [step 21 t3] fired 42 (42 API calls)
    gen: 42 results in 30.7s (avg 588 tok/ep)
    sandbox: 260.1s | pass=2 fail=40 no_code=0 | 24/64 done
  [step 21 t4] fired 40 (40 API calls)
    gen: 40 results in 25.5s (avg 491 tok/ep)
    sandbox: 255.1s | pass=2 fail=38 no_code=0 | 64/64 done
    g0: 8/8 solved, rewards=[2.15,2.15,2.15,2.15,2.15,2.15,2.15,2.15] SKIP
    g1: 0/8 solved, rewards=[0.75,0.75,0.08,0.25,0.25,0.75,0.08,0.75] TRAIN std=0.298
    g2: 0/8 solved, rewards=[0.27,0.00,0.07,0.33,0.00,0.00,0.20,0.23] TRAIN std=0.127
    g3: 8/8 solved, rewards=[2.15,2.15,2.15,2.15,2.15,2.15,2.15,2.15] SKIP
    g4: 7/8 solved, rewards=[2.05,2.10,2.15,0.75,2.15,2.05,2.15,2.00] TRAIN std=0.447
    g5: 3/8 solved, rewards=[2.10,0.14,0.50,0.50,2.00,2.10,0.50,0.14] TRAIN std=0.840
    g6: 0/8 solved, rewards=[0.00,0.00,0.00,0.00,0.00,0.00,0.00,0.00] SKIP
    g7: 0/8 solved, rewards=[0.46,0.46,0.54,0.38,0.54,0.54,0.31,0.46] TRAIN std=0.077
  [step 21] training: 143 datums, 141857 comp tokens
  [step 21] train done: loss=0.0019 in 28.4s
[step 21/200] solve=0.41 reward=1.04±0.92 loss=0.0019 turns=3.0 disc=100 mast=1 skip=3/8 t=1305.9s
  [step 22 t1] fired 64 (8 API calls)
    gen: 64 results in 149.4s (avg 2527 tok/ep)
    sandbox: 35.1s | pass=32 fail=29 no_code=3 | 32/64 done
  [step 22 t2] fired 32 (32 API calls)
    gen: 32 results in 105.7s (avg 1261 tok/ep)
    sandbox: 28.4s | pass=2 fail=30 no_code=0 | 34/64 done
  [step 22 t3] fired 30 (30 API calls)
    gen: 30 results in 43.4s (avg 866 tok/ep)
    sandbox: 31.9s | pass=2 fail=28 no_code=0 | 36/64 done
  [step 22 t4] fired 28 (28 API calls)
    gen: 28 results in 44.6s (avg 658 tok/ep)
    sandbox: 27.0s | pass=1 fail=27 no_code=0 | 64/64 done
    g0: 8/8 solved, rewards=[2.15,2.15,2.15,2.15,2.15,2.15,2.15,2.15] SKIP
    g1: 7/8 solved, rewards=[2.15,2.15,2.10,2.15,0.18,2.15,2.15,2.15] TRAIN std=0.649
    g2: 0/8 solved, rewards=[0.88,0.00,0.50,0.50,0.88,0.56,0.56,0.88] TRAIN std=0.276
    g3: 0/8 solved, rewards=[0.64,0.72,0.65,0.61,0.61,0.64,0.64,0.36] TRAIN std=0.099
    g4: 2/8 solved, rewards=[0.18,0.18,2.15,0.18,0.18,2.05,0.95,0.18] TRAIN std=0.814
    g5: 4/8 solved, rewards=[2.15,0.43,2.15,2.05,0.43,2.10,0.43,0.68] TRAIN std=0.815
    g6: 8/8 solved, rewards=[2.15,2.00,2.15,2.15,2.15,2.15,2.15,2.15] TRAIN std=0.050
    g7: 8/8 solved, rewards=[2.15,2.15,2.15,2.15,2.15,2.15,2.15,2.15] SKIP
  [step 22] training: 138 datums, 236105 comp tokens
  [step 22] train done: loss=0.0017 in 26.2s
[step 22/200] solve=0.58 reward=1.45±0.82 loss=0.0017 turns=2.4 disc=103 mast=1 skip=2/8 t=492.8s
  [step 23 t1] fired 64 (8 API calls)
    gen: 64 results in 144.3s (avg 1696 tok/ep)
    sandbox: 234.5s | pass=48 fail=16 no_code=0 | 48/64 done
  [step 23 t2] fired 16 (16 API calls)
    gen: 16 results in 80.8s (avg 1940 tok/ep)
    sandbox: 232.9s | pass=0 fail=16 no_code=0 | 48/64 done
  [step 23 t3] fired 16 (16 API calls)
    gen: 16 results in 35.8s (avg 969 tok/ep)
    sandbox: 233.2s | pass=0 fail=16 no_code=0 | 48/64 done
  [step 23 t4] fired 16 (16 API calls)
    gen: 16 results in 39.0s (avg 603 tok/ep)
    sandbox: 233.2s | pass=0 fail=16 no_code=0 | 64/64 done
    g0: 8/8 solved, rewards=[2.15,2.15,2.15,2.15,2.15,2.15,2.15,2.15] SKIP
    g1: 8/8 solved, rewards=[2.15,2.15,2.15,2.15,2.15,2.15,2.15,2.15] SKIP
    g2: 0/8 solved, rewards=[0.41,0.62,0.62,0.82,0.62,0.62,0.62,0.33] TRAIN std=0.139
    g3: 8/8 solved, rewards=[2.15,2.15,2.15,2.15,2.15,2.15,2.15,2.15] SKIP
    g4: 8/8 solved, rewards=[2.15,2.15,2.15,2.15,2.15,2.15,2.15,2.15] SKIP
    g5: 0/8 solved, rewards=[0.00,0.32,0.00,0.00,0.00,0.00,0.46,0.41] TRAIN std=0.195
    g6: 8/8 solved, rewards=[2.15,2.15,2.15,2.15,2.15,2.15,2.15,2.15] SKIP
    g7: 8/8 solved, rewards=[2.15,2.15,2.15,2.15,2.15,2.15,2.15,2.15] SKIP
  [step 23] training: 64 datums, 123417 comp tokens
  [step 23] train done: loss=-0.0195 in 24.6s
[step 23/200] solve=0.75 reward=1.70±0.79 loss=-0.0195 turns=1.8 disc=108 mast=1 skip=6/8 t=1259.2s
  [step 24 t1] fired 64 (8 API calls)
    gen: 64 results in 67.4s (avg 1643 tok/ep)
    sandbox: 232.4s | pass=38 fail=26 no_code=0 | 38/64 done
  [step 24 t2] fired 26 (26 API calls)
    gen: 26 results in 49.5s (avg 1146 tok/ep)
    sandbox: 54.0s | pass=4 fail=22 no_code=0 | 42/64 done
  [step 24 t3] fired 22 (22 API calls)
    gen: 22 results in 34.9s (avg 742 tok/ep)
    sandbox: 54.0s | pass=1 fail=21 no_code=0 | 43/64 done
  [step 24 t4] fired 21 (21 API calls)
    gen: 21 results in 29.1s (avg 512 tok/ep)
    sandbox: 54.0s | pass=1 fail=20 no_code=0 | 64/64 done
    g0: 0/8 solved, rewards=[0.19,0.14,0.30,0.16,0.30,0.30,0.30,0.30] TRAIN std=0.067
    g1: 8/8 solved, rewards=[2.15,2.15,2.15,2.15,2.10,2.15,2.15,2.15] TRAIN std=0.017
    g2: 8/8 solved, rewards=[2.10,2.15,2.15,2.15,2.15,2.15,2.15,2.05] TRAIN std=0.035
    g3: 8/8 solved, rewards=[2.15,2.15,2.15,2.15,2.15,2.15,2.15,2.15] SKIP
    g4: 4/8 solved, rewards=[0.71,2.10,2.15,0.79,0.71,2.00,0.93,2.10] TRAIN std=0.655
    g5: 0/8 solved, rewards=[0.13,0.13,0.13,0.00,0.00,0.07,0.13,0.13] TRAIN std=0.057
    g6: 8/8 solved, rewards=[2.15,2.15,2.15,2.15,2.15,2.15,2.15,2.15] SKIP
    g7: 8/8 solved, rewards=[2.15,2.15,2.15,2.15,2.15,2.15,2.15,2.15] SKIP
  [step 24] training: 109 datums, 133897 comp tokens
  [step 24] train done: loss=0.0044 in 7.4s
[step 24/200] solve=0.69 reward=1.56±0.87 loss=0.0044 turns=2.1 disc=112 mast=2 skip=3/8 t=583.5s
  [step 25 t1] fired 64 (8 API calls)
    gen: 64 results in 92.9s (avg 1449 tok/ep)
    sandbox: 100.7s | pass=41 fail=23 no_code=0 | 41/64 done
  [step 25 t2] fired 23 (23 API calls)
    gen: 23 results in 33.9s (avg 1053 tok/ep)
    sandbox: 101.7s | pass=2 fail=21 no_code=0 | 43/64 done
  [step 25 t3] fired 21 (21 API calls)
    gen: 21 results in 32.0s (avg 751 tok/ep)
    sandbox: 101.7s | pass=0 fail=21 no_code=0 | 43/64 done
  [step 25 t4] fired 21 (21 API calls)
    gen: 21 results in 28.7s (avg 591 tok/ep)
    sandbox: 101.9s | pass=0 fail=21 no_code=0 | 64/64 done
    g0: 8/8 solved, rewards=[2.15,2.15,2.15,2.15,2.15,2.15,2.15,2.15] SKIP
    g1: 8/8 solved, rewards=[2.15,2.15,2.15,2.15,2.15,2.15,2.15,2.15] SKIP
    g2: 0/8 solved, rewards=[0.00,0.00,0.40,0.40,0.00,0.80,0.00,0.53] TRAIN std=0.291
    g3: 5/8 solved, rewards=[2.15,2.15,0.67,2.15,0.60,2.15,0.60,2.15] TRAIN std=0.740
    g4: 8/8 solved, rewards=[2.15,2.15,2.15,2.15,2.15,2.15,2.15,2.15] SKIP
    g5: 0/8 solved, rewards=[0.33,0.47,0.27,0.53,0.53,0.53,0.47,0.33] TRAIN std=0.100
    g6: 8/8 solved, rewards=[2.15,2.15,2.15,2.15,2.15,2.15,2.15,2.15] SKIP
    g7: 6/8 solved, rewards=[0.18,2.15,0.09,2.15,2.15,2.15,2.10,2.10] TRAIN std=0.865
  [step 25] training: 97 datums, 109439 comp tokens
  [step 25] train done: loss=0.0168 in 16.2s
  [step 25] dumped 64 train trajectories to checkpoints/lcb_path_indep_lcbv5_s42/train_trajectories_step_0025.jsonl
[step 25/200] solve=0.67 reward=1.56±0.85 loss=0.0168 turns=2.0 disc=116 mast=3 skip=4/8 t=610.2s
  [step 26 t1] fired 64 (8 API calls)
    gen: 64 results in 111.2s (avg 1244 tok/ep)
    sandbox: 16.9s | pass=50 fail=14 no_code=0 | 50/64 done
  [step 26 t2] fired 14 (14 API calls)
    gen: 14 results in 71.8s (avg 1015 tok/ep)
    sandbox: 4.5s | pass=0 fail=14 no_code=0 | 50/64 done
  [step 26 t3] fired 14 (14 API calls)
    gen: 14 results in 29.3s (avg 828 tok/ep)
    sandbox: 3.0s | pass=0 fail=14 no_code=0 | 50/64 done
  [step 26 t4] fired 14 (14 API calls)
    gen: 14 results in 44.5s (avg 700 tok/ep)
    sandbox: 3.4s | pass=0 fail=14 no_code=0 | 64/64 done
    g0: 8/8 solved, rewards=[2.15,2.15,2.15,2.15,2.15,2.15,2.15,2.15] SKIP
    g1: 8/8 solved, rewards=[2.15,2.15,2.15,2.15,2.15,2.15,2.15,2.15] SKIP
    g2: 1/8 solved, rewards=[0.39,0.39,0.39,2.15,0.35,0.26,0.39,0.39] TRAIN std=0.591
    g3: 8/8 solved, rewards=[2.15,2.15,2.15,2.15,2.15,2.15,2.15,2.15] SKIP
    g4: 1/8 solved, rewards=[0.75,2.15,0.75,0.75,0.75,0.69,0.75,0.75] TRAIN std=0.466
    g5: 8/8 solved, rewards=[2.15,2.15,2.15,2.15,2.15,2.15,2.15,2.15] SKIP
    g6: 8/8 solved, rewards=[2.15,2.15,2.15,2.15,2.15,2.15,2.15,2.15] SKIP
    g7: 8/8 solved, rewards=[2.15,2.15,2.15,2.15,2.15,2.15,2.15,2.15] SKIP
  [step 26] training: 58 datums, 78767 comp tokens
  [step 26] train done: loss=0.0004 in 6.6s
[step 26/200] solve=0.78 reward=1.80±0.67 loss=0.0004 turns=1.7 disc=123 mast=3 skip=6/8 t=291.6s
  [step 27 t1] fired 64 (8 API calls)
    gen: 64 results in 88.6s (avg 1402 tok/ep)
    sandbox: 184.5s | pass=31 fail=33 no_code=0 | 31/64 done
  [step 27 t2] fired 33 (33 API calls)
    gen: 33 results in 45.5s (avg 1043 tok/ep)
    sandbox: 185.1s | pass=0 fail=33 no_code=0 | 31/64 done
  [step 27 t3] fired 33 (33 API calls)
    gen: 33 results in 45.4s (avg 743 tok/ep)
    sandbox: 185.2s | pass=1 fail=32 no_code=0 | 32/64 done
  [step 27 t4] fired 32 (32 API calls)
    gen: 32 results in 31.9s (avg 598 tok/ep)
    sandbox: 185.9s | pass=1 fail=31 no_code=0 | 64/64 done
    g0: 8/8 solved, rewards=[2.15,2.15,2.15,2.15,2.15,2.15,2.15,2.15] SKIP
    g1: 0/8 solved, rewards=[0.00,0.00,0.00,0.00,0.00,0.00,0.00,0.00] SKIP
    g2: 3/8 solved, rewards=[2.05,0.38,0.56,0.50,0.50,2.15,2.15,0.06] TRAIN std=0.844
    g3: 8/8 solved, rewards=[2.15,2.15,2.15,2.15,2.15,2.15,2.15,2.15] SKIP
    g4: 0/8 solved, rewards=[0.46,0.54,0.46,0.46,0.69,0.46,0.46,0.54] TRAIN std=0.076
    g5: 0/8 solved, rewards=[0.27,0.93,0.93,0.27,0.93,0.27,0.87,0.87] TRAIN std=0.311
    g6: 6/8 solved, rewards=[0.94,2.15,2.15,0.69,2.15,2.15,2.15,2.00] TRAIN std=0.574
    g7: 8/8 solved, rewards=[2.15,2.15,2.15,2.15,2.15,2.15,2.15,2.15] SKIP
  [step 27] training: 106 datums, 127022 comp tokens
  [step 27] train done: loss=-0.0054 in 26.6s
[step 27/200] solve=0.52 reward=1.31±0.89 loss=-0.0054 turns=2.5 disc=128 mast=3 skip=4/8 t=979.7s
  [step 28 t1] fired 64 (8 API calls)
    gen: 64 results in 105.5s (avg 1582 tok/ep)
    sandbox: 50.4s | pass=35 fail=29 no_code=0 | 35/64 done
  [step 28 t2] fired 29 (29 API calls)
    gen: 29 results in 45.1s (avg 1004 tok/ep)
    sandbox: 48.9s | pass=3 fail=26 no_code=0 | 38/64 done
  [step 28 t3] fired 26 (26 API calls)
    gen: 26 results in 37.0s (avg 687 tok/ep)
    sandbox: 48.9s | pass=1 fail=25 no_code=0 | 39/64 done
  [step 28 t4] fired 25 (25 API calls)
    gen: 25 results in 26.9s (avg 488 tok/ep)
    sandbox: 50.8s | pass=0 fail=25 no_code=0 | 64/64 done
    g0: 0/8 solved, rewards=[0.00,0.74,0.74,0.00,0.17,0.00,0.48,0.74] TRAIN std=0.330
    g1: 8/8 solved, rewards=[2.05,2.15,2.15,2.15,2.15,2.15,2.15,2.15] TRAIN std=0.033
    g2: 0/8 solved, rewards=[0.29,0.29,0.29,0.29,0.29,0.29,0.29,0.29] SKIP
    g3: 6/8 solved, rewards=[2.15,0.00,0.00,2.10,2.15,2.10,2.10,2.15] TRAIN std=0.920
    g4: 8/8 solved, rewards=[2.15,2.15,2.15,2.15,2.15,2.15,2.15,2.15] SKIP
    g5: 1/8 solved, rewards=[0.47,0.60,0.47,0.47,0.47,0.47,2.15,0.47] TRAIN std=0.552
    g6: 8/8 solved, rewards=[2.15,2.15,2.15,2.15,2.15,2.15,2.15,2.15] SKIP
    g7: 8/8 solved, rewards=[2.15,2.15,2.15,2.15,2.15,2.15,2.15,2.15] SKIP
  [step 28] training: 88 datums, 113180 comp tokens
  [step 28] train done: loss=0.0072 in 8.0s
[step 28/200] solve=0.61 reward=1.44±0.89 loss=0.0072 turns=2.2 disc=132 mast=3 skip=4/8 t=422.4s
  [step 29 t1] fired 64 (8 API calls)
    gen: 64 results in 126.6s (avg 2031 tok/ep)
    sandbox: 89.3s | pass=31 fail=33 no_code=0 | 31/64 done
  [step 29 t2] fired 33 (33 API calls)
    gen: 33 results in 91.1s (avg 1251 tok/ep)
    sandbox: 102.0s | pass=4 fail=29 no_code=0 | 35/64 done
  [step 29 t3] fired 29 (29 API calls)
    gen: 29 results in 40.0s (avg 731 tok/ep)
    sandbox: 102.1s | pass=1 fail=28 no_code=0 | 36/64 done
  [step 29 t4] fired 28 (28 API calls)
    gen: 28 results in 49.8s (avg 613 tok/ep)
    sandbox: 102.1s | pass=0 fail=28 no_code=0 | 64/64 done
    g0: 6/8 solved, rewards=[2.10,2.15,2.15,0.19,2.15,2.15,2.15,0.19] TRAIN std=0.847
    g1: 8/8 solved, rewards=[2.15,2.15,2.15,2.15,2.15,2.15,2.15,2.15] SKIP
    g2: 8/8 solved, rewards=[2.15,2.15,2.15,2.15,2.15,2.15,2.15,2.15] SKIP
    g3: 0/8 solved, rewards=[0.13,0.07,0.07,0.07,0.07,0.07,0.00,0.07] TRAIN std=0.033
    g4: 0/8 solved, rewards=[0.12,0.09,0.25,0.41,0.12,0.25,0.47,0.25] TRAIN std=0.126
    g5: 8/8 solved, rewards=[2.15,2.15,2.15,2.15,2.15,2.15,2.15,2.15] SKIP
    g6: 6/8 solved, rewards=[2.15,2.10,0.82,2.10,0.11,2.15,2.05,2.10] TRAIN std=0.735
    g7: 0/8 solved, rewards=[0.00,0.00,0.00,0.00,0.00,0.00,0.00,0.00] SKIP
  [step 29] training: 98 datums, 158890 comp tokens
  [step 29] train done: loss=-0.0074 in 21.2s
[step 29/200] solve=0.56 reward=1.26±1.00 loss=-0.0074 turns=2.4 disc=133 mast=4 skip=4/8 t=725.9s
  [step 30 t1] fired 64 (8 API calls)
    gen: 64 results in 117.5s (avg 1969 tok/ep)
    sandbox: 55.0s | pass=36 fail=28 no_code=0 | 36/64 done
  [step 30 t2] fired 28 (28 API calls)
    gen: 28 results in 31.2s (avg 775 tok/ep)
    sandbox: 30.1s | pass=2 fail=26 no_code=0 | 38/64 done
  [step 30 t3] fired 26 (26 API calls)
    gen: 26 results in 25.1s (avg 595 tok/ep)
    sandbox: 30.5s | pass=1 fail=25 no_code=0 | 39/64 done
  [step 30 t4] fired 25 (25 API calls)
    gen: 25 results in 24.9s (avg 496 tok/ep)
    sandbox: 21.5s | pass=0 fail=25 no_code=0 | 64/64 done
    g0: 8/8 solved, rewards=[2.10,2.15,2.15,2.15,2.15,2.15,2.15,2.15] TRAIN std=0.017
    g1: 8/8 solved, rewards=[2.15,2.15,2.10,2.15,2.15,2.15,2.15,2.15] TRAIN std=0.017
    g2: 7/8 solved, rewards=[2.15,2.05,2.15,0.96,2.15,2.15,2.15,2.15] TRAIN std=0.391
    g3: 0/8 solved, rewards=[0.04,0.74,0.48,0.09,0.04,0.00,0.04,0.74] TRAIN std=0.305
    g4: 0/8 solved, rewards=[0.35,0.35,0.35,0.35,0.35,0.35,0.35,0.35] SKIP
    g5: 0/8 solved, rewards=[0.60,0.53,0.53,0.20,0.53,0.33,0.60,0.20] TRAIN std=0.160
    g6: 8/8 solved, rewards=[2.15,2.15,2.15,2.15,2.15,2.15,2.15,2.15] SKIP
    g7: 8/8 solved, rewards=[2.15,2.15,2.15,2.15,2.15,2.15,2.15,2.15] SKIP
  [step 30] training: 95 datums, 126756 comp tokens
  [step 30] train done: loss=0.0005 in 8.2s
  [step 30] dumped 64 train trajectories to checkpoints/lcb_path_indep_lcbv5_s42/train_trajectories_step_0030.jsonl
[step 30/200] solve=0.61 reward=1.46±0.87 loss=0.0005 turns=2.2 disc=137 mast=4 skip=3/8 t=344.9s
[eval] Running on 20 problems...
[eval] step=30: 10/20 = 0.50
[eval] Trajectories saved to checkpoints/lcb_path_indep_lcbv5_s42/eval_trajectories_step_0030.jsonl
  [step 31 t1] fired 64 (8 API calls)
    gen: 64 results in 97.9s (avg 1710 tok/ep)
    sandbox: 232.4s | pass=38 fail=26 no_code=0 | 38/64 done
  [step 31 t2] fired 26 (26 API calls)
    gen: 26 results in 37.4s (avg 844 tok/ep)
    sandbox: 233.9s | pass=6 fail=20 no_code=0 | 44/64 done
  [step 31 t3] fired 20 (20 API calls)
    gen: 20 results in 31.1s (avg 740 tok/ep)
    sandbox: 234.0s | pass=3 fail=17 no_code=0 | 47/64 done
  [step 31 t4] fired 17 (17 API calls)
    gen: 17 results in 28.5s (avg 618 tok/ep)
    sandbox: 233.9s | pass=2 fail=15 no_code=0 | 64/64 done
    g0: 5/8 solved, rewards=[2.00,2.05,2.10,2.00,2.05,0.97,0.19,0.00] TRAIN std=0.841
    g1: 8/8 solved, rewards=[2.15,2.15,2.15,2.15,2.15,2.10,2.15,2.15] TRAIN std=0.017
    g2: 8/8 solved, rewards=[2.15,2.15,2.15,2.15,2.15,2.15,2.15,2.15] SKIP
    g3: 0/8 solved, rewards=[0.53,0.47,0.53,0.60,0.53,0.60,0.47,0.07] TRAIN std=0.161
    g4: 8/8 solved, rewards=[2.15,2.15,2.15,2.15,2.10,2.15,2.15,2.15] TRAIN std=0.017
    g5: 8/8 solved, rewards=[2.15,2.15,2.15,2.15,2.15,2.15,2.15,2.15] SKIP
    g6: 8/8 solved, rewards=[2.15,2.15,2.15,2.15,2.15,2.15,2.15,2.15] SKIP
    g7: 4/8 solved, rewards=[2.05,2.10,0.71,2.10,0.93,0.93,0.93,2.10] TRAIN std=0.610
  [step 31] training: 103 datums, 138193 comp tokens
  [step 31] train done: loss=-0.0010 in 72.0s
[step 31/200] solve=0.77 reward=1.76±0.68 loss=-0.0010 turns=2.0 disc=141 mast=4 skip=3/8 t=1201.9s
  [step 32 t1] fired 64 (8 API calls)
    gen: 64 results in 79.3s (avg 1331 tok/ep)
    sandbox: 179.1s | pass=29 fail=35 no_code=0 | 29/64 done
  [step 32 t2] fired 35 (35 API calls)
    gen: 35 results in 51.2s (avg 837 tok/ep)
    sandbox: 38.2s | pass=3 fail=32 no_code=0 | 32/64 done
  [step 32 t3] fired 32 (32 API calls)
    gen: 32 results in 36.6s (avg 598 tok/ep)
    sandbox: 38.5s | pass=1 fail=31 no_code=0 | 33/64 done
  [step 32 t4] fired 31 (31 API calls)
    gen: 31 results in 21.2s (avg 429 tok/ep)
    sandbox: 94.5s | pass=3 fail=28 no_code=0 | 64/64 done
    g0: 8/8 solved, rewards=[2.15,2.15,2.15,2.15,2.15,2.15,2.15,2.15] SKIP
    g1: 2/8 solved, rewards=[0.00,0.00,2.00,0.00,0.00,2.00,0.00,0.21] TRAIN std=0.853
    g2: 1/8 solved, rewards=[2.15,0.21,0.21,0.36,0.36,0.36,0.21,0.00] TRAIN std=0.640
    g3: 8/8 solved, rewards=[2.15,2.15,2.15,2.15,2.15,2.15,2.15,2.15] SKIP
    g4: 3/8 solved, rewards=[2.05,0.50,2.00,0.29,2.10,0.50,0.50,0.50] TRAIN std=0.775
    g5: 6/8 solved, rewards=[2.10,2.15,0.33,0.33,2.15,2.15,2.10,2.15] TRAIN std=0.780
    g6: 8/8 solved, rewards=[2.15,2.15,2.15,2.15,2.15,2.15,2.15,2.15] SKIP
    g7: 0/8 solved, rewards=[0.54,0.46,0.54,0.54,0.31,0.54,0.54,0.31] TRAIN std=0.098
  [step 32] training: 138 datums, 125423 comp tokens
  [step 32] train done: loss=0.0022 in 8.0s
[step 32/200] solve=0.56 reward=1.33±0.91 loss=0.0022 turns=2.5 disc=147 mast=5 skip=3/8 t=547.4s
  [step 33 t1] fired 64 (8 API calls)
    gen: 64 results in 151.3s (avg 1378 tok/ep)
    sandbox: 43.4s | pass=46 fail=18 no_code=0 | 46/64 done
  [step 33 t2] fired 18 (18 API calls)
    gen: 18 results in 34.1s (avg 864 tok/ep)
    sandbox: 41.6s | pass=7 fail=11 no_code=0 | 53/64 done
  [step 33 t3] fired 11 (11 API calls)
    gen: 11 results in 28.1s (avg 660 tok/ep)
    sandbox: 41.4s | pass=1 fail=10 no_code=0 | 54/64 done
  [step 33 t4] fired 10 (10 API calls)
    gen: 10 results in 21.4s (avg 556 tok/ep)
    sandbox: 41.5s | pass=0 fail=10 no_code=0 | 64/64 done
    g0: 8/8 solved, rewards=[2.15,2.15,2.15,2.15,2.15,2.15,2.15,2.15] SKIP
    g1: 8/8 solved, rewards=[2.15,2.15,2.15,2.15,2.10,2.10,2.15,2.15] TRAIN std=0.022
    g2: 8/8 solved, rewards=[2.15,2.15,2.15,2.15,2.15,2.15,2.15,2.15] SKIP
    g3: 8/8 solved, rewards=[2.15,2.15,2.15,2.15,2.15,2.15,2.10,2.15] TRAIN std=0.017
    g4: 7/8 solved, rewards=[2.05,2.10,2.15,2.15,2.10,0.50,2.10,2.10] TRAIN std=0.532
    g5: 8/8 solved, rewards=[2.15,2.15,2.15,2.15,2.15,2.15,2.15,2.15] SKIP
    g6: 0/8 solved, rewards=[0.27,0.13,0.33,0.27,0.33,0.33,0.33,0.20] TRAIN std=0.070
    g7: 7/8 solved, rewards=[2.15,0.00,2.15,2.15,2.15,2.15,2.15,2.15] TRAIN std=0.711
  [step 33] training: 79 datums, 98993 comp tokens
  [step 33] train done: loss=-0.0856 in 7.1s
[step 33/200] solve=0.84 reward=1.85±0.68 loss=-0.0856 turns=1.6 disc=153 mast=6 skip=3/8 t=410.3s
  [step 34 t1] fired 64 (8 API calls)
    gen: 64 results in 118.0s (avg 2410 tok/ep)
    sandbox: 106.1s | pass=23 fail=41 no_code=0 | 23/64 done
  [step 34 t2] fired 41 (41 API calls)
    gen: 41 results in 88.3s (avg 1230 tok/ep)
    sandbox: 101.8s | pass=1 fail=40 no_code=0 | 24/64 done
  [step 34 t3] fired 40 (40 API calls)
    gen: 40 results in 42.3s (avg 796 tok/ep)
    sandbox: 104.0s | pass=0 fail=40 no_code=0 | 24/64 done
  [step 34 t4] fired 40 (40 API calls)
    gen: 40 results in 52.2s (avg 743 tok/ep)
    sandbox: 104.8s | pass=0 fail=40 no_code=0 | 64/64 done
    g0: 0/8 solved, rewards=[0.71,0.71,0.64,0.71,0.71,0.71,0.71,0.64] TRAIN std=0.031
    g1: 8/8 solved, rewards=[2.15,2.15,2.10,2.15,2.15,2.15,2.15,2.15] TRAIN std=0.017
    g2: 0/8 solved, rewards=[0.00,0.00,0.11,0.11,0.00,0.11,0.00,0.07] TRAIN std=0.050
    g3: 0/8 solved, rewards=[0.31,0.62,0.31,0.56,0.75,0.56,0.56,0.44] TRAIN std=0.142
    g4: 0/8 solved, rewards=[0.35,0.35,0.35,0.35,0.35,0.35,0.35,0.35] SKIP
    g5: 0/8 solved, rewards=[0.97,0.97,0.94,0.94,0.94,0.94,0.94,0.94] TRAIN std=0.014
    g6: 8/8 solved, rewards=[2.15,2.15,2.15,2.15,2.15,2.15,2.15,2.15] SKIP
    g7: 8/8 solved, rewards=[2.15,2.15,2.15,2.15,2.15,2.15,2.15,2.15] SKIP
  [step 34] training: 137 datums, 203349 comp tokens
  [step 34] train done: loss=-0.0019 in 11.1s
[step 34/200] solve=0.38 reward=1.12±0.83 loss=-0.0019 turns=2.9 disc=155 mast=6 skip=3/8 t=730.0s
  [step 35 t1] fired 64 (8 API calls)
    gen: 64 results in 109.3s (avg 1348 tok/ep)
    sandbox: 16.6s | pass=43 fail=21 no_code=0 | 43/64 done
  [step 35 t2] fired 21 (21 API calls)
    gen: 21 results in 43.6s (avg 1208 tok/ep)
    sandbox: 11.5s | pass=1 fail=20 no_code=0 | 44/64 done
  [step 35 t3] fired 20 (20 API calls)
    gen: 20 results in 49.7s (avg 744 tok/ep)
    sandbox: 32.5s | pass=1 fail=19 no_code=0 | 45/64 done
  [step 35 t4] fired 19 (19 API calls)
    gen: 19 results in 16.1s (avg 450 tok/ep)
    sandbox: 10.6s | pass=0 fail=19 no_code=0 | 64/64 done
    g0: 4/8 solved, rewards=[0.29,2.15,0.29,2.05,0.43,2.15,0.29,2.15] TRAIN std=0.903
    g1: 8/8 solved, rewards=[2.15,2.15,2.15,2.15,2.15,2.15,2.15,2.15] SKIP
    g2: 1/8 solved, rewards=[0.56,0.44,2.10,0.56,0.56,0.56,0.56,0.69] TRAIN std=0.512
    g3: 8/8 solved, rewards=[2.15,2.15,2.15,2.15,2.15,2.15,2.15,2.15] SKIP
    g4: 0/8 solved, rewards=[0.14,0.14,0.14,0.14,0.14,0.00,0.14,0.14] TRAIN std=0.047
    g5: 8/8 solved, rewards=[2.15,2.15,2.15,2.15,2.15,2.15,2.15,2.15] SKIP
    g6: 8/8 solved, rewards=[2.15,2.15,2.15,2.15,2.15,2.15,2.15,2.15] SKIP
    g7: 8/8 solved, rewards=[2.15,2.15,2.15,2.15,2.15,2.15,2.15,2.15] SKIP
  [step 35] training: 84 datums, 108909 comp tokens
  [step 35] train done: loss=-0.0059 in 7.3s
  [step 35] dumped 64 train trajectories to checkpoints/lcb_path_indep_lcbv5_s42/train_trajectories_step_0035.jsonl
[step 35/200] solve=0.70 reward=1.61±0.84 loss=-0.0059 turns=1.9 disc=158 mast=6 skip=5/8 t=298.1s
  [step 36 t1] fired 64 (8 API calls)
    gen: 64 results in 70.9s (avg 1400 tok/ep)
    sandbox: 238.8s | pass=25 fail=39 no_code=0 | 25/64 done
  [step 36 t2] fired 39 (39 API calls)
    gen: 39 results in 45.3s (avg 1134 tok/ep)
    sandbox: 236.1s | pass=2 fail=37 no_code=0 | 27/64 done
  [step 36 t3] fired 37 (37 API calls)
    gen: 37 results in 45.1s (avg 859 tok/ep)
    sandbox: 236.9s | pass=1 fail=36 no_code=0 | 28/64 done
  [step 36 t4] fired 36 (36 API calls)
    gen: 36 results in 44.5s (avg 674 tok/ep)
    sandbox: 235.3s | pass=0 fail=36 no_code=0 | 64/64 done
    g0: 1/8 solved, rewards=[2.15,0.33,0.33,0.07,0.53,0.93,0.53,0.33] TRAIN std=0.612
    g1: 3/8 solved, rewards=[2.15,0.43,2.05,0.00,0.36,0.00,0.36,2.15] TRAIN std=0.927
    g2: 8/8 solved, rewards=[2.15,2.15,2.15,2.15,2.15,2.15,2.15,2.15] SKIP
    g3: 8/8 solved, rewards=[2.15,2.15,2.15,2.15,2.15,2.15,2.15,2.15] SKIP
    g4: 0/8 solved, rewards=[0.00,0.00,0.00,0.00,0.00,0.00,0.00,0.00] SKIP
    g5: 0/8 solved, rewards=[0.00,0.00,0.00,0.00,0.00,0.00,0.00,0.00] SKIP
    g6: 0/8 solved, rewards=[0.93,0.93,0.53,0.60,0.87,0.93,0.80,0.40] TRAIN std=0.196
    g7: 8/8 solved, rewards=[2.15,2.15,2.10,2.10,2.15,2.15,2.15,2.15] TRAIN std=0.022
  [step 36] training: 96 datums, 130827 comp tokens
  [step 36] train done: loss=-0.0003 in 8.7s
[step 36/200] solve=0.44 reward=1.10±0.96 loss=-0.0003 turns=2.8 disc=163 mast=6 skip=4/8 t=1163.0s
  [step 37 t1] fired 64 (8 API calls)
    gen: 64 results in 81.7s (avg 1525 tok/ep)
    sandbox: 237.3s | pass=34 fail=30 no_code=0 | 34/64 done
  [step 37 t2] fired 30 (30 API calls)
    gen: 30 results in 78.7s (avg 1560 tok/ep)
    sandbox: 233.0s | pass=4 fail=26 no_code=0 | 38/64 done
  [step 37 t3] fired 26 (26 API calls)
    gen: 26 results in 36.4s (avg 860 tok/ep)
    sandbox: 233.7s | pass=0 fail=26 no_code=0 | 38/64 done
  [step 37 t4] fired 26 (26 API calls)
    gen: 26 results in 41.5s (avg 855 tok/ep)
    sandbox: 232.8s | pass=0 fail=26 no_code=0 | 64/64 done
    g0: 6/8 solved, rewards=[2.15,0.93,2.15,2.15,2.15,2.15,0.64,2.15] TRAIN std=0.595
    g1: 1/8 solved, rewards=[2.15,0.40,0.40,0.40,0.53,0.40,0.40,0.40] TRAIN std=0.574
    g2: 8/8 solved, rewards=[2.15,2.15,2.15,2.15,2.15,2.15,2.15,2.15] SKIP
    g3: 8/8 solved, rewards=[2.15,2.15,2.15,2.15,2.15,2.15,2.15,2.15] SKIP
    g4: 8/8 solved, rewards=[2.15,2.10,2.15,2.15,2.15,2.15,2.10,2.15] TRAIN std=0.022
    g5: 2/8 solved, rewards=[0.73,0.73,0.73,0.80,0.80,0.73,2.10,2.10] TRAIN std=0.583
    g6: 5/8 solved, rewards=[2.15,0.00,2.15,2.15,2.15,0.22,2.15,0.97] TRAIN std=0.887
    g7: 0/8 solved, rewards=[0.07,0.11,0.11,0.11,0.11,0.00,0.00,0.04] TRAIN std=0.045
  [step 37] training: 130 datums, 174646 comp tokens
  [step 37] train done: loss=0.0024 in 15.2s
[step 37/200] solve=0.59 reward=1.44±0.87 loss=0.0024 turns=2.3 disc=168 mast=6 skip=2/8 t=1191.4s
  [step 38 t1] fired 64 (8 API calls)
    gen: 64 results in 130.9s (avg 1971 tok/ep)
    sandbox: 102.1s | pass=33 fail=31 no_code=0 | 33/64 done
  [step 38 t2] fired 31 (31 API calls)
    gen: 31 results in 51.4s (avg 1023 tok/ep)
    sandbox: 101.6s | pass=2 fail=29 no_code=0 | 35/64 done
  [step 38 t3] fired 29 (29 API calls)
    gen: 29 results in 32.3s (avg 682 tok/ep)
    sandbox: 101.6s | pass=1 fail=28 no_code=0 | 36/64 done
  [step 38 t4] fired 28 (28 API calls)
    gen: 28 results in 31.5s (avg 602 tok/ep)
    sandbox: 101.3s | pass=0 fail=28 no_code=0 | 64/64 done
    g0: 0/8 solved, rewards=[0.20,0.27,0.00,0.20,0.20,0.00,0.13,0.13] TRAIN std=0.091
    g1: 2/8 solved, rewards=[0.50,0.50,0.50,2.05,0.36,2.10,0.36,0.50] TRAIN std=0.705
    g2: 1/8 solved, rewards=[0.33,0.33,0.33,0.33,0.33,0.00,2.10,0.00] TRAIN std=0.632
    g3: 8/8 solved, rewards=[2.15,2.15,2.15,2.15,2.15,2.15,2.15,2.15] SKIP
    g4: 8/8 solved, rewards=[2.15,2.15,2.15,2.15,2.15,2.15,2.15,2.15] SKIP
    g5: 8/8 solved, rewards=[2.15,2.15,2.15,2.15,2.15,2.15,2.15,2.15] SKIP
    g6: 8/8 solved, rewards=[2.15,2.15,2.15,2.15,2.15,2.15,2.15,2.15] SKIP
    g7: 1/8 solved, rewards=[0.67,0.73,2.15,0.73,0.73,0.27,0.73,0.67] TRAIN std=0.518
  [step 38] training: 120 datums, 164331 comp tokens
  [step 38] train done: loss=-0.0027 in 10.3s
[step 38/200] solve=0.56 reward=1.36±0.90 loss=-0.0027 turns=2.4 disc=173 mast=7 skip=4/8 t=664.3s
  [step 39 t1] fired 64 (8 API calls)
    gen: 64 results in 119.8s (avg 1616 tok/ep)
    sandbox: 61.0s | pass=28 fail=36 no_code=0 | 28/64 done
  [step 39 t2] fired 36 (36 API calls)
    gen: 36 results in 38.2s (avg 832 tok/ep)
    sandbox: 58.1s | pass=3 fail=33 no_code=0 | 31/64 done
  [step 39 t3] fired 33 (33 API calls)
    gen: 33 results in 34.6s (avg 629 tok/ep)
    sandbox: 57.2s | pass=0 fail=33 no_code=0 | 31/64 done
  [step 39 t4] fired 33 (33 API calls)
    gen: 33 results in 25.3s (avg 532 tok/ep)
    sandbox: 61.6s | pass=2 fail=31 no_code=0 | 64/64 done
    g0: 0/8 solved, rewards=[0.00,0.00,0.00,0.00,0.00,0.13,0.00,0.00] TRAIN std=0.044
    g1: 8/8 solved, rewards=[2.15,2.15,2.15,2.15,2.15,2.15,2.15,2.15] SKIP
    g2: 3/8 solved, rewards=[0.27,0.67,2.15,2.10,0.93,0.27,2.15,0.27] TRAIN std=0.829
    g3: 5/8 solved, rewards=[0.56,2.00,0.56,2.10,2.10,2.15,2.00,0.56] TRAIN std=0.731
    g4: 1/8 solved, rewards=[0.80,0.80,2.15,0.80,0.73,0.80,0.80,0.80] TRAIN std=0.450
    g5: 8/8 solved, rewards=[2.15,2.15,2.15,2.15,2.15,2.15,2.15,2.15] SKIP
    g6: 8/8 solved, rewards=[2.15,2.15,2.15,2.15,2.15,2.15,2.15,2.15] SKIP
    g7: 0/8 solved, rewards=[0.50,0.50,0.50,0.50,0.50,0.50,0.50,0.50] SKIP
  [step 39] training: 110 datums, 130152 comp tokens
  [step 39] train done: loss=-0.0009 in 9.1s
[step 39/200] solve=0.52 reward=1.32±0.87 loss=-0.0009 turns=2.6 disc=177 mast=7 skip=4/8 t=466.4s
  [step 40 t1] fired 64 (8 API calls)
    gen: 64 results in 65.5s (avg 908 tok/ep)
    sandbox: 37.4s | pass=40 fail=24 no_code=0 | 40/64 done
  [step 40 t2] fired 24 (24 API calls)
    gen: 24 results in 53.8s (avg 1006 tok/ep)
    sandbox: 37.6s | pass=7 fail=17 no_code=0 | 47/64 done
  [step 40 t3] fired 17 (17 API calls)
    gen: 17 results in 29.4s (avg 677 tok/ep)
    sandbox: 37.4s | pass=2 fail=15 no_code=0 | 49/64 done
  [step 40 t4] fired 15 (15 API calls)
    gen: 15 results in 24.5s (avg 581 tok/ep)
    sandbox: 37.6s | pass=0 fail=15 no_code=0 | 64/64 done
    g0: 3/8 solved, rewards=[0.36,0.50,2.05,2.10,2.10,0.50,0.36,0.36] TRAIN std=0.810
    g1: 8/8 solved, rewards=[2.15,2.15,2.15,2.15,2.15,2.15,2.15,2.15] SKIP
    g2: 8/8 solved, rewards=[2.15,2.15,2.15,2.15,2.15,2.15,2.15,2.10] TRAIN std=0.017
    g3: 8/8 solved, rewards=[2.15,2.15,2.15,2.15,2.15,2.15,2.15,2.15] SKIP
    g4: 7/8 solved, rewards=[0.50,2.10,2.10,2.10,2.15,2.15,2.10,2.15] TRAIN std=0.537
    g5: 7/8 solved, rewards=[2.15,2.15,2.05,2.15,2.15,0.57,2.15,2.15] TRAIN std=0.518
    g6: 0/8 solved, rewards=[0.93,0.93,0.93,0.93,0.93,0.93,0.93,0.93] SKIP
    g7: 8/8 solved, rewards=[2.15,2.15,2.15,2.15,2.15,2.15,2.15,2.15] SKIP
  [step 40] training: 64 datums, 62604 comp tokens
  [step 40] train done: loss=-0.0000 in 5.6s
  [step 40] dumped 64 train trajectories to checkpoints/lcb_path_indep_lcbv5_s42/train_trajectories_step_0040.jsonl
[step 40/200] solve=0.77 reward=1.80±0.62 loss=-0.0000 turns=1.9 disc=179 mast=10 skip=4/8 t=329.4s
[lcb] Checkpoint: tinker://0e361783-717c-52c2-86f8-6d2a5e5b4f0c:train:0/weights/step_0040
[eval] Running on 20 problems...
[eval] step=40: 9/20 = 0.45
[eval] Trajectories saved to checkpoints/lcb_path_indep_lcbv5_s42/eval_trajectories_step_0040.jsonl
  [step 41 t1] fired 64 (8 API calls)
    gen: 64 results in 128.3s (avg 1720 tok/ep)
    sandbox: 18.8s | pass=39 fail=25 no_code=0 | 39/64 done
  [step 41 t2] fired 25 (25 API calls)
    gen: 25 results in 62.2s (avg 1406 tok/ep)
    sandbox: 33.4s | pass=1 fail=24 no_code=0 | 40/64 done
  [step 41 t3] fired 24 (24 API calls)
    gen: 24 results in 55.7s (avg 1071 tok/ep)
    sandbox: 28.5s | pass=0 fail=24 no_code=0 | 40/64 done
  [step 41 t4] fired 24 (24 API calls)
    gen: 24 results in 40.1s (avg 712 tok/ep)
    sandbox: 17.2s | pass=0 fail=24 no_code=0 | 64/64 done
    g0: 8/8 solved, rewards=[2.15,2.10,2.15,2.15,2.15,2.15,2.15,2.15] TRAIN std=0.017
    g1: 0/8 solved, rewards=[0.40,0.40,0.40,0.27,0.40,0.00,0.40,0.40] TRAIN std=0.133
    g2: 8/8 solved, rewards=[2.15,2.15,2.15,2.15,2.15,2.15,2.15,2.15] SKIP
    g3: 5/8 solved, rewards=[2.15,0.64,2.15,0.64,0.64,2.15,2.15,2.15] TRAIN std=0.730
    g4: 0/8 solved, rewards=[0.20,0.20,0.20,0.20,0.20,0.20,0.20,0.20] SKIP
    g5: 8/8 solved, rewards=[2.15,2.15,2.15,2.15,2.15,2.15,2.15,2.15] SKIP
    g6: 8/8 solved, rewards=[2.15,2.15,2.15,2.15,2.15,2.15,2.15,2.15] SKIP
    g7: 3/8 solved, rewards=[0.36,0.36,0.36,2.15,0.36,0.36,2.15,2.15] TRAIN std=0.868
  [step 41] training: 81 datums, 114513 comp tokens
  [step 41] train done: loss=-0.0123 in 27.5s
[step 41/200] solve=0.62 reward=1.47±0.88 loss=-0.0123 turns=2.1 disc=182 mast=10 skip=4/8 t=412.7s
  [step 42 t1] fired 64 (8 API calls)
    gen: 64 results in 123.6s (avg 1726 tok/ep)
    sandbox: 98.5s | pass=32 fail=32 no_code=0 | 32/64 done
  [step 42 t2] fired 32 (32 API calls)
    gen: 32 results in 80.1s (avg 930 tok/ep)
    sandbox: 178.3s | pass=4 fail=28 no_code=0 | 36/64 done
  [step 42 t3] fired 28 (28 API calls)
    gen: 28 results in 61.1s (avg 789 tok/ep)
    sandbox: 178.3s | pass=2 fail=26 no_code=0 | 38/64 done
  [step 42 t4] fired 26 (26 API calls)
    gen: 26 results in 32.8s (avg 576 tok/ep)
    sandbox: 178.2s | pass=1 fail=25 no_code=0 | 64/64 done
    g0: 4/8 solved, rewards=[0.87,0.47,2.15,0.40,2.15,0.47,2.10,2.15] TRAIN std=0.805
    g1: 3/8 solved, rewards=[2.05,0.00,2.15,0.00,0.00,2.15,0.00,0.00] TRAIN std=1.025
    g2: 0/8 solved, rewards=[0.00,0.00,0.00,0.00,0.00,0.00,0.00,0.17] TRAIN std=0.058
    g3: 7/8 solved, rewards=[2.10,2.15,2.10,2.05,2.15,2.15,2.00,0.33] TRAIN std=0.586
    g4: 8/8 solved, rewards=[2.15,2.15,2.15,2.15,2.15,2.15,2.15,2.15] SKIP
    g5: 8/8 solved, rewards=[2.15,2.15,2.15,2.15,2.15,2.15,2.15,2.15] SKIP
    g6: 1/8 solved, rewards=[0.43,0.43,0.43,2.10,0.43,0.00,0.00,0.43] TRAIN std=0.620
    g7: 8/8 solved, rewards=[2.15,2.15,2.15,2.15,2.15,2.15,2.15,2.15] SKIP
  [step 42] training: 126 datums, 152917 comp tokens
  [step 42] train done: loss=0.0033 in 33.4s
[step 42/200] solve=0.61 reward=1.38±0.96 loss=0.0033 turns=2.3 disc=186 mast=10 skip=3/8 t=965.1s
  [step 43 t1] fired 64 (8 API calls)
    gen: 64 results in 99.7s (avg 1335 tok/ep)
    sandbox: 21.6s | pass=50 fail=14 no_code=0 | 50/64 done
  [step 43 t2] fired 14 (14 API calls)
    gen: 14 results in 64.2s (avg 1330 tok/ep)
    sandbox: 36.8s | pass=1 fail=13 no_code=0 | 51/64 done
  [step 43 t3] fired 13 (13 API calls)
    gen: 13 results in 35.1s (avg 761 tok/ep)
    sandbox: 39.5s | pass=0 fail=13 no_code=0 | 51/64 done
  [step 43 t4] fired 13 (13 API calls)
    gen: 13 results in 23.7s (avg 668 tok/ep)
    sandbox: 33.0s | pass=0 fail=13 no_code=0 | 64/64 done
    g0: 8/8 solved, rewards=[2.15,2.15,2.15,2.15,2.15,2.15,2.15,2.15] SKIP
    g1: 8/8 solved, rewards=[2.15,2.15,2.15,2.15,2.15,2.15,2.15,2.15] SKIP
    g2: 8/8 solved, rewards=[2.15,2.15,2.15,2.15,2.15,2.15,2.15,2.15] SKIP
    g3: 1/8 solved, rewards=[0.04,0.39,2.15,0.00,0.11,0.00,0.00,0.11] TRAIN std=0.692
    g4: 8/8 solved, rewards=[2.15,2.15,2.15,2.15,2.15,2.15,2.15,2.15] SKIP
    g5: 8/8 solved, rewards=[2.15,2.15,2.15,2.15,2.15,2.15,2.15,2.15] SKIP
    g6: 2/8 solved, rewards=[0.27,2.15,0.27,0.33,0.33,2.10,0.33,0.27] TRAIN std=0.791
    g7: 8/8 solved, rewards=[2.15,2.15,2.15,2.15,2.15,2.15,2.15,2.15] SKIP
  [step 43] training: 56 datums, 74935 comp tokens
  [step 43] train done: loss=-0.0001 in 22.9s
[step 43/200] solve=0.80 reward=1.75±0.79 loss=-0.0001 turns=1.6 disc=190 mast=11 skip=6/8 t=377.0s
  [step 44 t1] fired 64 (8 API calls)
    gen: 64 results in 104.3s (avg 1673 tok/ep)
    sandbox: 42.2s | pass=27 fail=37 no_code=0 | 27/64 done
  [step 44 t2] fired 37 (37 API calls)
    gen: 37 results in 67.1s (avg 924 tok/ep)
    sandbox: 33.4s | pass=1 fail=36 no_code=0 | 28/64 done
  [step 44 t3] fired 36 (36 API calls)
    gen: 36 results in 41.0s (avg 598 tok/ep)
    sandbox: 33.0s | pass=0 fail=36 no_code=0 | 28/64 done
  [step 44 t4] fired 36 (36 API calls)
    gen: 36 results in 26.9s (avg 454 tok/ep)
    sandbox: 34.3s | pass=0 fail=36 no_code=0 | 64/64 done
    g0: 3/8 solved, rewards=[0.67,0.00,2.15,0.67,2.15,0.73,2.15,0.20] TRAIN std=0.854
    g1: 0/8 solved, rewards=[0.54,0.54,0.46,0.31,0.54,0.69,0.46,0.54] TRAIN std=0.101
    g2: 8/8 solved, rewards=[2.15,2.15,2.15,2.15,2.15,2.15,2.15,2.15] SKIP
    g3: 8/8 solved, rewards=[2.15,2.10,2.15,2.15,2.15,2.15,2.15,2.15] TRAIN std=0.017
    g4: 1/8 solved, rewards=[0.27,0.73,2.15,0.33,0.60,0.73,0.73,0.73] TRAIN std=0.546
    g5: 8/8 solved, rewards=[2.15,2.15,2.15,2.15,2.15,2.15,2.15,2.15] SKIP
    g6: 0/8 solved, rewards=[0.19,0.19,0.19,0.19,0.19,0.19,0.19,0.19] SKIP
    g7: 0/8 solved, rewards=[0.07,0.50,0.43,0.14,0.43,0.57,0.79,0.50] TRAIN std=0.214
  [step 44] training: 125 datums, 129684 comp tokens
  [step 44] train done: loss=-0.0005 in 16.8s
[step 44/200] solve=0.44 reward=1.18±0.87 loss=-0.0005 turns=2.7 disc=194 mast=11 skip=3/8 t=399.9s
  [step 45 t1] fired 64 (8 API calls)
    gen: 64 results in 136.0s (avg 1509 tok/ep)
    sandbox: 238.7s | pass=43 fail=20 no_code=1 | 43/64 done
  [step 45 t2] fired 21 (21 API calls)
    gen: 21 results in 46.9s (avg 917 tok/ep)
    sandbox: 241.7s | pass=3 fail=18 no_code=0 | 46/64 done
  [step 45 t3] fired 18 (18 API calls)
    gen: 18 results in 23.9s (avg 631 tok/ep)
    sandbox: 127.5s | pass=1 fail=17 no_code=0 | 47/64 done
  [step 45 t4] fired 17 (17 API calls)
    gen: 17 results in 28.9s (avg 697 tok/ep)
    sandbox: 242.2s | pass=0 fail=17 no_code=0 | 64/64 done
    g0: 8/8 solved, rewards=[2.15,2.15,2.15,2.15,2.15,2.15,2.15,2.15] SKIP
    g1: 8/8 solved, rewards=[2.15,2.05,2.15,2.15,2.15,2.15,2.15,2.15] TRAIN std=0.033
    g2: 7/8 solved, rewards=[2.15,2.15,2.10,0.00,2.15,2.10,2.15,2.10] TRAIN std=0.704
    g3: 8/8 solved, rewards=[2.15,2.15,2.15,2.15,2.15,2.15,2.15,2.15] SKIP
    g4: 8/8 solved, rewards=[2.15,2.15,2.15,2.15,2.15,2.15,2.15,2.15] SKIP
    g5: 0/8 solved, rewards=[0.00,0.00,0.07,0.00,0.00,0.00,-0.10,0.00] TRAIN std=0.042
    g6: 0/8 solved, rewards=[0.40,0.40,0.33,0.40,0.40,0.40,0.40,0.40] TRAIN std=0.022
    g7: 8/8 solved, rewards=[2.15,2.15,2.15,2.15,2.15,2.15,2.15,2.15] SKIP
  [step 45] training: 88 datums, 116618 comp tokens
  [step 45] train done: loss=-0.0001 in 44.4s
  [step 45] dumped 64 train trajectories to checkpoints/lcb_path_indep_lcbv5_s42/train_trajectories_step_0045.jsonl
[step 45/200] solve=0.73 reward=1.62±0.87 loss=-0.0001 turns=1.9 disc=197 mast=12 skip=4/8 t=1131.1s
  [step 46 t1] fired 64 (8 API calls)
    gen: 64 results in 91.9s (avg 1421 tok/ep)
    sandbox: 89.1s | pass=27 fail=37 no_code=0 | 27/64 done
  [step 46 t2] fired 37 (37 API calls)
    gen: 37 results in 33.5s (avg 762 tok/ep)
    sandbox: 282.7s | pass=9 fail=28 no_code=0 | 36/64 done
  [step 46 t3] fired 28 (28 API calls)
    gen: 28 results in 35.2s (avg 695 tok/ep)
    sandbox: 47.5s | pass=0 fail=28 no_code=0 | 36/64 done
  [step 46 t4] fired 28 (28 API calls)
    gen: 28 results in 44.3s (avg 619 tok/ep)
    sandbox: 46.5s | pass=2 fail=26 no_code=0 | 64/64 done
    g0: 2/8 solved, rewards=[2.15,2.00,0.53,0.87,0.53,0.53,0.53,0.53] TRAIN std=0.654
    g1: 7/8 solved, rewards=[2.15,2.10,0.89,2.15,2.15,2.15,2.15,2.10] TRAIN std=0.412
    g2: 0/8 solved, rewards=[0.21,0.50,0.43,0.43,0.43,0.21,0.43,0.43] TRAIN std=0.101
    g3: 5/8 solved, rewards=[0.75,2.00,2.15,0.93,0.89,2.15,2.15,2.15] TRAIN std=0.615
    g4: 0/8 solved, rewards=[0.03,0.23,0.03,0.13,0.29,0.23,0.03,0.03] TRAIN std=0.101
    g5: 8/8 solved, rewards=[2.15,2.15,2.15,2.15,2.15,2.15,2.15,2.15] SKIP
    g6: 8/8 solved, rewards=[2.15,2.10,2.10,2.10,2.10,2.10,2.10,2.10] TRAIN std=0.017
    g7: 8/8 solved, rewards=[2.15,2.15,2.15,2.15,2.15,2.15,2.15,2.15] SKIP
  [step 46] training: 141 datums, 139202 comp tokens
  [step 46] train done: loss=0.0100 in 35.7s
[step 46/200] solve=0.59 reward=1.44±0.86 loss=0.0100 turns=2.5 disc=200 mast=13 skip=2/8 t=707.7s
  [step 47 t1] fired 64 (8 API calls)
    gen: 64 results in 71.4s (avg 1485 tok/ep)
    sandbox: 173.2s | pass=41 fail=23 no_code=0 | 41/64 done
  [step 47 t2] fired 23 (23 API calls)
    gen: 23 results in 57.6s (avg 1008 tok/ep)
    sandbox: 29.1s | pass=3 fail=20 no_code=0 | 44/64 done
  [step 47 t3] fired 20 (20 API calls)
    gen: 20 results in 36.5s (avg 892 tok/ep)
    sandbox: 13.2s | pass=0 fail=20 no_code=0 | 44/64 done
  [step 47 t4] fired 20 (20 API calls)
    gen: 20 results in 31.1s (avg 782 tok/ep)
    sandbox: 22.5s | pass=0 fail=20 no_code=0 | 64/64 done
    g0: 6/8 solved, rewards=[2.15,2.15,2.15,2.15,2.10,0.00,0.67,2.10] TRAIN std=0.797
    g1: 7/8 solved, rewards=[0.43,2.15,2.15,2.15,2.15,2.15,2.15,2.15] TRAIN std=0.569
    g2: 7/8 solved, rewards=[2.15,2.15,0.00,2.15,2.15,2.15,2.10,2.15] TRAIN std=0.709
    g3: 8/8 solved, rewards=[2.15,2.15,2.15,2.15,2.15,2.15,2.15,2.15] SKIP
    g4: 0/8 solved, rewards=[0.93,0.47,0.60,0.53,0.93,0.93,0.40,0.33] TRAIN std=0.238
    g5: 8/8 solved, rewards=[2.15,2.15,2.15,2.15,2.15,2.15,2.15,2.15] SKIP
    g6: 8/8 solved, rewards=[2.15,2.15,2.15,2.15,2.15,2.15,2.15,2.15] SKIP
    g7: 0/8 solved, rewards=[0.00,0.00,0.00,0.00,0.00,0.00,0.00,0.00] SKIP
  [step 47] training: 71 datums, 109756 comp tokens
  [step 47] train done: loss=-0.0002 in 9.3s
[step 47/200] solve=0.69 reward=1.57±0.87 loss=-0.0002 turns=2.0 disc=204 mast=13 skip=4/8 t=444.7s
  [step 48 t1] fired 64 (8 API calls)
    gen: 64 results in 174.3s (avg 1850 tok/ep)
    sandbox: 235.4s | pass=34 fail=30 no_code=0 | 34/64 done
  [step 48 t2] fired 30 (30 API calls)
    gen: 30 results in 65.8s (avg 1087 tok/ep)
    sandbox: 234.6s | pass=4 fail=26 no_code=0 | 38/64 done
  [step 48 t3] fired 26 (26 API calls)
    gen: 26 results in 58.3s (avg 711 tok/ep)
    sandbox: 233.6s | pass=1 fail=25 no_code=0 | 39/64 done
  [step 48 t4] fired 25 (25 API calls)
    gen: 25 results in 40.5s (avg 714 tok/ep)
    sandbox: 233.4s | pass=0 fail=25 no_code=0 | 64/64 done
    g0: 5/8 solved, rewards=[2.10,0.80,2.10,2.05,2.10,0.80,2.15,0.80] TRAIN std=0.630
    g1: 8/8 solved, rewards=[2.15,2.15,2.15,2.15,2.15,2.15,2.15,2.15] SKIP
    g2: 0/8 solved, rewards=[0.00,0.12,0.00,0.00,0.00,0.00,0.00,0.00] TRAIN std=0.041
    g3: 8/8 solved, rewards=[2.15,2.15,2.15,2.15,2.15,2.15,2.15,2.15] SKIP
    g4: 8/8 solved, rewards=[2.15,2.15,2.15,2.15,2.15,2.15,2.15,2.15] SKIP
    g5: 2/8 solved, rewards=[0.73,2.15,0.00,0.00,2.10,0.00,0.00,0.00] TRAIN std=0.899
    g6: 8/8 solved, rewards=[2.15,2.15,2.15,2.15,2.15,2.15,2.15,2.15] SKIP
    g7: 0/8 solved, rewards=[0.47,0.33,0.33,0.33,0.47,0.27,0.27,0.47] TRAIN std=0.082
  [step 48] training: 113 datums, 163668 comp tokens
  [step 48] train done: loss=-0.0016 in 42.8s
[step 48/200] solve=0.61 reward=1.40±0.94 loss=-0.0016 turns=2.3 disc=205 mast=14 skip=4/8 t=1319.5s
  [step 49 t1] fired 64 (8 API calls)
    gen: 64 results in 149.8s (avg 1696 tok/ep)
    sandbox: 189.5s | pass=42 fail=22 no_code=0 | 42/64 done
  [step 49 t2] fired 22 (22 API calls)
    gen: 22 results in 90.1s (avg 871 tok/ep)
    sandbox: 179.9s | pass=5 fail=17 no_code=0 | 47/64 done
  [step 49 t3] fired 17 (17 API calls)
    gen: 17 results in 35.8s (avg 694 tok/ep)
    sandbox: 179.2s | pass=1 fail=16 no_code=0 | 48/64 done
  [step 49 t4] fired 16 (16 API calls)
    gen: 16 results in 33.4s (avg 475 tok/ep)
    sandbox: 178.6s | pass=0 fail=16 no_code=0 | 64/64 done
    g0: 8/8 solved, rewards=[2.15,2.15,2.15,2.15,2.15,2.15,2.15,2.15] SKIP
    g1: 8/8 solved, rewards=[2.15,2.15,2.15,2.15,2.10,2.15,2.15,2.15] TRAIN std=0.017
    g2: 4/8 solved, rewards=[2.15,0.09,0.39,2.10,2.10,2.15,0.09,0.43] TRAIN std=0.945
    g3: 8/8 solved, rewards=[2.15,2.15,2.15,2.15,2.15,2.15,2.15,2.15] SKIP
    g4: 6/8 solved, rewards=[2.15,2.15,2.15,2.15,2.15,0.86,2.15,0.71] TRAIN std=0.592
    g5: 6/8 solved, rewards=[2.10,2.15,0.87,0.87,2.05,2.15,2.15,2.10] TRAIN std=0.542
    g6: 0/8 solved, rewards=[0.00,0.00,0.00,0.00,0.00,0.00,0.00,0.00] SKIP
    g7: 8/8 solved, rewards=[2.15,2.15,2.15,2.15,2.15,2.15,2.15,2.15] SKIP
  [step 49] training: 63 datums, 105649 comp tokens
  [step 49] train done: loss=0.0270 in 19.0s
[step 49/200] solve=0.75 reward=1.67±0.83 loss=0.0270 turns=1.9 disc=209 mast=15 skip=4/8 t=1056.1s
  [step 50 t1] fired 64 (8 API calls)
    gen: 64 results in 126.4s (avg 1787 tok/ep)
    sandbox: 56.0s | pass=27 fail=37 no_code=0 | 27/64 done
  [step 50 t2] fired 37 (37 API calls)
    gen: 37 results in 92.4s (avg 1212 tok/ep)
    sandbox: 47.1s | pass=6 fail=31 no_code=0 | 33/64 done
  [step 50 t3] fired 31 (31 API calls)
    gen: 31 results in 49.6s (avg 870 tok/ep)
    sandbox: 47.3s | pass=2 fail=29 no_code=0 | 35/64 done
  [step 50 t4] fired 29 (29 API calls)
    gen: 29 results in 103.6s (avg 896 tok/ep)
    sandbox: 50.1s | pass=1 fail=28 no_code=0 | 64/64 done
    g0: 6/8 solved, rewards=[2.15,0.16,2.15,2.15,2.15,2.15,0.16,2.15] TRAIN std=0.861
    g1: 5/8 solved, rewards=[2.15,2.15,2.10,0.79,0.93,2.15,2.15,0.36] TRAIN std=0.718
    g2: 8/8 solved, rewards=[2.15,2.15,2.10,2.15,2.15,2.10,2.15,2.15] TRAIN std=0.022
    g3: 0/8 solved, rewards=[0.00,0.00,0.00,0.00,0.00,0.00,0.00,0.00] SKIP
    g4: 1/8 solved, rewards=[0.00,0.14,0.43,2.05,0.14,0.21,0.14,0.14] TRAIN std=0.631
    g5: 8/8 solved, rewards=[2.15,2.15,2.15,2.15,2.15,2.15,2.15,2.15] SKIP
    g6: 8/8 solved, rewards=[2.10,2.10,2.05,2.00,2.10,2.15,2.15,2.15] TRAIN std=0.050
    g7: 0/8 solved, rewards=[0.56,0.39,0.83,0.78,0.83,0.61,0.83,0.83] TRAIN std=0.159
  [step 50] training: 115 datums, 143685 comp tokens
  [step 50] train done: loss=0.0013 in 35.4s
  [step 50] dumped 64 train trajectories to checkpoints/lcb_path_indep_lcbv5_s42/train_trajectories_step_0050.jsonl
[step 50/200] solve=0.56 reward=1.34±0.92 loss=0.0013 turns=2.5 disc=215 mast=15 skip=2/8 t=609.0s
[eval] Running on 20 problems...
[eval] step=50: 11/20 = 0.55
[eval] Trajectories saved to checkpoints/lcb_path_indep_lcbv5_s42/eval_trajectories_step_0050.jsonl
  [step 51 t1] fired 64 (8 API calls)
    gen: 64 results in 117.6s (avg 1968 tok/ep)
    sandbox: 178.5s | pass=20 fail=44 no_code=0 | 20/64 done
  [step 51 t2] fired 44 (44 API calls)
    gen: 44 results in 85.8s (avg 1242 tok/ep)
    sandbox: 178.9s | pass=4 fail=40 no_code=0 | 24/64 done
  [step 51 t3] fired 40 (40 API calls)
    gen: 40 results in 61.6s (avg 732 tok/ep)
    sandbox: 178.6s | pass=0 fail=40 no_code=0 | 24/64 done
  [step 51 t4] fired 40 (40 API calls)
    gen: 40 results in 32.5s (avg 543 tok/ep)
    sandbox: 178.8s | pass=0 fail=40 no_code=0 | 64/64 done
    g0: 8/8 solved, rewards=[2.15,2.15,2.15,2.15,2.15,2.15,2.15,2.15] SKIP
    g1: 0/8 solved, rewards=[0.00,0.00,0.00,0.00,0.00,0.00,0.00,0.39] TRAIN std=0.130
    g2: 1/8 solved, rewards=[0.93,2.15,0.93,0.93,0.93,0.93,0.93,0.93] TRAIN std=0.405
    g3: 0/8 solved, rewards=[0.22,0.22,0.22,0.09,0.00,0.13,0.13,0.22] TRAIN std=0.075
    g4: 6/8 solved, rewards=[2.10,2.10,2.10,2.10,2.15,2.15,0.21,0.07] TRAIN std=0.856
    g5: 1/8 solved, rewards=[2.15,0.18,0.18,0.18,0.95,0.41,0.18,0.00] TRAIN std=0.669
    g6: 0/8 solved, rewards=[0.15,0.15,0.08,0.15,0.08,0.08,0.15,0.15] TRAIN std=0.037
    g7: 8/8 solved, rewards=[2.15,2.15,2.15,2.15,2.15,2.15,2.15,2.15] SKIP
  [step 51] training: 172 datums, 216538 comp tokens
  [step 51] train done: loss=-0.0010 in 199.6s
[step 51/200] solve=0.38 reward=0.98±0.94 loss=-0.0010 turns=2.9 disc=218 mast=16 skip=2/8 t=1213.0s
  [step 52 t1] fired 64 (8 API calls)
    gen: 64 results in 52.8s (avg 1036 tok/ep)
    sandbox: 177.5s | pass=33 fail=31 no_code=0 | 33/64 done
  [step 52 t2] fired 31 (31 API calls)
    gen: 31 results in 62.9s (avg 836 tok/ep)
    sandbox: 175.8s | pass=3 fail=28 no_code=0 | 36/64 done
  [step 52 t3] fired 28 (28 API calls)
    gen: 28 results in 31.9s (avg 563 tok/ep)
    sandbox: 175.7s | pass=1 fail=27 no_code=0 | 37/64 done
  [step 52 t4] fired 27 (27 API calls)
    gen: 27 results in 28.0s (avg 421 tok/ep)
    sandbox: 175.8s | pass=1 fail=26 no_code=0 | 64/64 done
    g0: 0/8 solved, rewards=[0.79,0.79,0.79,0.79,0.79,0.79,0.79,0.79] SKIP
    g1: 8/8 solved, rewards=[2.15,2.15,2.15,2.15,2.15,2.15,2.15,2.15] SKIP
    g2: 8/8 solved, rewards=[2.15,2.15,2.15,2.15,2.15,2.15,2.15,2.15] SKIP
    g3: 0/8 solved, rewards=[0.00,0.00,0.00,0.00,0.00,0.00,0.00,0.00] SKIP
    g4: 8/8 solved, rewards=[2.15,2.15,2.15,2.15,2.15,2.15,2.15,2.15] SKIP
    g5: 7/8 solved, rewards=[2.10,2.15,2.15,2.15,2.15,0.19,2.15,2.15] TRAIN std=0.648
    g6: 7/8 solved, rewards=[0.53,2.10,2.00,2.15,2.15,2.10,2.05,2.15] TRAIN std=0.521
    g7: 0/8 solved, rewards=[0.33,0.27,0.27,0.33,0.27,0.27,0.33,0.33] TRAIN std=0.033
  [step 52] training: 62 datums, 59135 comp tokens
  [step 52] train done: loss=0.0029 in 29.4s
[step 52/200] solve=0.59 reward=1.42±0.90 loss=0.0029 turns=2.3 disc=221 mast=16 skip=5/8 t=910.7s
  [step 53 t1] fired 64 (8 API calls)
    gen: 64 results in 57.6s (avg 1279 tok/ep)
    sandbox: 204.5s | pass=29 fail=35 no_code=0 | 29/64 done
  [step 53 t2] fired 35 (35 API calls)
    gen: 35 results in 73.8s (avg 989 tok/ep)
    sandbox: 177.6s | pass=4 fail=31 no_code=0 | 33/64 done
  [step 53 t3] fired 31 (31 API calls)
    gen: 31 results in 39.1s (avg 670 tok/ep)
    sandbox: 174.3s | pass=2 fail=29 no_code=0 | 35/64 done
  [step 53 t4] fired 29 (29 API calls)
    gen: 29 results in 36.2s (avg 473 tok/ep)
    sandbox: 173.7s | pass=0 fail=29 no_code=0 | 64/64 done
    g0: 0/8 solved, rewards=[0.17,0.00,0.00,0.00,0.00,0.00,0.00,0.00] TRAIN std=0.058
    g1: 2/8 solved, rewards=[0.73,0.80,0.73,0.73,2.10,0.80,2.10,0.73] TRAIN std=0.583
    g2: 5/8 solved, rewards=[2.15,2.15,2.15,0.93,0.87,0.93,2.15,2.05] TRAIN std=0.591
    g3: 8/8 solved, rewards=[2.15,2.15,2.15,2.15,2.15,2.15,2.15,2.15] SKIP
    g4: 4/8 solved, rewards=[0.50,2.15,0.50,0.50,2.10,0.50,2.10,2.05] TRAIN std=0.800
    g5: 8/8 solved, rewards=[2.15,2.15,2.15,2.15,2.15,2.15,2.15,2.15] SKIP
    g6: 8/8 solved, rewards=[2.15,2.15,2.15,2.15,2.15,2.15,2.15,2.15] SKIP
    g7: 0/8 solved, rewards=[0.00,0.00,0.00,0.00,0.00,0.00,0.00,0.00] SKIP
  [step 53] training: 103 datums, 102203 comp tokens
  [step 53] train done: loss=0.0012 in 19.8s
[step 53/200] solve=0.55 reward=1.32±0.94 loss=0.0012 turns=2.5 disc=222 mast=16 skip=4/8 t=957.8s
  [step 54 t1] fired 64 (8 API calls)
    gen: 64 results in 146.4s (avg 2545 tok/ep)
    sandbox: 106.6s | pass=23 fail=41 no_code=0 | 23/64 done
  [step 54 t2] fired 41 (41 API calls)
    gen: 41 results in 96.3s (avg 1172 tok/ep)
    sandbox: 106.1s | pass=1 fail=40 no_code=0 | 24/64 done
  [step 54 t3] fired 40 (40 API calls)
    gen: 40 results in 82.9s (avg 797 tok/ep)
    sandbox: 106.0s | pass=0 fail=40 no_code=0 | 24/64 done
  [step 54 t4] fired 40 (40 API calls)
    gen: 40 results in 73.7s (avg 658 tok/ep)
    sandbox: 108.3s | pass=0 fail=40 no_code=0 | 64/64 done
    g0: 5/8 solved, rewards=[2.15,2.10,2.15,0.88,0.62,0.38,2.15,2.15] TRAIN std=0.744
    g1: 0/8 solved, rewards=[0.00,0.00,0.00,0.07,0.00,0.11,0.00,0.07] TRAIN std=0.042
    g2: 1/8 solved, rewards=[0.71,0.71,0.43,0.14,0.14,0.14,0.71,2.15] TRAIN std=0.621
    g3: 8/8 solved, rewards=[2.15,2.15,2.15,2.15,2.15,2.15,2.15,2.15] SKIP
    g4: 0/8 solved, rewards=[0.00,0.00,0.00,0.00,0.00,0.00,0.00,0.00] SKIP
    g5: 1/8 solved, rewards=[0.93,2.15,0.80,0.87,0.93,0.93,0.80,0.80] TRAIN std=0.428
    g6: 1/8 solved, rewards=[0.39,0.35,0.26,0.70,2.15,0.09,0.26,0.39] TRAIN std=0.617
    g7: 8/8 solved, rewards=[2.15,2.15,2.15,2.15,2.15,2.15,2.15,2.15] SKIP
  [step 54] training: 137 datums, 222417 comp tokens
  [step 54] train done: loss=0.0021 in 26.0s
[step 54/200] solve=0.38 reward=1.02±0.92 loss=0.0021 turns=2.9 disc=225 mast=16 skip=3/8 t=854.2s
  [step 55 t1] fired 64 (8 API calls)
    gen: 64 results in 66.3s (avg 1365 tok/ep)
    sandbox: 118.5s | pass=40 fail=24 no_code=0 | 40/64 done
  [step 55 t2] fired 24 (24 API calls)
    gen: 24 results in 35.8s (avg 744 tok/ep)
    sandbox: 100.9s | pass=2 fail=22 no_code=0 | 42/64 done
  [step 55 t3] fired 22 (22 API calls)
    gen: 22 results in 27.2s (avg 559 tok/ep)
    sandbox: 100.7s | pass=0 fail=22 no_code=0 | 42/64 done
  [step 55 t4] fired 22 (22 API calls)
    gen: 22 results in 67.2s (avg 559 tok/ep)
    sandbox: 17.0s | pass=0 fail=22 no_code=0 | 64/64 done
    g0: 0/8 solved, rewards=[0.50,0.50,0.50,0.50,0.50,0.50,0.50,0.50] SKIP
    g1: 8/8 solved, rewards=[2.15,2.15,2.15,2.15,2.10,2.15,2.15,2.15] TRAIN std=0.017
    g2: 3/8 solved, rewards=[0.14,2.15,0.43,2.15,0.86,0.36,2.15,0.43] TRAIN std=0.847
    g3: 7/8 solved, rewards=[2.15,2.15,2.15,2.10,2.15,2.15,2.15,0.50] TRAIN std=0.544
    g4: 5/8 solved, rewards=[2.15,0.26,2.15,2.15,2.15,2.15,0.30,0.78] TRAIN std=0.838
    g5: 8/8 solved, rewards=[2.15,2.15,2.15,2.15,2.15,2.15,2.15,2.15] SKIP
    g6: 3/8 solved, rewards=[0.67,2.15,0.27,0.67,0.27,2.15,2.15,0.67] TRAIN std=0.811
    g7: 8/8 solved, rewards=[2.15,2.15,2.15,2.15,2.15,2.15,2.15,2.15] SKIP
  [step 55] training: 84 datums, 92280 comp tokens
  [step 55] train done: loss=0.0007 in 5.9s
  [step 55] dumped 64 train trajectories to checkpoints/lcb_path_indep_lcbv5_s42/train_trajectories_step_0055.jsonl
[step 55/200] solve=0.66 reward=1.57±0.80 loss=0.0007 turns=2.1 disc=229 mast=16 skip=3/8 t=540.3s
  [step 56 t1] fired 64 (8 API calls)
    gen: 64 results in 222.9s (avg 1595 tok/ep)
    sandbox: 134.4s | pass=25 fail=39 no_code=0 | 25/64 done
  [step 56 t2] fired 39 (39 API calls)
    gen: 39 results in 76.2s (avg 1111 tok/ep)
    sandbox: 124.3s | pass=0 fail=39 no_code=0 | 25/64 done
  [step 56 t3] fired 39 (39 API calls)
    gen: 39 results in 48.2s (avg 745 tok/ep)
    sandbox: 122.9s | pass=1 fail=38 no_code=0 | 26/64 done
  [step 56 t4] fired 38 (38 API calls)
    gen: 38 results in 42.7s (avg 632 tok/ep)
    sandbox: 120.0s | pass=1 fail=37 no_code=0 | 64/64 done
    g0: 2/8 solved, rewards=[2.15,0.62,0.75,2.05,0.44,0.75,0.69,0.94] TRAIN std=0.621
    g1: 0/8 solved, rewards=[0.79,0.79,0.79,0.79,0.79,0.79,0.79,0.57] TRAIN std=0.071
    g2: 8/8 solved, rewards=[2.15,2.15,2.15,2.15,2.15,2.15,2.15,2.15] SKIP
    g3: 0/8 solved, rewards=[0.04,0.00,0.11,0.00,0.07,0.11,0.11,0.11] TRAIN std=0.045
    g4: 1/8 solved, rewards=[0.93,0.87,0.93,0.93,0.93,0.27,0.93,2.00] TRAIN std=0.443
    g5: 8/8 solved, rewards=[2.15,2.15,2.15,2.15,2.15,2.15,2.15,2.15] SKIP
    g6: 8/8 solved, rewards=[2.15,2.15,2.15,2.15,2.15,2.15,2.15,2.15] SKIP
    g7: 0/8 solved, rewards=[0.31,0.25,0.25,0.75,0.75,0.31,0.75,0.12] TRAIN std=0.248
  [step 56] training: 156 datums, 177871 comp tokens
  [step 56] train done: loss=-0.0135 in 24.8s
[step 56/200] solve=0.42 reward=1.22±0.83 loss=-0.0135 turns=2.8 disc=229 mast=17 skip=3/8 t=917.6s
  [step 57 t1] fired 64 (8 API calls)
    gen: 64 results in 149.0s (avg 1262 tok/ep)
    sandbox: 50.4s | pass=42 fail=22 no_code=0 | 42/64 done
  [step 57 t2] fired 22 (22 API calls)
    gen: 22 results in 74.0s (avg 1123 tok/ep)
    sandbox: 45.8s | pass=1 fail=21 no_code=0 | 43/64 done
  [step 57 t3] fired 21 (21 API calls)
    gen: 21 results in 46.9s (avg 786 tok/ep)
    sandbox: 46.7s | pass=0 fail=21 no_code=0 | 43/64 done
  [step 57 t4] fired 21 (21 API calls)
    gen: 21 results in 37.3s (avg 509 tok/ep)
    sandbox: 50.8s | pass=0 fail=21 no_code=0 | 64/64 done
    g0: 8/8 solved, rewards=[2.15,2.15,2.15,2.15,2.15,2.15,2.15,2.15] SKIP
    g1: 8/8 solved, rewards=[2.15,2.15,2.15,2.15,2.15,2.15,2.15,2.15] SKIP
    g2: 0/8 solved, rewards=[0.29,0.29,0.29,0.29,0.29,0.14,0.29,0.29] TRAIN std=0.047
    g3: 0/8 solved, rewards=[0.87,0.92,0.31,0.90,0.92,0.87,0.92,0.92] TRAIN std=0.199
    g4: 8/8 solved, rewards=[2.15,2.15,2.15,2.15,2.15,2.15,2.15,2.15] SKIP
    g5: 3/8 solved, rewards=[2.10,0.67,2.15,0.20,0.67,2.15,0.20,0.60] TRAIN std=0.825
    g6: 8/8 solved, rewards=[2.15,2.15,2.15,2.15,2.15,2.15,2.15,2.15] SKIP
    g7: 8/8 solved, rewards=[2.15,2.15,2.15,2.15,2.15,2.15,2.15,2.15] SKIP
  [step 57] training: 88 datums, 96884 comp tokens
  [step 57] train done: loss=-0.0028 in 30.7s
[step 57/200] solve=0.67 reward=1.62±0.78 loss=-0.0028 turns=2.0 disc=232 mast=19 skip=5/8 t=532.7s
  [step 58 t1] fired 64 (8 API calls)
    gen: 64 results in 102.3s (avg 1515 tok/ep)
    sandbox: 94.4s | pass=41 fail=23 no_code=0 | 41/64 done
  [step 58 t2] fired 23 (23 API calls)
    gen: 23 results in 52.1s (avg 719 tok/ep)
    sandbox: 94.3s | pass=1 fail=22 no_code=0 | 42/64 done
  [step 58 t3] fired 22 (22 API calls)
    gen: 22 results in 50.1s (avg 638 tok/ep)
    sandbox: 94.4s | pass=0 fail=22 no_code=0 | 42/64 done
  [step 58 t4] fired 22 (22 API calls)
    gen: 22 results in 50.7s (avg 536 tok/ep)
    sandbox: 94.4s | pass=1 fail=21 no_code=0 | 64/64 done
    g0: 2/8 solved, rewards=[0.00,0.00,0.21,0.00,2.10,2.00,0.21,0.00] TRAIN std=0.862
    g1: 4/8 solved, rewards=[2.15,0.79,0.00,2.15,0.93,2.15,0.93,2.15] TRAIN std=0.793
    g2: 8/8 solved, rewards=[2.15,2.15,2.15,2.15,2.15,2.15,2.15,2.15] SKIP
    g3: 0/8 solved, rewards=[0.00,0.00,0.00,0.00,0.00,0.00,0.00,0.00] SKIP
    g4: 8/8 solved, rewards=[2.15,2.15,2.15,2.15,2.15,2.15,2.15,2.15] SKIP
    g5: 8/8 solved, rewards=[2.15,2.15,2.15,2.15,2.15,2.15,2.15,2.15] SKIP
    g6: 8/8 solved, rewards=[2.15,2.15,2.15,2.15,2.15,2.15,2.15,2.15] SKIP
    g7: 5/8 solved, rewards=[2.15,0.33,2.15,2.15,0.40,2.15,0.40,2.15] TRAIN std=0.858
  [step 58] training: 67 datums, 87432 comp tokens
  [step 58] train done: loss=0.0005 in 12.7s
[step 58/200] solve=0.67 reward=1.51±0.93 loss=0.0005 turns=2.0 disc=237 mast=19 skip=5/8 t=646.2s
  [step 59 t1] fired 64 (8 API calls)
    gen: 64 results in 195.1s (avg 1506 tok/ep)
    sandbox: 220.2s | pass=47 fail=17 no_code=0 | 47/64 done
  [step 59 t2] fired 17 (17 API calls)
    gen: 17 results in 44.6s (avg 1151 tok/ep)
    sandbox: 160.5s | pass=2 fail=15 no_code=0 | 49/64 done
  [step 59 t3] fired 15 (15 API calls)
    gen: 15 results in 63.2s (avg 853 tok/ep)
    sandbox: 51.7s | pass=0 fail=15 no_code=0 | 49/64 done
  [step 59 t4] fired 15 (15 API calls)
    gen: 15 results in 58.9s (avg 692 tok/ep)
    sandbox: 51.5s | pass=0 fail=15 no_code=0 | 64/64 done
    g0: 8/8 solved, rewards=[2.15,2.15,2.15,2.15,2.15,2.15,2.15,2.15] SKIP
    g1: 8/8 solved, rewards=[2.15,2.15,2.15,2.15,2.15,2.15,2.15,2.15] SKIP
    g2: 8/8 solved, rewards=[2.15,2.15,2.15,2.15,2.15,2.15,2.15,2.15] SKIP
    g3: 7/8 solved, rewards=[2.15,2.15,2.15,2.15,2.15,2.15,2.15,0.00] TRAIN std=0.711
    g4: 0/8 solved, rewards=[0.07,0.20,0.13,0.20,0.20,0.00,0.20,0.20] TRAIN std=0.073
    g5: 2/8 solved, rewards=[0.07,0.20,2.10,0.67,0.00,2.15,0.67,0.20] TRAIN std=0.824
    g6: 8/8 solved, rewards=[2.15,2.15,2.15,2.15,2.15,2.15,2.15,2.10] TRAIN std=0.017
    g7: 8/8 solved, rewards=[2.15,2.15,2.15,2.15,2.15,2.15,2.15,2.15] SKIP
  [step 59] training: 79 datums, 109958 comp tokens
  [step 59] train done: loss=0.0009 in 42.7s
[step 59/200] solve=0.77 reward=1.69±0.83 loss=0.0009 turns=1.7 disc=239 mast=20 skip=4/8 t=889.1s
  [step 60 t1] fired 64 (8 API calls)
    gen: 64 results in 202.9s (avg 1447 tok/ep)
    sandbox: 26.6s | pass=41 fail=23 no_code=0 | 41/64 done
  [step 60 t2] fired 23 (23 API calls)
    gen: 23 results in 38.5s (avg 803 tok/ep)
    sandbox: 23.3s | pass=4 fail=19 no_code=0 | 45/64 done
  [step 60 t3] fired 19 (19 API calls)
    gen: 19 results in 39.2s (avg 600 tok/ep)
    sandbox: 21.8s | pass=1 fail=18 no_code=0 | 46/64 done
  [step 60 t4] fired 18 (18 API calls)
    gen: 18 results in 28.4s (avg 493 tok/ep)
    sandbox: 22.1s | pass=1 fail=17 no_code=0 | 64/64 done
    g0: 8/8 solved, rewards=[2.15,2.15,2.15,2.15,2.15,2.15,2.15,2.15] SKIP
    g1: 8/8 solved, rewards=[2.15,2.15,2.15,2.15,2.15,2.15,2.15,2.15] SKIP
    g2: 8/8 solved, rewards=[2.15,2.15,2.15,2.15,2.15,2.15,2.15,2.15] SKIP
    g3: 7/8 solved, rewards=[0.80,2.10,2.10,2.10,2.00,2.05,2.15,2.10] TRAIN std=0.427
    g4: 8/8 solved, rewards=[2.15,2.15,2.15,2.15,2.15,2.15,2.15,2.15] SKIP
    g5: 0/8 solved, rewards=[0.86,0.86,0.86,0.86,0.36,0.86,0.71,0.86] TRAIN std=0.165
    g6: 0/8 solved, rewards=[0.67,0.67,0.67,0.67,0.53,0.67,0.60,0.67] TRAIN std=0.046
    g7: 8/8 solved, rewards=[2.15,2.15,2.15,2.15,2.15,2.15,2.15,2.15] SKIP
  [step 60] training: 84 datums, 92295 comp tokens
  [step 60] train done: loss=0.0025 in 15.6s
  [step 60] dumped 64 train trajectories to checkpoints/lcb_path_indep_lcbv5_s42/train_trajectories_step_0060.jsonl
[step 60/200] solve=0.73 reward=1.76±0.63 loss=0.0025 turns=1.9 disc=242 mast=21 skip=5/8 t=419.2s
[lcb] Checkpoint: tinker://0e361783-717c-52c2-86f8-6d2a5e5b4f0c:train:0/weights/step_0060
[eval] Running on 20 problems...
[eval] step=60: 10/20 = 0.50
[eval] Trajectories saved to checkpoints/lcb_path_indep_lcbv5_s42/eval_trajectories_step_0060.jsonl
  [step 61 t1] fired 64 (8 API calls)
    gen: 64 results in 115.7s (avg 1199 tok/ep)
    sandbox: 31.7s | pass=44 fail=20 no_code=0 | 44/64 done
  [step 61 t2] fired 20 (20 API calls)
    gen: 20 results in 73.6s (avg 1100 tok/ep)
    sandbox: 30.6s | pass=3 fail=17 no_code=0 | 47/64 done
  [step 61 t3] fired 17 (17 API calls)
    gen: 17 results in 32.5s (avg 720 tok/ep)
    sandbox: 30.2s | pass=0 fail=17 no_code=0 | 47/64 done
  [step 61 t4] fired 17 (17 API calls)
    gen: 17 results in 52.0s (avg 697 tok/ep)
    sandbox: 30.1s | pass=0 fail=17 no_code=0 | 64/64 done
    g0: 8/8 solved, rewards=[2.10,2.15,2.15,2.15,2.15,2.15,2.15,2.10] TRAIN std=0.022
    g1: 0/8 solved, rewards=[0.93,0.33,0.07,0.53,0.53,0.93,0.33,0.33] TRAIN std=0.285
    g2: 7/8 solved, rewards=[0.88,2.15,2.15,2.15,2.15,2.15,2.15,2.15] TRAIN std=0.422
    g3: 8/8 solved, rewards=[2.15,2.15,2.15,2.15,2.15,2.15,2.15,2.15] SKIP
    g4: 0/8 solved, rewards=[0.73,0.20,0.60,0.00,0.53,0.53,0.87,0.53] TRAIN std=0.260
    g5: 8/8 solved, rewards=[2.15,2.15,2.15,2.15,2.15,2.15,2.15,2.15] SKIP
    g6: 8/8 solved, rewards=[2.15,2.15,2.15,2.15,2.15,2.10,2.15,2.15] TRAIN std=0.017
    g7: 8/8 solved, rewards=[2.15,2.15,2.15,2.15,2.15,2.15,2.15,2.15] SKIP
  [step 61] training: 94 datums, 106028 comp tokens
  [step 61] train done: loss=-0.0038 in 34.7s
[step 61/200] solve=0.73 reward=1.72±0.73 loss=-0.0038 turns=1.8 disc=245 mast=23 skip=3/8 t=431.7s
  [step 62 t1] fired 64 (8 API calls)
    gen: 64 results in 152.2s (avg 2007 tok/ep)
    sandbox: 32.0s | pass=28 fail=36 no_code=0 | 28/64 done
  [step 62 t2] fired 36 (36 API calls)
    gen: 36 results in 56.8s (avg 986 tok/ep)
    sandbox: 36.3s | pass=3 fail=33 no_code=0 | 31/64 done
  [step 62 t3] fired 33 (33 API calls)
    gen: 33 results in 45.8s (avg 715 tok/ep)
    sandbox: 33.2s | pass=1 fail=32 no_code=0 | 32/64 done
  [step 62 t4] fired 32 (32 API calls)
    gen: 32 results in 47.6s (avg 587 tok/ep)
    sandbox: 33.4s | pass=0 fail=32 no_code=0 | 64/64 done
    g0: 6/8 solved, rewards=[2.15,2.10,2.05,0.50,2.10,2.15,2.15,0.50] TRAIN std=0.701
    g1: 0/8 solved, rewards=[0.00,0.40,0.07,0.07,0.40,0.00,0.40,0.40] TRAIN std=0.185
    g2: 0/8 solved, rewards=[0.73,0.67,0.67,0.67,0.60,0.53,0.73,0.73] TRAIN std=0.067
    g3: 8/8 solved, rewards=[2.15,2.15,2.15,2.15,2.15,2.15,2.15,2.15] SKIP
    g4: 8/8 solved, rewards=[2.15,2.15,2.10,2.15,2.15,2.15,2.15,2.15] TRAIN std=0.017
    g5: 0/8 solved, rewards=[0.62,0.62,0.62,0.62,0.62,0.56,0.62,0.62] TRAIN std=0.021
    g6: 8/8 solved, rewards=[2.15,2.15,2.15,2.15,2.15,2.15,2.15,2.15] SKIP
    g7: 2/8 solved, rewards=[0.47,2.15,0.67,0.40,0.60,0.60,0.67,2.15] TRAIN std=0.691
  [step 62] training: 149 datums, 192492 comp tokens
  [step 62] train done: loss=-0.0016 in 21.2s
[step 62/200] solve=0.50 reward=1.33±0.83 loss=-0.0016 turns=2.6 disc=249 mast=23 skip=2/8 t=459.5s
  [step 63 t1] fired 64 (8 API calls)
    gen: 64 results in 135.1s (avg 1787 tok/ep)
    sandbox: 79.1s | pass=23 fail=41 no_code=0 | 23/64 done
  [step 63 t2] fired 41 (41 API calls)
    gen: 41 results in 41.5s (avg 925 tok/ep)
    sandbox: 224.2s | pass=8 fail=33 no_code=0 | 31/64 done
  [step 63 t3] fired 33 (33 API calls)
    gen: 33 results in 47.7s (avg 578 tok/ep)
    sandbox: 74.4s | pass=2 fail=31 no_code=0 | 33/64 done
  [step 63 t4] fired 31 (31 API calls)
    gen: 31 results in 28.9s (avg 461 tok/ep)
    sandbox: 73.4s | pass=0 fail=31 no_code=0 | 64/64 done
    g0: 0/8 solved, rewards=[0.11,0.32,0.32,0.32,0.32,0.32,0.32,0.32] TRAIN std=0.071
    g1: 8/8 solved, rewards=[2.15,2.15,2.15,2.15,2.15,2.15,2.15,2.15] SKIP
    g2: 1/8 solved, rewards=[2.15,0.22,0.22,0.22,0.22,0.22,0.04,0.22] TRAIN std=0.649
    g3: 8/8 solved, rewards=[2.10,2.10,2.10,2.10,2.10,2.15,2.10,2.15] TRAIN std=0.022
    g4: 3/8 solved, rewards=[0.21,0.93,0.21,0.29,2.05,0.93,2.15,2.10] TRAIN std=0.814
    g5: 6/8 solved, rewards=[2.15,2.15,2.05,2.15,2.15,0.60,0.33,2.10] TRAIN std=0.722
    g6: 0/8 solved, rewards=[0.19,0.19,0.19,0.19,0.19,0.19,0.19,0.19] SKIP
    g7: 7/8 solved, rewards=[2.15,2.15,2.15,2.15,0.73,2.15,2.15,2.15] TRAIN std=0.470
  [step 63] training: 129 datums, 160235 comp tokens
  [step 63] train done: loss=0.0274 in 32.5s
[step 63/200] solve=0.52 reward=1.25±0.92 loss=0.0274 turns=2.6 disc=251 mast=24 skip=2/8 t=738.2s
  [step 64 t1] fired 64 (8 API calls)
    gen: 64 results in 98.5s (avg 1393 tok/ep)
    sandbox: 98.5s | pass=39 fail=25 no_code=0 | 39/64 done
  [step 64 t2] fired 25 (25 API calls)
    gen: 25 results in 45.7s (avg 844 tok/ep)
    sandbox: 95.7s | pass=0 fail=25 no_code=0 | 39/64 done
  [step 64 t3] fired 25 (25 API calls)
    gen: 25 results in 31.0s (avg 581 tok/ep)
    sandbox: 95.2s | pass=3 fail=22 no_code=0 | 42/64 done
  [step 64 t4] fired 22 (22 API calls)
    gen: 22 results in 19.3s (avg 427 tok/ep)
    sandbox: 94.8s | pass=1 fail=21 no_code=0 | 64/64 done
    g0: 8/8 solved, rewards=[2.15,2.15,2.15,2.15,2.15,2.15,2.15,2.15] SKIP
    g1: 8/8 solved, rewards=[2.15,2.15,2.15,2.15,2.15,2.15,2.15,2.15] SKIP
    g2: 8/8 solved, rewards=[2.15,2.15,2.15,2.15,2.15,2.15,2.15,2.15] SKIP
    g3: 0/8 solved, rewards=[0.35,0.35,0.35,0.35,0.35,0.35,0.35,0.35] SKIP
    g4: 6/8 solved, rewards=[2.15,2.15,2.15,2.15,0.09,2.15,2.15,0.00] TRAIN std=0.912
    g5: 0/8 solved, rewards=[0.00,0.00,0.00,0.00,0.00,0.00,0.00,0.00] SKIP
    g6: 5/8 solved, rewards=[0.00,2.05,0.00,0.00,2.05,2.05,2.15,2.00] TRAIN std=0.998
    g7: 8/8 solved, rewards=[2.15,2.15,2.15,2.15,2.15,2.15,2.15,2.15] SKIP
  [step 64] training: 40 datums, 45834 comp tokens
  [step 64] train done: loss=-0.0000 in 18.0s
[step 64/200] solve=0.67 reward=1.48±0.95 loss=-0.0000 turns=2.1 disc=256 mast=24 skip=6/8 t=597.4s
  [step 65 t1] fired 64 (8 API calls)
    gen: 64 results in 150.5s (avg 1384 tok/ep)
    sandbox: 11.1s | pass=51 fail=13 no_code=0 | 51/64 done
  [step 65 t2] fired 13 (13 API calls)
    gen: 13 results in 51.1s (avg 1167 tok/ep)
    sandbox: 21.6s | pass=0 fail=13 no_code=0 | 51/64 done
  [step 65 t3] fired 13 (13 API calls)
    gen: 13 results in 54.8s (avg 955 tok/ep)
    sandbox: 19.0s | pass=1 fail=12 no_code=0 | 52/64 done
  [step 65 t4] fired 12 (12 API calls)
    gen: 12 results in 37.7s (avg 950 tok/ep)
    sandbox: 92.9s | pass=0 fail=12 no_code=0 | 64/64 done
    g0: 0/8 solved, rewards=[0.16,0.10,0.65,0.16,0.06,0.19,0.06,0.23] TRAIN std=0.177
    g1: 8/8 solved, rewards=[2.15,2.15,2.15,2.15,2.15,2.15,2.15,2.15] SKIP
    g2: 4/8 solved, rewards=[2.15,0.57,0.29,0.57,2.15,2.15,2.15,0.29] TRAIN std=0.867
    g3: 8/8 solved, rewards=[2.15,2.15,2.15,2.15,2.15,2.15,2.15,2.15] SKIP
    g4: 8/8 solved, rewards=[2.15,2.15,2.15,2.05,2.15,2.15,2.15,2.15] TRAIN std=0.033
    g5: 8/8 solved, rewards=[2.15,2.15,2.15,2.15,2.15,2.15,2.15,2.15] SKIP
    g6: 8/8 solved, rewards=[2.15,2.15,2.15,2.15,2.15,2.15,2.15,2.15] SKIP
    g7: 8/8 solved, rewards=[2.15,2.15,2.15,2.15,2.15,2.15,2.15,2.15] SKIP
  [step 65] training: 62 datums, 94622 comp tokens
  [step 65] train done: loss=-0.0658 in 10.6s
  [step 65] dumped 64 train trajectories to checkpoints/lcb_path_indep_lcbv5_s42/train_trajectories_step_0065.jsonl
[step 65/200] solve=0.81 reward=1.80±0.74 loss=-0.0658 turns=1.6 disc=260 mast=25 skip=5/8 t=449.8s
  [step 66 t1] fired 64 (8 API calls)
    gen: 64 results in 104.3s (avg 1742 tok/ep)
    sandbox: 36.6s | pass=46 fail=18 no_code=0 | 46/64 done
  [step 66 t2] fired 18 (18 API calls)
    gen: 18 results in 47.1s (avg 999 tok/ep)
    sandbox: 31.1s | pass=1 fail=17 no_code=0 | 47/64 done
  [step 66 t3] fired 17 (17 API calls)
    gen: 17 results in 55.2s (avg 865 tok/ep)
    sandbox: 29.5s | pass=0 fail=17 no_code=0 | 47/64 done
  [step 66 t4] fired 17 (17 API calls)
    gen: 17 results in 32.1s (avg 701 tok/ep)
    sandbox: 29.4s | pass=0 fail=17 no_code=0 | 64/64 done
    g0: 8/8 solved, rewards=[2.15,2.15,2.15,2.15,2.15,2.15,2.15,2.15] SKIP
    g1: 8/8 solved, rewards=[2.15,2.15,2.15,2.15,2.15,2.15,2.15,2.15] SKIP
    g2: 8/8 solved, rewards=[2.15,2.15,2.15,2.15,2.15,2.15,2.15,2.15] SKIP
    g3: 0/8 solved, rewards=[0.27,0.00,0.00,0.00,0.27,0.00,0.07,0.00] TRAIN std=0.113
    g4: 8/8 solved, rewards=[2.15,2.15,2.15,2.10,2.15,2.15,2.15,2.15] TRAIN std=0.017
    g5: 8/8 solved, rewards=[2.15,2.15,2.15,2.15,2.15,2.15,2.15,2.15] SKIP
    g6: 0/8 solved, rewards=[0.67,0.62,0.23,0.62,0.62,0.62,0.23,0.56] TRAIN std=0.169
    g7: 7/8 solved, rewards=[2.15,2.15,2.15,2.15,0.44,2.15,2.15,2.15] TRAIN std=0.566
  [step 66] training: 84 datums, 122646 comp tokens
  [step 66] train done: loss=0.0022 in 22.8s
[step 66/200] solve=0.73 reward=1.66±0.83 loss=0.0022 turns=1.8 disc=264 mast=25 skip=4/8 t=388.9s
  [step 67 t1] fired 64 (8 API calls)
    gen: 64 results in 92.1s (avg 1553 tok/ep)
    sandbox: 102.3s | pass=40 fail=24 no_code=0 | 40/64 done
  [step 67 t2] fired 24 (24 API calls)
    gen: 24 results in 39.8s (avg 1042 tok/ep)
    sandbox: 101.4s | pass=1 fail=23 no_code=0 | 41/64 done
  [step 67 t3] fired 23 (23 API calls)
    gen: 23 results in 58.9s (avg 866 tok/ep)
    sandbox: 101.1s | pass=0 fail=23 no_code=0 | 41/64 done
  [step 67 t4] fired 23 (23 API calls)
    gen: 23 results in 31.2s (avg 652 tok/ep)
    sandbox: 101.1s | pass=0 fail=23 no_code=0 | 64/64 done
    g0: 8/8 solved, rewards=[2.15,2.15,2.15,2.15,2.15,2.15,2.15,2.15] SKIP
    g1: 8/8 solved, rewards=[2.15,2.15,2.15,2.15,2.15,2.15,2.15,2.15] SKIP
    g2: 0/8 solved, rewards=[0.20,0.13,0.13,0.00,0.00,0.33,0.20,0.13] TRAIN std=0.102
    g3: 8/8 solved, rewards=[2.15,2.15,2.15,2.15,2.15,2.15,2.15,2.15] SKIP
    g4: 8/8 solved, rewards=[2.15,2.15,2.15,2.15,2.15,2.15,2.15,2.15] SKIP
    g5: 0/8 solved, rewards=[0.00,0.53,0.00,0.00,0.00,0.00,0.00,0.00] TRAIN std=0.176
    g6: 8/8 solved, rewards=[2.15,2.15,2.15,2.15,2.15,2.15,2.15,2.15] SKIP
    g7: 1/8 solved, rewards=[0.33,0.53,0.53,0.33,2.10,0.53,0.53,0.33] TRAIN std=0.554
  [step 67] training: 94 datums, 130415 comp tokens
  [step 67] train done: loss=-0.0008 in 8.5s
[step 67/200] solve=0.64 reward=1.45±0.94 loss=-0.0008 turns=2.1 disc=267 mast=25 skip=5/8 t=637.5s
  [step 68 t1] fired 64 (8 API calls)
    gen: 64 results in 126.7s (avg 1723 tok/ep)
    sandbox: 94.5s | pass=35 fail=29 no_code=0 | 35/64 done
  [step 68 t2] fired 29 (29 API calls)
    gen: 29 results in 49.4s (avg 1058 tok/ep)
    sandbox: 94.6s | pass=3 fail=26 no_code=0 | 38/64 done
  [step 68 t3] fired 26 (26 API calls)
    gen: 26 results in 31.1s (avg 609 tok/ep)
    sandbox: 94.8s | pass=1 fail=25 no_code=0 | 39/64 done
  [step 68 t4] fired 25 (25 API calls)
    gen: 25 results in 31.1s (avg 525 tok/ep)
    sandbox: 94.8s | pass=1 fail=24 no_code=0 | 64/64 done
    g0: 2/8 solved, rewards=[0.00,0.43,0.43,0.00,2.15,2.15,0.43,0.00] TRAIN std=0.858
    g1: 8/8 solved, rewards=[2.10,2.15,2.15,2.00,2.15,2.15,2.15,2.15] TRAIN std=0.050
    g2: 8/8 solved, rewards=[2.15,2.15,2.15,2.15,2.15,2.15,2.15,2.15] SKIP
    g3: 0/8 solved, rewards=[0.40,0.33,0.13,0.20,0.07,0.33,0.20,0.47] TRAIN std=0.129
    g4: 0/8 solved, rewards=[0.14,0.14,0.14,0.14,0.14,0.14,0.14,0.14] SKIP
    g5: 8/8 solved, rewards=[2.10,2.10,2.05,2.15,2.15,2.15,2.15,2.15] TRAIN std=0.035
    g6: 6/8 solved, rewards=[2.15,2.15,2.15,2.15,0.79,0.79,2.15,2.15] TRAIN std=0.591
    g7: 8/8 solved, rewards=[2.15,2.15,2.15,2.15,2.15,2.15,2.15,2.15] SKIP
  [step 68] training: 96 datums, 128044 comp tokens
  [step 68] train done: loss=0.0004 in 13.4s
[step 68/200] solve=0.62 reward=1.43±0.92 loss=0.0004 turns=2.2 disc=270 mast=25 skip=3/8 t=631.4s
  [step 69 t1] fired 64 (8 API calls)
    gen: 64 results in 79.7s (avg 1477 tok/ep)
    sandbox: 79.2s | pass=41 fail=23 no_code=0 | 41/64 done
  [step 69 t2] fired 23 (23 API calls)
    gen: 23 results in 102.8s (avg 1276 tok/ep)
    sandbox: 66.9s | pass=3 fail=20 no_code=0 | 44/64 done
  [step 69 t3] fired 20 (20 API calls)
    gen: 20 results in 43.2s (avg 750 tok/ep)
    sandbox: 66.7s | pass=0 fail=20 no_code=0 | 44/64 done
  [step 69 t4] fired 20 (20 API calls)
    gen: 20 results in 43.1s (avg 623 tok/ep)
    sandbox: 77.6s | pass=2 fail=18 no_code=0 | 64/64 done
    g0: 7/8 solved, rewards=[2.15,2.15,2.15,2.10,0.40,2.00,2.15,2.15] TRAIN std=0.571
    g1: 0/8 solved, rewards=[0.30,0.30,0.30,0.30,0.17,0.39,0.22,0.30] TRAIN std=0.061
    g2: 7/8 solved, rewards=[2.15,2.15,2.15,2.15,2.15,2.10,2.15,0.53] TRAIN std=0.533
    g3: 8/8 solved, rewards=[2.15,2.15,2.15,2.15,2.15,2.15,2.15,2.15] SKIP
    g4: 8/8 solved, rewards=[2.15,2.15,2.15,2.15,2.15,2.15,2.15,2.15] SKIP
    g5: 6/8 solved, rewards=[2.15,2.15,2.15,0.40,2.15,2.15,2.15,0.40] TRAIN std=0.758
    g6: 8/8 solved, rewards=[2.15,2.15,2.15,2.15,2.15,2.15,2.15,2.15] SKIP
    g7: 2/8 solved, rewards=[0.43,0.71,0.36,0.71,2.10,0.71,0.64,2.00] TRAIN std=0.643
  [step 69] training: 103 datums, 131071 comp tokens
  [step 69] train done: loss=0.0061 in 26.3s
[step 69/200] solve=0.72 reward=1.66±0.78 loss=0.0061 turns=2.0 disc=273 mast=27 skip=3/8 t=586.2s
  [step 70 t1] fired 64 (8 API calls)
    gen: 64 results in 98.8s (avg 1191 tok/ep)
    sandbox: 233.8s | pass=44 fail=20 no_code=0 | 44/64 done
  [step 70 t2] fired 20 (20 API calls)
    gen: 20 results in 102.3s (avg 792 tok/ep)
    sandbox: 28.3s | pass=5 fail=15 no_code=0 | 49/64 done
  [step 70 t3] fired 15 (15 API calls)
    gen: 15 results in 34.9s (avg 674 tok/ep)
    sandbox: 29.0s | pass=1 fail=14 no_code=0 | 50/64 done
  [step 70 t4] fired 14 (14 API calls)
    gen: 14 results in 33.2s (avg 618 tok/ep)
    sandbox: 23.9s | pass=1 fail=13 no_code=0 | 64/64 done
    g0: 8/8 solved, rewards=[2.15,2.15,2.15,2.15,2.05,2.10,2.15,2.15] TRAIN std=0.035
    g1: 8/8 solved, rewards=[2.15,2.15,2.15,2.15,2.15,2.15,2.15,2.15] SKIP
    g2: 3/8 solved, rewards=[0.00,0.21,0.00,0.00,2.15,0.00,2.15,2.15] TRAIN std=1.022
    g3: 7/8 solved, rewards=[2.10,2.15,2.15,2.15,2.15,0.84,2.10,2.10] TRAIN std=0.427
    g4: 8/8 solved, rewards=[2.15,2.15,2.15,2.15,2.15,2.15,2.10,2.15] TRAIN std=0.017
    g5: 8/8 solved, rewards=[2.15,2.15,2.15,2.15,2.15,2.15,2.15,2.15] SKIP
    g6: 1/8 solved, rewards=[2.00,0.97,0.97,0.97,0.97,0.97,0.94,0.97] TRAIN std=0.343
    g7: 8/8 solved, rewards=[2.15,2.15,2.15,2.15,2.15,2.15,2.15,2.15] SKIP
  [step 70] training: 89 datums, 91848 comp tokens
  [step 70] train done: loss=0.0037 in 39.1s
  [step 70] dumped 64 train trajectories to checkpoints/lcb_path_indep_lcbv5_s42/train_trajectories_step_0070.jsonl
[step 70/200] solve=0.80 reward=1.83±0.65 loss=0.0037 turns=1.8 disc=280 mast=27 skip=3/8 t=623.8s
[eval] Running on 20 problems...
[eval] step=70: 10/20 = 0.50
[eval] Trajectories saved to checkpoints/lcb_path_indep_lcbv5_s42/eval_trajectories_step_0070.jsonl
  [step 71 t1] fired 64 (8 API calls)
    gen: 64 results in 116.8s (avg 1450 tok/ep)
    sandbox: 263.7s | pass=34 fail=30 no_code=0 | 34/64 done
  [step 71 t2] fired 30 (30 API calls)
    gen: 30 results in 61.5s (avg 979 tok/ep)
    sandbox: 243.9s | pass=7 fail=23 no_code=0 | 41/64 done
  [step 71 t3] fired 23 (23 API calls)
    gen: 23 results in 143.7s (avg 976 tok/ep)
    sandbox: 240.0s | pass=1 fail=22 no_code=0 | 42/64 done
  [step 71 t4] fired 22 (22 API calls)
    gen: 22 results in 28.6s (avg 653 tok/ep)
    sandbox: 240.4s | pass=1 fail=21 no_code=0 | 64/64 done
    g0: 0/8 solved, rewards=[0.62,0.62,0.62,0.62,0.62,0.62,0.62,0.62] SKIP
    g1: 5/8 solved, rewards=[2.15,0.04,2.15,2.15,0.08,0.18,2.15,2.15] TRAIN std=0.994
    g2: 8/8 solved, rewards=[2.15,2.15,2.15,2.15,2.15,2.15,2.15,2.15] SKIP
    g3: 1/8 solved, rewards=[0.73,0.73,0.73,0.73,0.47,0.73,0.73,2.15] TRAIN std=0.489
    g4: 6/8 solved, rewards=[2.10,2.10,2.10,0.34,2.10,2.10,2.10,0.00] TRAIN std=0.840
    g5: 8/8 solved, rewards=[2.15,2.15,2.15,2.15,2.15,2.15,2.15,2.15] SKIP
    g6: 8/8 solved, rewards=[2.15,2.15,2.15,2.15,2.15,2.15,2.15,2.15] SKIP
    g7: 7/8 solved, rewards=[2.00,2.15,2.10,2.15,2.05,2.15,2.15,0.93] TRAIN std=0.393
  [step 71] training: 83 datums, 107349 comp tokens
  [step 71] train done: loss=0.0010 in 68.8s
[step 71/200] solve=0.67 reward=1.61±0.76 loss=0.0010 turns=2.2 disc=281 mast=29 skip=4/8 t=1408.1s
  [step 72 t1] fired 64 (8 API calls)
    gen: 64 results in 313.5s (avg 1254 tok/ep)
    sandbox: 40.5s | pass=42 fail=22 no_code=0 | 42/64 done
  [step 72 t2] fired 22 (22 API calls)
    gen: 22 results in 71.8s (avg 821 tok/ep)
    sandbox: 43.6s | pass=2 fail=20 no_code=0 | 44/64 done
  [step 72 t3] fired 20 (20 API calls)
    gen: 20 results in 100.8s (avg 614 tok/ep)
    sandbox: 49.3s | pass=1 fail=19 no_code=0 | 45/64 done
  [step 72 t4] fired 19 (19 API calls)
    gen: 19 results in 47.1s (avg 582 tok/ep)
    sandbox: 85.8s | pass=0 fail=19 no_code=0 | 64/64 done
    g0: 8/8 solved, rewards=[2.15,2.15,2.15,2.15,2.15,2.15,2.15,2.15] SKIP
    g1: 8/8 solved, rewards=[2.15,2.15,2.15,2.15,2.15,2.15,2.15,2.15] SKIP
    g2: 7/8 solved, rewards=[2.15,2.15,2.15,2.15,2.15,2.15,2.15,0.73] TRAIN std=0.469
    g3: 8/8 solved, rewards=[2.15,2.15,2.15,2.15,2.15,2.15,2.15,2.15] SKIP
    g4: 8/8 solved, rewards=[2.15,2.15,2.15,2.15,2.15,2.15,2.15,2.15] SKIP
    g5: 0/8 solved, rewards=[0.00,0.00,0.00,0.00,0.00,0.00,0.21,0.00] TRAIN std=0.071
    g6: 6/8 solved, rewards=[2.15,0.14,2.15,0.36,2.15,2.10,2.10,2.05] TRAIN std=0.811
    g7: 0/8 solved, rewards=[0.60,0.53,0.47,0.13,0.07,0.13,0.47,0.53] TRAIN std=0.203
  [step 72] training: 93 datums, 99001 comp tokens
  [step 72] train done: loss=0.0003 in 11.5s
[step 72/200] solve=0.70 reward=1.58±0.89 loss=0.0003 turns=2.0 disc=283 mast=32 skip=4/8 t=764.5s
  [step 73 t1] fired 64 (8 API calls)
    gen: 64 results in 135.3s (avg 1383 tok/ep)
    sandbox: 233.4s | pass=36 fail=28 no_code=0 | 36/64 done
  [step 73 t2] fired 28 (28 API calls)
    gen: 28 results in 47.1s (avg 1019 tok/ep)
    sandbox: 233.2s | pass=3 fail=25 no_code=0 | 39/64 done
  [step 73 t3] fired 25 (25 API calls)
    gen: 25 results in 31.6s (avg 583 tok/ep)
    sandbox: 233.1s | pass=1 fail=24 no_code=0 | 40/64 done
  [step 73 t4] fired 24 (24 API calls)
    gen: 24 results in 22.8s (avg 406 tok/ep)
    sandbox: 233.3s | pass=0 fail=24 no_code=0 | 64/64 done
    g0: 7/8 solved, rewards=[2.15,2.15,2.15,2.10,2.15,2.15,0.71,2.15] TRAIN std=0.473
    g1: 8/8 solved, rewards=[2.15,2.15,2.15,2.15,2.15,2.15,2.15,2.15] SKIP
    g2: 8/8 solved, rewards=[2.15,2.15,2.15,2.15,2.15,2.15,2.15,2.15] SKIP
    g3: 0/8 solved, rewards=[0.00,0.00,0.00,0.00,0.00,0.00,0.00,0.00] SKIP
    g4: 7/8 solved, rewards=[2.15,2.15,0.46,2.15,2.10,2.15,2.15,2.15] TRAIN std=0.555
    g5: 7/8 solved, rewards=[2.10,0.44,2.15,2.15,2.15,2.15,2.15,2.15] TRAIN std=0.564
    g6: 3/8 solved, rewards=[0.20,2.15,0.20,0.67,0.20,2.05,2.15,0.67] TRAIN std=0.857
    g7: 0/8 solved, rewards=[0.73,0.73,0.73,0.73,0.73,0.73,0.73,0.73] SKIP
  [step 73] training: 61 datums, 68906 comp tokens
  [step 73] train done: loss=0.0021 in 4.7s
[step 73/200] solve=0.62 reward=1.49±0.87 loss=0.0021 turns=2.2 disc=284 mast=33 skip=4/8 t=1175.1s
  [step 74 t1] fired 64 (8 API calls)
    gen: 64 results in 145.5s (avg 1118 tok/ep)
    sandbox: 232.4s | pass=47 fail=17 no_code=0 | 47/64 done
  [step 74 t2] fired 17 (17 API calls)
    gen: 17 results in 73.9s (avg 974 tok/ep)
    sandbox: 51.2s | pass=1 fail=16 no_code=0 | 48/64 done
  [step 74 t3] fired 16 (16 API calls)
    gen: 16 results in 111.2s (avg 724 tok/ep)
    sandbox: 50.7s | pass=0 fail=16 no_code=0 | 48/64 done
  [step 74 t4] fired 16 (16 API calls)
    gen: 16 results in 30.2s (avg 420 tok/ep)
    sandbox: 50.9s | pass=0 fail=16 no_code=0 | 64/64 done
    g0: 8/8 solved, rewards=[2.15,2.15,2.15,2.15,2.15,2.15,2.15,2.15] SKIP
    g1: 8/8 solved, rewards=[2.10,2.15,2.15,2.15,2.15,2.15,2.15,2.15] TRAIN std=0.017
    g2: 8/8 solved, rewards=[2.15,2.15,2.15,2.15,2.15,2.15,2.15,2.15] SKIP
    g3: 8/8 solved, rewards=[2.15,2.15,2.15,2.15,2.15,2.15,2.15,2.15] SKIP
    g4: 0/8 solved, rewards=[0.07,0.14,0.14,0.07,0.14,0.14,0.14,0.07] TRAIN std=0.035
    g5: 0/8 solved, rewards=[0.33,0.27,0.33,0.33,0.27,0.27,0.33,0.47] TRAIN std=0.062
    g6: 8/8 solved, rewards=[2.15,2.15,2.15,2.15,2.15,2.15,2.15,2.15] SKIP
    g7: 8/8 solved, rewards=[2.15,2.15,2.15,2.15,2.15,2.15,2.15,2.15] SKIP
  [step 74] training: 73 datums, 77113 comp tokens
  [step 74] train done: loss=0.0001 in 6.5s
[step 74/200] solve=0.75 reward=1.67±0.84 loss=0.0001 turns=1.8 disc=288 mast=33 skip=5/8 t=752.9s
  [step 75 t1] fired 64 (8 API calls)
    gen: 64 results in 98.2s (avg 1083 tok/ep)
    sandbox: 95.1s | pass=42 fail=22 no_code=0 | 42/64 done
  [step 75 t2] fired 22 (22 API calls)
    gen: 22 results in 42.1s (avg 666 tok/ep)
    sandbox: 8.7s | pass=3 fail=19 no_code=0 | 45/64 done
  [step 75 t3] fired 19 (19 API calls)
    gen: 19 results in 17.0s (avg 477 tok/ep)
    sandbox: 5.1s | pass=0 fail=19 no_code=0 | 45/64 done
  [step 75 t4] fired 19 (19 API calls)
    gen: 19 results in 13.3s (avg 441 tok/ep)
    sandbox: 4.6s | pass=0 fail=19 no_code=0 | 64/64 done
    g0: 7/8 solved, rewards=[2.15,2.15,2.15,2.15,2.15,0.43,2.15,2.15] TRAIN std=0.569
    g1: 0/8 solved, rewards=[0.35,0.35,0.35,0.35,0.35,0.35,0.35,0.35] SKIP
    g2: 8/8 solved, rewards=[2.15,2.15,2.15,2.15,2.15,2.15,2.15,2.15] SKIP
    g3: 0/8 solved, rewards=[0.00,0.21,0.14,0.14,0.00,0.00,0.00,0.00] TRAIN std=0.083
    g4: 8/8 solved, rewards=[2.15,2.15,2.15,2.15,2.15,2.15,2.15,2.15] SKIP
    g5: 8/8 solved, rewards=[2.15,2.15,2.15,2.15,2.15,2.15,2.15,2.15] SKIP
    g6: 6/8 solved, rewards=[0.33,2.15,2.15,2.15,0.33,2.10,2.10,2.10] TRAIN std=0.776
    g7: 8/8 solved, rewards=[2.15,2.15,2.15,2.15,2.15,2.15,2.15,2.15] SKIP
  [step 75] training: 60 datums, 46603 comp tokens
  [step 75] train done: loss=0.0011 in 4.9s
  [step 75] dumped 64 train trajectories to checkpoints/lcb_path_indep_lcbv5_s42/train_trajectories_step_0075.jsonl
[step 75/200] solve=0.70 reward=1.58±0.88 loss=0.0011 turns=1.9 disc=291 mast=34 skip=5/8 t=289.4s
  [step 76 t1] fired 64 (8 API calls)
    gen: 64 results in 333.1s (avg 1740 tok/ep)
    sandbox: 175.2s | pass=24 fail=40 no_code=0 | 24/64 done
  [step 76 t2] fired 40 (40 API calls)
    gen: 40 results in 58.8s (avg 817 tok/ep)
    sandbox: 175.2s | pass=3 fail=37 no_code=0 | 27/64 done
  [step 76 t3] fired 37 (37 API calls)
    gen: 37 results in 33.7s (avg 555 tok/ep)
    sandbox: 162.2s | pass=1 fail=36 no_code=0 | 28/64 done
  [step 76 t4] fired 36 (36 API calls)
    gen: 36 results in 33.6s (avg 488 tok/ep)
    sandbox: 63.3s | pass=0 fail=36 no_code=0 | 64/64 done
    g0: 8/8 solved, rewards=[2.15,2.15,2.15,2.15,2.15,2.15,2.15,2.15] SKIP
    g1: 1/8 solved, rewards=[0.00,0.14,0.07,0.00,0.21,2.15,0.93,0.00] TRAIN std=0.709
    g2: 8/8 solved, rewards=[2.15,2.15,2.15,2.15,2.15,2.15,2.15,2.15] SKIP
    g3: 5/8 solved, rewards=[0.78,0.37,0.33,2.15,2.15,2.10,2.05,2.15] TRAIN std=0.797
    g4: 0/8 solved, rewards=[0.94,0.94,0.94,0.94,0.94,0.94,0.94,0.42] TRAIN std=0.171
    g5: 6/8 solved, rewards=[2.15,0.86,0.86,2.15,2.10,2.15,2.15,2.10] TRAIN std=0.553
    g6: 0/8 solved, rewards=[0.00,0.00,0.00,0.00,0.00,0.00,0.00,0.00] SKIP
    g7: 0/8 solved, rewards=[0.07,0.13,0.07,0.13,0.13,0.07,0.07,0.13] TRAIN std=0.033
  [step 76] training: 129 datums, 111968 comp tokens
  [step 76] train done: loss=0.0004 in 8.4s
[step 76/200] solve=0.44 reward=1.13±0.94 loss=0.0004 turns=2.8 disc=293 mast=35 skip=3/8 t=1044.6s
  [step 77 t1] fired 64 (8 API calls)
    gen: 64 results in 371.8s (avg 1757 tok/ep)
    sandbox: 45.9s | pass=32 fail=32 no_code=0 | 32/64 done
  [step 77 t2] fired 32 (32 API calls)
    gen: 32 results in 203.6s (avg 1087 tok/ep)
    sandbox: 235.5s | pass=2 fail=30 no_code=0 | 34/64 done
  [step 77 t3] fired 30 (30 API calls)
    gen: 30 results in 33.0s (avg 708 tok/ep)
    sandbox: 45.7s | pass=1 fail=29 no_code=0 | 35/64 done
  [step 77 t4] fired 29 (29 API calls)
    gen: 29 results in 46.0s (avg 639 tok/ep)
    sandbox: 45.6s | pass=0 fail=29 no_code=0 | 64/64 done
    g0: 4/8 solved, rewards=[0.18,2.15,0.09,2.15,0.09,0.09,2.15,2.15] TRAIN std=1.019
    g1: 0/8 solved, rewards=[0.27,0.27,0.27,0.27,0.27,0.27,0.27,0.20] TRAIN std=0.022
    g2: 0/8 solved, rewards=[0.83,0.78,0.83,0.61,0.61,0.61,0.78,0.83] TRAIN std=0.099
    g3: 8/8 solved, rewards=[2.15,2.15,2.15,2.15,2.15,2.15,2.15,2.15] SKIP
    g4: 8/8 solved, rewards=[2.15,2.15,2.15,2.15,2.15,2.15,2.15,2.15] SKIP
    g5: 6/8 solved, rewards=[2.15,2.15,0.05,2.15,2.15,2.15,0.05,2.15] TRAIN std=0.908
    g6: 8/8 solved, rewards=[2.15,2.15,2.15,2.15,2.05,2.15,2.15,2.10] TRAIN std=0.035
    g7: 1/8 solved, rewards=[0.56,0.23,0.62,2.10,0.62,0.62,0.23,0.62] TRAIN std=0.553
  [step 77] training: 139 datums, 175698 comp tokens
  [step 77] train done: loss=0.0005 in 10.9s
[step 77/200] solve=0.55 reward=1.36±0.88 loss=0.0005 turns=2.4 disc=297 mast=35 skip=2/8 t=1038.9s
  [step 78 t1] fired 64 (8 API calls)
    gen: 64 results in 140.3s (avg 1576 tok/ep)
    sandbox: 625.5s | pass=39 fail=25 no_code=0 | 39/64 done
  [step 78 t2] fired 25 (25 API calls)
    gen: 25 results in 78.2s (avg 1093 tok/ep)
    sandbox: 77.6s | pass=1 fail=24 no_code=0 | 40/64 done
  [step 78 t3] fired 24 (24 API calls)
    gen: 24 results in 106.0s (avg 773 tok/ep)
    sandbox: 77.5s | pass=0 fail=24 no_code=0 | 40/64 done
  [step 78 t4] fired 24 (24 API calls)
    gen: 24 results in 33.9s (avg 535 tok/ep)
    sandbox: 77.8s | pass=0 fail=24 no_code=0 | 64/64 done
    g0: 8/8 solved, rewards=[2.15,2.15,2.15,2.15,2.15,2.15,2.15,2.15] SKIP
    g1: 8/8 solved, rewards=[2.15,2.15,2.15,2.15,2.15,2.15,2.15,2.15] SKIP
    g2: 0/8 solved, rewards=[0.22,0.22,0.17,0.17,0.17,0.17,0.30,0.17] TRAIN std=0.043
    g3: 0/8 solved, rewards=[0.00,0.13,0.27,0.07,0.13,0.20,0.20,0.00] TRAIN std=0.091
    g4: 8/8 solved, rewards=[2.15,2.15,2.15,2.15,2.15,2.15,2.10,2.15] TRAIN std=0.017
    g5: 8/8 solved, rewards=[2.15,2.15,2.15,2.15,2.15,2.15,2.15,2.15] SKIP
    g6: 0/8 solved, rewards=[0.13,0.07,0.13,0.80,0.80,0.20,0.80,0.20] TRAIN std=0.319
    g7: 8/8 solved, rewards=[2.15,2.15,2.15,2.15,2.15,2.15,2.15,2.15] SKIP
  [step 78] training: 105 datums, 138704 comp tokens
  [step 78] train done: loss=-0.0049 in 9.5s
[step 78/200] solve=0.62 reward=1.43±0.93 loss=-0.0049 turns=2.1 disc=298 mast=36 skip=4/8 t=1227.5s
  [step 79 t1] fired 64 (8 API calls)
    gen: 64 results in 134.5s (avg 1455 tok/ep)
    sandbox: 55.7s | pass=27 fail=37 no_code=0 | 27/64 done
  [step 79 t2] fired 37 (37 API calls)
    gen: 37 results in 90.9s (avg 970 tok/ep)
    sandbox: 50.1s | pass=0 fail=37 no_code=0 | 27/64 done
  [step 79 t3] fired 37 (37 API calls)
    gen: 37 results in 44.3s (avg 587 tok/ep)
    sandbox: 24.9s | pass=1 fail=36 no_code=0 | 28/64 done
  [step 79 t4] fired 36 (36 API calls)
    gen: 36 results in 34.7s (avg 502 tok/ep)
    sandbox: 25.0s | pass=0 fail=36 no_code=0 | 64/64 done
    g0: 0/8 solved, rewards=[0.80,0.07,0.80,0.07,0.80,0.07,0.80,0.80] TRAIN std=0.355
    g1: 3/8 solved, rewards=[0.33,0.33,0.67,2.15,0.00,0.00,2.15,2.15] TRAIN std=0.933
    g2: 6/8 solved, rewards=[2.15,2.15,2.15,0.13,2.15,2.15,2.15,0.27] TRAIN std=0.845
    g3: 7/8 solved, rewards=[2.15,2.15,2.15,2.15,2.15,0.73,2.15,2.15] TRAIN std=0.469
    g4: 3/8 solved, rewards=[2.15,0.53,0.33,0.87,2.15,0.47,0.53,2.15] TRAIN std=0.789
    g5: 0/8 solved, rewards=[0.13,0.80,0.80,0.80,0.80,0.80,0.27,0.80] TRAIN std=0.262
    g6: 8/8 solved, rewards=[2.15,2.15,2.15,2.15,2.15,2.15,2.15,2.15] SKIP
    g7: 1/8 solved, rewards=[0.87,0.87,2.05,0.87,0.87,0.87,0.87,0.87] TRAIN std=0.391
  [step 79] training: 166 datums, 162030 comp tokens
  [step 79] train done: loss=0.0018 in 9.8s
[step 79/200] solve=0.44 reward=1.26±0.81 loss=0.0018 turns=2.7 disc=302 mast=36 skip=1/8 t=470.6s
  [step 80 t1] fired 64 (8 API calls)
    gen: 64 results in 166.0s (avg 2791 tok/ep)
    sandbox: 144.9s | pass=7 fail=54 no_code=3 | 7/64 done
  [step 80 t2] fired 57 (57 API calls)
    gen: 57 results in 146.0s (avg 1046 tok/ep)
    sandbox: 153.5s | pass=1 fail=56 no_code=0 | 8/64 done
  [step 80 t3] fired 56 (56 API calls)
    gen: 56 results in 47.8s (avg 644 tok/ep)
    sandbox: 150.2s | pass=2 fail=54 no_code=0 | 10/64 done
  [step 80 t4] fired 54 (54 API calls)
    gen: 54 results in 50.7s (avg 596 tok/ep)
    sandbox: 144.4s | pass=0 fail=54 no_code=0 | 64/64 done
    g0: 5/8 solved, rewards=[0.16,0.16,0.16,2.15,2.15,2.10,2.15,2.05] TRAIN std=0.949
    g1: 0/8 solved, rewards=[0.00,0.00,0.00,0.00,0.00,0.00,0.00,0.00] SKIP
    g2: 0/8 solved, rewards=[0.00,0.79,0.79,0.79,0.79,0.86,0.79,0.79] TRAIN std=0.264
    g3: 0/8 solved, rewards=[0.79,0.61,0.64,0.44,0.61,0.54,0.76,0.64] TRAIN std=0.104
    g4: 1/8 solved, rewards=[0.62,2.05,0.62,0.62,0.62,0.62,0.62,0.62] TRAIN std=0.471
    g5: 0/8 solved, rewards=[0.17,0.30,0.03,0.23,0.27,0.30,0.30,0.30] TRAIN std=0.089
    g6: 4/8 solved, rewards=[0.43,2.15,0.00,0.57,2.15,2.15,0.00,2.15] TRAIN std=0.967
    g7: 0/8 solved, rewards=[0.67,0.40,0.40,0.60,0.53,0.53,0.13,0.80] TRAIN std=0.188
  [step 80] training: 199 datums, 279396 comp tokens
  [step 80] train done: loss=0.0016 in 14.3s
  [step 80] dumped 64 train trajectories to checkpoints/lcb_path_indep_lcbv5_s42/train_trajectories_step_0080.jsonl
[step 80/200] solve=0.16 reward=0.68±0.68 loss=0.0016 turns=3.6 disc=304 mast=36 skip=1/8 t=1019.8s
[lcb] Checkpoint: tinker://0e361783-717c-52c2-86f8-6d2a5e5b4f0c:train:0/weights/step_0080
[eval] Running on 20 problems...
[eval] step=80: 10/20 = 0.50
[eval] Trajectories saved to checkpoints/lcb_path_indep_lcbv5_s42/eval_trajectories_step_0080.jsonl
  [step 81 t1] fired 64 (8 API calls)
    gen: 64 results in 314.7s (avg 1293 tok/ep)
    sandbox: 102.9s | pass=40 fail=24 no_code=0 | 40/64 done
  [step 81 t2] fired 24 (24 API calls)
    gen: 24 results in 345.1s (avg 756 tok/ep)
    sandbox: 88.8s | pass=4 fail=20 no_code=0 | 44/64 done
  [step 81 t3] fired 20 (20 API calls)
    gen: 20 results in 261.6s (avg 680 tok/ep)
    sandbox: 2.4s | pass=1 fail=19 no_code=0 | 45/64 done
  [step 81 t4] fired 19 (19 API calls)
    gen: 19 results in 89.0s (avg 488 tok/ep)
    sandbox: 2.3s | pass=0 fail=19 no_code=0 | 64/64 done
    g0: 8/8 solved, rewards=[2.15,2.15,2.15,2.15,2.15,2.15,2.15,2.15] SKIP
    g1: 2/8 solved, rewards=[0.75,2.10,0.75,0.75,0.75,2.15,0.75,0.75] TRAIN std=0.596
    g2: 8/8 solved, rewards=[2.15,2.15,2.15,2.05,2.15,2.15,2.15,2.15] TRAIN std=0.033
    g3: 0/8 solved, rewards=[0.00,0.00,0.00,0.00,0.00,0.00,0.00,0.00] SKIP
    g4: 8/8 solved, rewards=[2.15,2.15,2.15,2.15,2.15,2.15,2.15,2.15] SKIP
    g5: 7/8 solved, rewards=[2.15,2.15,0.60,2.15,2.15,2.15,2.10,2.15] TRAIN std=0.511
    g6: 8/8 solved, rewards=[2.15,2.15,2.15,2.10,2.15,2.15,2.15,2.15] TRAIN std=0.017
    g7: 4/8 solved, rewards=[0.07,0.20,0.40,2.10,2.15,2.15,0.00,2.15] TRAIN std=0.991
  [step 81] training: 79 datums, 89469 comp tokens
  [step 81] train done: loss=-0.0001 in 24.3s
[step 81/200] solve=0.70 reward=1.60±0.86 loss=-0.0001 turns=2.0 disc=306 mast=38 skip=3/8 t=1231.7s
  [step 82 t1] fired 64 (8 API calls)
    gen: 64 results in 718.0s (avg 1457 tok/ep)
    sandbox: 95.2s | pass=29 fail=35 no_code=0 | 29/64 done
  [step 82 t2] fired 35 (35 API calls)
    gen: 35 results in 227.5s (avg 749 tok/ep)
    sandbox: 95.3s | pass=0 fail=35 no_code=0 | 29/64 done
  [step 82 t3] fired 35 (35 API calls)
    gen: 35 results in 59.8s (avg 517 tok/ep)
    sandbox: 95.3s | pass=0 fail=35 no_code=0 | 29/64 done
  [step 82 t4] fired 35 (35 API calls)
    gen: 35 results in 508.6s (avg 478 tok/ep)
    sandbox: 95.1s | pass=0 fail=35 no_code=0 | 64/64 done
    g0: 1/8 solved, rewards=[0.21,0.00,2.15,0.21,0.21,0.00,0.64,0.00] TRAIN std=0.680
    g1: 0/8 solved, rewards=[0.27,0.27,0.27,0.27,0.20,0.20,0.27,0.20] TRAIN std=0.032
    g2: 8/8 solved, rewards=[2.15,2.15,2.15,2.15,2.15,2.15,2.15,2.15] SKIP
    g3: 8/8 solved, rewards=[2.15,2.15,2.15,2.15,2.15,2.15,2.15,2.15] SKIP
    g4: 0/8 solved, rewards=[0.50,0.50,0.50,0.50,0.50,0.50,0.50,0.50] SKIP
    g5: 3/8 solved, rewards=[0.93,0.07,0.87,0.87,2.15,2.15,2.15,0.80] TRAIN std=0.744
    g6: 3/8 solved, rewards=[0.69,2.15,0.62,0.69,0.69,2.15,2.15,0.69] TRAIN std=0.714
    g7: 6/8 solved, rewards=[0.47,2.15,2.15,0.80,2.15,2.15,2.15,2.15] TRAIN std=0.662
  [step 82] training: 121 datums, 117019 comp tokens
  [step 82] train done: loss=0.0007 in 57.7s
[step 82/200] solve=0.45 reward=1.21±0.87 loss=0.0007 turns=2.6 disc=308 mast=39 skip=3/8 t=1953.3s
  [step 83 t1] fired 64 (8 API calls)
    gen: 64 results in 459.3s (avg 1318 tok/ep)
    sandbox: 107.7s | pass=41 fail=23 no_code=0 | 41/64 done
  [step 83 t2] fired 23 (23 API calls)
    gen: 23 results in 122.2s (avg 775 tok/ep)
    sandbox: 96.7s | pass=2 fail=21 no_code=0 | 43/64 done
  [step 83 t3] fired 21 (21 API calls)
    gen: 21 results in 531.6s (avg 478 tok/ep)
    sandbox: 95.9s | pass=0 fail=21 no_code=0 | 43/64 done
  [step 83 t4] fired 21 (21 API calls)
    gen: 21 results in 380.8s (avg 432 tok/ep)
    sandbox: 95.1s | pass=0 fail=21 no_code=0 | 64/64 done
    g0: 8/8 solved, rewards=[2.15,2.15,2.15,2.15,2.15,2.15,2.15,2.15] SKIP
    g1: 8/8 solved, rewards=[2.15,2.15,2.15,2.15,2.15,2.15,2.15,2.15] SKIP
    g2: 3/8 solved, rewards=[0.00,2.10,0.27,2.10,0.20,0.00,0.27,2.15] TRAIN std=0.959
    g3: 8/8 solved, rewards=[2.15,2.15,2.15,2.15,2.15,2.15,2.15,2.15] SKIP
    g4: 0/8 solved, rewards=[0.00,0.00,0.07,0.00,0.00,0.00,0.00,0.00] TRAIN std=0.024
    g5: 0/8 solved, rewards=[0.17,0.30,0.30,0.52,0.17,0.00,0.30,0.30] TRAIN std=0.141
    g6: 8/8 solved, rewards=[2.15,2.15,2.15,2.15,2.15,2.15,2.15,2.15] SKIP
    g7: 8/8 solved, rewards=[2.15,2.15,2.15,2.15,2.15,2.15,2.15,2.15] SKIP
  [step 83] training: 89 datums, 75354 comp tokens
  [step 83] train done: loss=0.0045 in 122.2s
[step 83/200] solve=0.67 reward=1.49±0.95 loss=0.0045 turns=2.0 disc=310 mast=40 skip=5/8 t=2011.9s
  [step 84 t1] fired 64 (8 API calls)
    gen: 64 results in 565.0s (avg 1519 tok/ep)
    sandbox: 53.6s | pass=43 fail=21 no_code=0 | 43/64 done
  [step 84 t2] fired 21 (21 API calls)
    gen: 21 results in 247.5s (avg 807 tok/ep)
    sandbox: 50.9s | pass=1 fail=20 no_code=0 | 44/64 done
  [step 84 t3] fired 20 (20 API calls)
    gen: 20 results in 644.6s (avg 604 tok/ep)
    sandbox: 51.6s | pass=2 fail=18 no_code=0 | 46/64 done
  [step 84 t4] fired 18 (18 API calls)
    gen: 18 results in 222.5s (avg 476 tok/ep)
    sandbox: 50.9s | pass=2 fail=16 no_code=0 | 64/64 done
    g0: 1/8 solved, rewards=[0.87,2.00,0.47,0.87,0.40,0.53,0.33,0.87] TRAIN std=0.502
    g1: 8/8 solved, rewards=[2.15,2.15,2.15,2.15,2.15,2.15,2.15,2.15] SKIP
    g2: 8/8 solved, rewards=[2.15,2.15,2.15,2.15,2.15,2.15,2.15,2.15] SKIP
    g3: 8/8 solved, rewards=[2.15,2.15,2.15,2.15,2.15,2.15,2.15,2.15] SKIP
    g4: 4/8 solved, rewards=[0.00,2.05,0.67,0.20,0.20,2.15,2.15,2.05] TRAIN std=0.934
    g5: 4/8 solved, rewards=[2.10,0.00,0.43,0.21,2.15,0.43,2.15,2.15] TRAIN std=0.943
    g6: 7/8 solved, rewards=[2.15,2.15,2.15,2.15,2.15,2.15,0.86,2.00] TRAIN std=0.423
    g7: 8/8 solved, rewards=[2.15,2.15,2.15,2.15,2.15,2.15,2.15,2.15] SKIP
  [step 84] training: 91 datums, 105483 comp tokens
  [step 84] train done: loss=-0.0019 in 95.7s
[step 84/200] solve=0.75 reward=1.72±0.74 loss=-0.0019 turns=1.9 disc=313 mast=41 skip=4/8 t=1983.1s
  [step 85 t1] fired 64 (8 API calls)
    gen: 64 results in 595.1s (avg 1148 tok/ep)
    sandbox: 97.2s | pass=43 fail=21 no_code=0 | 43/64 done
  [step 85 t2] fired 21 (21 API calls)
    gen: 21 results in 254.6s (avg 785 tok/ep)
    sandbox: 1.3s | pass=1 fail=20 no_code=0 | 44/64 done
  [step 85 t3] fired 20 (20 API calls)
    gen: 20 results in 247.0s (avg 672 tok/ep)
    sandbox: 1.2s | pass=0 fail=20 no_code=0 | 44/64 done
  [step 85 t4] fired 20 (20 API calls)
    gen: 20 results in 282.6s (avg 491 tok/ep)
    sandbox: 1.7s | pass=1 fail=19 no_code=0 | 64/64 done
    g0: 8/8 solved, rewards=[2.15,2.15,2.15,2.15,2.15,2.15,2.15,2.15] SKIP
    g1: 8/8 solved, rewards=[2.15,2.15,2.15,2.15,2.15,2.15,2.15,2.15] SKIP
    g2: 8/8 solved, rewards=[2.15,2.15,2.15,2.15,2.15,2.15,2.15,2.15] SKIP
    g3: 4/8 solved, rewards=[2.00,2.15,2.15,0.82,0.82,2.15,0.82,0.82] TRAIN std=0.647
    g4: 1/8 solved, rewards=[0.07,0.15,2.10,0.22,0.22,0.22,0.22,0.22] TRAIN std=0.634
    g5: 8/8 solved, rewards=[2.15,2.15,2.15,2.15,2.15,2.15,2.15,2.15] SKIP
    g6: 8/8 solved, rewards=[2.15,2.15,2.15,2.15,2.15,2.15,2.15,2.15] SKIP
    g7: 0/8 solved, rewards=[0.07,0.79,0.07,0.07,0.14,0.00,0.00,0.79] TRAIN std=0.317
  [step 85] training: 85 datums, 80913 comp tokens
  [step 85] train done: loss=0.0026 in 24.5s
  [step 85] dumped 64 train trajectories to checkpoints/lcb_path_indep_lcbv5_s42/train_trajectories_step_0085.jsonl
[step 85/200] solve=0.70 reward=1.61±0.84 loss=0.0026 turns=2.0 disc=316 mast=42 skip=5/8 t=1505.8s
  [step 86 t1] fired 64 (8 API calls)
    gen: 64 results in 550.0s (avg 1338 tok/ep)
    sandbox: 67.3s | pass=45 fail=19 no_code=0 | 45/64 done
  [step 86 t2] fired 19 (19 API calls)
    gen: 19 results in 278.9s (avg 1054 tok/ep)
    sandbox: 4.9s | pass=2 fail=17 no_code=0 | 47/64 done
  [step 86 t3] fired 17 (17 API calls)
    gen: 17 results in 87.8s (avg 632 tok/ep)
    sandbox: 5.0s | pass=2 fail=15 no_code=0 | 49/64 done
  [step 86 t4] fired 15 (15 API calls)
    gen: 15 results in 115.2s (avg 503 tok/ep)
    sandbox: 4.4s | pass=0 fail=15 no_code=0 | 64/64 done
    g0: 8/8 solved, rewards=[2.15,2.15,2.15,2.15,2.15,2.15,2.15,2.15] SKIP
    g1: 5/8 solved, rewards=[2.15,0.71,0.71,2.15,2.05,2.15,2.15,0.71] TRAIN std=0.686
    g2: 0/8 solved, rewards=[0.32,0.32,0.32,0.32,0.32,0.32,0.11,0.32] TRAIN std=0.071
    g3: 8/8 solved, rewards=[2.15,2.15,2.15,2.15,2.15,2.15,2.15,2.15] SKIP
    g4: 8/8 solved, rewards=[2.15,2.15,2.15,2.15,2.15,2.15,2.15,2.15] SKIP
    g5: 8/8 solved, rewards=[2.15,2.15,2.15,2.15,2.15,2.15,2.15,2.15] SKIP
    g6: 8/8 solved, rewards=[2.15,2.15,2.15,2.15,2.15,2.15,2.15,2.10] TRAIN std=0.017
    g7: 4/8 solved, rewards=[0.93,2.15,0.93,2.15,2.10,2.05,0.20,0.93] TRAIN std=0.718
  [step 86] training: 83 datums, 92832 comp tokens
  [step 86] train done: loss=0.0173 in 43.4s
[step 86/200] solve=0.77 reward=1.76±0.71 loss=0.0173 turns=1.8 disc=316 mast=43 skip=4/8 t=1157.5s
  [step 87 t1] fired 64 (8 API calls)
    gen: 64 results in 652.2s (avg 1626 tok/ep)
    sandbox: 92.5s | pass=31 fail=33 no_code=0 | 31/64 done
  [step 87 t2] fired 33 (33 API calls)
    gen: 33 results in 251.9s (avg 1052 tok/ep)
    sandbox: 78.5s | pass=6 fail=27 no_code=0 | 37/64 done
  [step 87 t3] fired 27 (27 API calls)
    gen: 27 results in 931.7s (avg 896 tok/ep)
    sandbox: 81.5s | pass=2 fail=25 no_code=0 | 39/64 done
  [step 87 t4] fired 25 (25 API calls)
    gen: 25 results in 506.5s (avg 619 tok/ep)
    sandbox: 79.6s | pass=0 fail=25 no_code=0 | 64/64 done
    g0: 7/8 solved, rewards=[2.15,2.10,2.10,2.10,0.00,2.05,2.15,2.15] TRAIN std=0.700
    g1: 0/8 solved, rewards=[0.71,0.71,0.71,0.71,0.71,0.71,0.71,0.71] SKIP
    g2: 8/8 solved, rewards=[2.15,2.15,2.15,2.15,2.15,2.15,2.15,2.15] SKIP
    g3: 0/8 solved, rewards=[0.43,0.96,0.43,0.43,0.43,0.32,0.64,0.64] TRAIN std=0.193
    g4: 8/8 solved, rewards=[2.15,2.15,2.10,2.15,2.15,2.15,2.15,2.15] TRAIN std=0.017
    g5: 8/8 solved, rewards=[2.05,2.10,2.15,2.15,2.15,2.15,2.10,2.15] TRAIN std=0.035
    g6: 8/8 solved, rewards=[2.15,2.15,2.15,2.15,2.15,2.15,2.15,2.15] SKIP
    g7: 0/8 solved, rewards=[0.27,0.32,0.32,0.32,0.32,0.32,0.00,0.32] TRAIN std=0.104
  [step 87] training: 97 datums, 122421 comp tokens
  [step 87] train done: loss=-0.0012 in 119.8s
[step 87/200] solve=0.61 reward=1.49±0.82 loss=-0.0012 turns=2.3 disc=319 mast=43 skip=3/8 t=2795.1s
  [step 88 t1] fired 64 (8 API calls)
    gen: 64 results in 596.6s (avg 1078 tok/ep)
    sandbox: 233.9s | pass=36 fail=28 no_code=0 | 36/64 done
  [step 88 t2] fired 28 (28 API calls)
    gen: 28 results in 451.7s (avg 992 tok/ep)
    sandbox: 144.0s | pass=3 fail=25 no_code=0 | 39/64 done
  [step 88 t3] fired 25 (25 API calls)
    gen: 25 results in 901.3s (avg 830 tok/ep)
    sandbox: 37.5s | pass=2 fail=23 no_code=0 | 41/64 done
  [step 88 t4] fired 23 (23 API calls)
    gen: 23 results in 208.3s (avg 627 tok/ep)
    sandbox: 37.2s | pass=0 fail=23 no_code=0 | 64/64 done
    g0: 8/8 solved, rewards=[2.15,2.15,2.15,2.15,2.15,2.15,2.15,2.15] SKIP
    g1: 0/8 solved, rewards=[0.71,0.57,0.71,0.71,0.71,0.36,0.71,0.71] TRAIN std=0.121
    g2: 8/8 solved, rewards=[2.15,2.15,2.15,2.15,2.15,2.15,2.15,2.15] SKIP
    g3: 8/8 solved, rewards=[2.15,2.15,2.15,2.15,2.15,2.15,2.15,2.15] SKIP
    g4: 7/8 solved, rewards=[2.15,2.15,2.15,0.67,2.05,2.15,2.15,2.15] TRAIN std=0.487
    g5: 0/8 solved, rewards=[0.29,0.14,0.29,0.29,0.29,0.29,0.21,0.29] TRAIN std=0.050
    g6: 2/8 solved, rewards=[0.36,0.21,2.10,0.36,2.05,0.36,0.36,0.21] TRAIN std=0.767
    g7: 8/8 solved, rewards=[2.15,2.10,2.15,2.15,2.15,2.15,2.10,2.15] TRAIN std=0.022
  [step 88] training: 116 datums, 110609 comp tokens
  [step 88] train done: loss=-0.0024 in 170.7s
[step 88/200] solve=0.64 reward=1.53±0.83 loss=-0.0024 turns=2.2 disc=322 mast=44 skip=3/8 t=2782.1s
  [step 89 t1] fired 64 (8 API calls)
    gen: 64 results in 652.1s (avg 1369 tok/ep)
    sandbox: 243.7s | pass=26 fail=38 no_code=0 | 26/64 done
  [step 89 t2] fired 38 (38 API calls)
    gen: 38 results in 1018.3s (avg 861 tok/ep)
    sandbox: 233.5s | pass=3 fail=35 no_code=0 | 29/64 done
  [step 89 t3] fired 35 (35 API calls)
    gen: 35 results in 217.3s (avg 757 tok/ep)
    sandbox: 233.5s | pass=2 fail=33 no_code=0 | 31/64 done
  [step 89 t4] fired 33 (33 API calls)
    gen: 33 results in 160.1s (avg 603 tok/ep)
    sandbox: 233.4s | pass=1 fail=32 no_code=0 | 64/64 done
    g0: 6/8 solved, rewards=[2.15,2.10,2.15,2.15,0.25,2.10,2.15,0.68] TRAIN std=0.731
    g1: 8/8 solved, rewards=[2.15,2.15,2.15,2.15,2.15,2.15,2.15,2.15] SKIP
    g2: 8/8 solved, rewards=[2.05,2.00,2.15,2.15,2.10,2.15,2.15,2.15] TRAIN std=0.054
    g3: 0/8 solved, rewards=[0.00,0.00,0.19,0.00,0.00,0.19,0.19,0.19] TRAIN std=0.093
    g4: 8/8 solved, rewards=[2.15,2.15,2.15,2.15,2.15,2.15,2.15,2.15] SKIP
    g5: 0/8 solved, rewards=[0.00,0.00,0.00,0.00,0.00,0.00,0.00,0.00] SKIP
    g6: 0/8 solved, rewards=[0.07,0.22,0.22,0.22,0.22,0.22,0.22,0.22] TRAIN std=0.049
    g7: 2/8 solved, rewards=[0.71,0.71,0.71,0.71,0.07,0.71,2.15,2.05] TRAIN std=0.679
  [step 89] training: 122 datums, 132677 comp tokens
  [step 89] train done: loss=0.0044 in 313.8s
[step 89/200] solve=0.50 reward=1.18±0.98 loss=0.0044 turns=2.7 disc=326 mast=44 skip=3/8 t=3306.6s
  [step 90 t1] fired 64 (8 API calls)
    gen: 64 results in 565.9s (avg 1401 tok/ep)
    sandbox: 86.0s | pass=41 fail=23 no_code=0 | 41/64 done
  [step 90 t2] fired 23 (23 API calls)
    gen: 23 results in 258.2s (avg 861 tok/ep)
    sandbox: 71.4s | pass=4 fail=19 no_code=0 | 45/64 done
  [step 90 t3] fired 19 (19 API calls)
    gen: 19 results in 94.2s (avg 604 tok/ep)
    sandbox: 72.0s | pass=1 fail=18 no_code=0 | 46/64 done
  [step 90 t4] fired 18 (18 API calls)
    gen: 18 results in 578.0s (avg 424 tok/ep)
    sandbox: 71.7s | pass=1 fail=17 no_code=0 | 64/64 done
    g0: 8/8 solved, rewards=[2.15,2.15,2.15,2.15,2.15,2.15,2.15,2.15] SKIP
    g1: 8/8 solved, rewards=[2.15,2.15,2.15,2.15,2.15,2.15,2.15,2.15] SKIP
    g2: 8/8 solved, rewards=[2.15,2.15,2.15,2.15,2.15,2.15,2.15,2.15] SKIP
    g3: 8/8 solved, rewards=[2.15,2.15,2.15,2.15,2.15,2.15,2.15,2.15] SKIP
    g4: 6/8 solved, rewards=[2.15,0.29,2.15,2.15,2.15,2.15,0.29,2.15] TRAIN std=0.807
    g5: 1/8 solved, rewards=[0.15,2.10,0.52,0.89,0.07,0.11,0.52,0.52] TRAIN std=0.620
    g6: 0/8 solved, rewards=[0.19,0.19,0.19,0.19,0.19,0.19,0.19,0.19] SKIP
    g7: 8/8 solved, rewards=[2.05,2.00,2.15,2.15,2.10,2.10,2.15,2.10] TRAIN std=0.050
  [step 90] training: 54 datums, 67910 comp tokens
  [step 90] train done: loss=0.0045 in 13.7s
  [step 90] dumped 64 train trajectories to checkpoints/lcb_path_indep_lcbv5_s42/train_trajectories_step_0090.jsonl
[step 90/200] solve=0.73 reward=1.65±0.83 loss=0.0045 turns=1.9 disc=328 mast=45 skip=5/8 t=1811.7s
[eval] Running on 20 problems...
[eval] step=90: 10/20 = 0.50
[eval] Trajectories saved to checkpoints/lcb_path_indep_lcbv5_s42/eval_trajectories_step_0090.jsonl
  [step 91 t1] fired 64 (8 API calls)
    gen: 64 results in 310.6s (avg 1237 tok/ep)
    sandbox: 239.4s | pass=40 fail=24 no_code=0 | 40/64 done
  [step 91 t2] fired 24 (24 API calls)
    gen: 24 results in 89.8s (avg 866 tok/ep)
    sandbox: 240.0s | pass=7 fail=17 no_code=0 | 47/64 done
  [step 91 t3] fired 17 (17 API calls)
    gen: 17 results in 75.7s (avg 657 tok/ep)
    sandbox: 239.1s | pass=2 fail=15 no_code=0 | 49/64 done
  [step 91 t4] fired 15 (15 API calls)
    gen: 15 results in 187.2s (avg 506 tok/ep)
    sandbox: 238.8s | pass=0 fail=15 no_code=0 | 64/64 done
    g0: 8/8 solved, rewards=[2.15,2.15,2.15,2.15,2.15,2.15,2.15,2.15] SKIP
    g1: 5/8 solved, rewards=[0.00,0.61,2.10,2.10,2.10,0.00,2.10,2.10] TRAIN std=0.935
    g2: 7/8 solved, rewards=[2.15,2.10,0.09,2.15,2.15,2.05,2.15,2.15] TRAIN std=0.675
    g3: 8/8 solved, rewards=[2.15,2.15,2.15,2.15,2.15,2.15,2.15,2.15] SKIP
    g4: 5/8 solved, rewards=[0.71,2.15,2.15,0.71,2.05,2.15,0.71,2.10] TRAIN std=0.681
    g5: 0/8 solved, rewards=[0.60,0.33,0.27,0.27,0.33,0.33,0.27,0.27] TRAIN std=0.105
    g6: 8/8 solved, rewards=[2.15,2.15,2.15,2.15,2.15,2.15,2.15,2.15] SKIP
    g7: 8/8 solved, rewards=[2.15,2.15,2.15,2.15,2.15,2.15,2.15,2.15] SKIP
  [step 91] training: 76 datums, 79631 comp tokens
  [step 91] train done: loss=0.0280 in 127.8s
[step 91/200] solve=0.77 reward=1.72±0.76 loss=0.0280 turns=1.9 disc=329 mast=47 skip=4/8 t=1749.0s
  [step 92 t1] fired 64 (8 API calls)
    gen: 64 results in 242.5s (avg 1266 tok/ep)
    sandbox: 28.9s | pass=54 fail=10 no_code=0 | 54/64 done
  [step 92 t2] fired 10 (10 API calls)
    gen: 10 results in 144.8s (avg 971 tok/ep)
    sandbox: 6.3s | pass=2 fail=8 no_code=0 | 56/64 done
  [step 92 t3] fired 8 (8 API calls)
    gen: 8 results in 45.4s (avg 674 tok/ep)
    sandbox: 0.4s | pass=0 fail=8 no_code=0 | 56/64 done
  [step 92 t4] fired 8 (8 API calls)
    gen: 8 results in 46.9s (avg 700 tok/ep)
    sandbox: 0.4s | pass=0 fail=8 no_code=0 | 64/64 done
    g0: 8/8 solved, rewards=[2.15,2.15,2.15,2.15,2.10,2.15,2.15,2.15] TRAIN std=0.017
    g1: 8/8 solved, rewards=[2.15,2.15,2.15,2.15,2.15,2.15,2.15,2.15] SKIP
    g2: 8/8 solved, rewards=[2.15,2.15,2.15,2.15,2.15,2.15,2.15,2.15] SKIP
    g3: 8/8 solved, rewards=[2.15,2.15,2.15,2.15,2.15,2.15,2.15,2.15] SKIP
    g4: 8/8 solved, rewards=[2.15,2.15,2.15,2.15,2.15,2.15,2.15,2.15] SKIP
    g5: 8/8 solved, rewards=[2.15,2.15,2.15,2.15,2.15,2.15,2.15,2.15] SKIP
    g6: 0/8 solved, rewards=[0.73,0.80,0.80,0.73,0.80,0.80,0.80,0.80] TRAIN std=0.029
    g7: 8/8 solved, rewards=[2.15,2.15,2.10,2.15,2.15,2.15,2.15,2.15] TRAIN std=0.017
  [step 92] training: 50 datums, 67085 comp tokens
  [step 92] train done: loss=0.0003 in 20.2s
[step 92/200] solve=0.88 reward=1.98±0.45 loss=0.0003 turns=1.4 disc=331 mast=47 skip=5/8 t=535.9s
  [step 93 t1] fired 64 (8 API calls)
    gen: 64 results in 243.7s (avg 1333 tok/ep)
    sandbox: 39.1s | pass=34 fail=30 no_code=0 | 34/64 done
  [step 93 t2] fired 30 (30 API calls)
    gen: 30 results in 77.5s (avg 717 tok/ep)
    sandbox: 31.8s | pass=3 fail=27 no_code=0 | 37/64 done
  [step 93 t3] fired 27 (27 API calls)
    gen: 27 results in 83.5s (avg 556 tok/ep)
    sandbox: 30.3s | pass=3 fail=24 no_code=0 | 40/64 done
  [step 93 t4] fired 24 (24 API calls)
    gen: 24 results in 440.5s (avg 474 tok/ep)
    sandbox: 29.7s | pass=2 fail=22 no_code=0 | 64/64 done
    g0: 8/8 solved, rewards=[2.15,2.15,2.15,2.00,2.15,2.15,2.15,2.15] TRAIN std=0.050
    g1: 0/8 solved, rewards=[0.33,0.27,0.20,0.27,0.27,0.27,0.20,0.27] TRAIN std=0.040
    g2: 8/8 solved, rewards=[2.15,2.15,2.15,2.15,2.15,2.15,2.15,2.15] SKIP
    g3: 5/8 solved, rewards=[0.56,2.00,0.56,2.05,2.10,0.56,2.05,2.05] TRAIN std=0.721
    g4: 0/8 solved, rewards=[0.22,0.43,0.16,0.22,0.43,0.19,0.16,0.43] TRAIN std=0.119
    g5: 7/8 solved, rewards=[2.15,2.15,0.50,2.15,2.15,2.10,2.10,2.15] TRAIN std=0.541
    g6: 8/8 solved, rewards=[2.15,2.15,2.15,2.15,2.15,2.15,2.15,2.15] SKIP
    g7: 6/8 solved, rewards=[2.15,0.30,2.15,2.15,2.15,2.15,0.30,2.15] TRAIN std=0.802
  [step 93] training: 129 datums, 123633 comp tokens
  [step 93] train done: loss=-0.0007 in 21.1s
[step 93/200] solve=0.66 reward=1.51±0.86 loss=-0.0007 turns=2.3 disc=334 mast=48 skip=2/8 t=998.1s
  [step 94 t1] fired 64 (8 API calls)
    gen: 64 results in 658.5s (avg 1800 tok/ep)
    sandbox: 624.2s | pass=41 fail=23 no_code=0 | 41/64 done
  [step 94 t2] fired 23 (23 API calls)
    gen: 23 results in 371.7s (avg 1253 tok/ep)
    sandbox: 67.1s | pass=2 fail=21 no_code=0 | 43/64 done
  [step 94 t3] fired 21 (21 API calls)
    gen: 21 results in 232.9s (avg 851 tok/ep)
    sandbox: 67.4s | pass=1 fail=20 no_code=0 | 44/64 done
  [step 94 t4] fired 20 (20 API calls)
    gen: 20 results in 83.9s (avg 642 tok/ep)
    sandbox: 67.3s | pass=0 fail=20 no_code=0 | 64/64 done
    g0: 3/8 solved, rewards=[2.15,0.30,0.39,2.15,0.39,2.10,0.48,0.09] TRAIN std=0.879
    g1: 8/8 solved, rewards=[2.15,2.15,2.15,2.15,2.15,2.15,2.15,2.15] SKIP
    g2: 8/8 solved, rewards=[2.15,2.15,2.15,2.15,2.15,2.15,2.15,2.15] SKIP
    g3: 0/8 solved, rewards=[0.93,0.73,0.73,0.73,0.73,0.73,0.73,0.73] TRAIN std=0.066
    g4: 8/8 solved, rewards=[2.15,2.05,2.15,2.15,2.15,2.15,2.15,2.15] TRAIN std=0.033
    g5: 8/8 solved, rewards=[2.15,2.15,2.15,2.15,2.15,2.15,2.15,2.15] SKIP
    g6: 1/8 solved, rewards=[0.07,0.07,0.07,0.07,2.10,0.07,0.07,0.07] TRAIN std=0.672
    g7: 8/8 solved, rewards=[2.15,2.15,2.15,2.15,2.15,2.15,2.15,2.15] SKIP
  [step 94] training: 96 datums, 150227 comp tokens
  [step 94] train done: loss=0.0072 in 212.6s
[step 94/200] solve=0.69 reward=1.60±0.82 loss=0.0072 turns=2.0 disc=336 mast=48 skip=4/8 t=2386.3s
  [step 95 t1] fired 64 (8 API calls)
    gen: 64 results in 140.0s (avg 1168 tok/ep)
    sandbox: 174.6s | pass=36 fail=28 no_code=0 | 36/64 done
  [step 95 t2] fired 28 (28 API calls)
    gen: 28 results in 328.3s (avg 934 tok/ep)
    sandbox: 173.2s | pass=5 fail=23 no_code=0 | 41/64 done
  [step 95 t3] fired 23 (23 API calls)
    gen: 23 results in 78.1s (avg 720 tok/ep)
    sandbox: 173.0s | pass=1 fail=22 no_code=0 | 42/64 done
  [step 95 t4] fired 22 (22 API calls)
    gen: 22 results in 270.6s (avg 591 tok/ep)
    sandbox: 172.7s | pass=0 fail=22 no_code=0 | 64/64 done
    g0: 8/8 solved, rewards=[2.15,2.15,2.15,2.15,2.15,2.15,2.15,2.15] SKIP
    g1: 8/8 solved, rewards=[2.15,2.15,2.15,2.15,2.15,2.10,2.15,2.15] TRAIN std=0.017
    g2: 7/8 solved, rewards=[2.15,2.15,2.15,0.70,2.15,2.15,2.15,2.15] TRAIN std=0.481
    g3: 7/8 solved, rewards=[2.15,2.10,0.00,2.10,2.10,2.15,2.10,2.15] TRAIN std=0.702
    g4: 0/8 solved, rewards=[0.80,0.80,0.80,0.40,0.80,0.00,0.00,0.00] TRAIN std=0.371
    g5: 4/8 solved, rewards=[0.69,2.15,2.15,2.05,2.15,0.69,0.69,0.62] TRAIN std=0.727
    g6: 8/8 solved, rewards=[2.15,2.15,2.15,2.15,2.15,2.15,2.15,2.15] SKIP
    g7: 0/8 solved, rewards=[0.93,0.73,0.93,0.93,0.93,0.87,0.93,0.93] TRAIN std=0.067
  [step 95] training: 121 datums, 117646 comp tokens
  [step 95] train done: loss=-0.0210 in 30.4s
  [step 95] dumped 64 train trajectories to checkpoints/lcb_path_indep_lcbv5_s42/train_trajectories_step_0095.jsonl
[step 95/200] solve=0.66 reward=1.63±0.74 loss=-0.0210 turns=2.1 disc=338 mast=49 skip=2/8 t=1541.5s
  [step 96 t1] fired 64 (8 API calls)
    gen: 64 results in 254.1s (avg 1731 tok/ep)
    sandbox: 96.6s | pass=39 fail=25 no_code=0 | 39/64 done
  [step 96 t2] fired 25 (25 API calls)
    gen: 25 results in 487.8s (avg 899 tok/ep)
    sandbox: 94.4s | pass=1 fail=24 no_code=0 | 40/64 done
  [step 96 t3] fired 24 (24 API calls)
    gen: 24 results in 458.6s (avg 636 tok/ep)
    sandbox: 94.1s | pass=0 fail=24 no_code=0 | 40/64 done
  [step 96 t4] fired 24 (24 API calls)
    gen: 24 results in 51.4s (avg 483 tok/ep)
    sandbox: 94.2s | pass=0 fail=24 no_code=0 | 64/64 done
    g0: 8/8 solved, rewards=[2.15,2.15,2.15,2.15,2.15,2.15,2.15,2.15] SKIP
    g1: 8/8 solved, rewards=[2.15,2.15,2.15,2.15,2.15,2.15,2.15,2.15] SKIP
    g2: 8/8 solved, rewards=[2.15,2.15,2.15,2.15,2.10,2.15,2.15,2.15] TRAIN std=0.017
    g3: 0/8 solved, rewards=[0.64,0.00,0.71,0.71,0.79,0.79,0.71,0.71] TRAIN std=0.243
    g4: 0/8 solved, rewards=[0.86,0.86,0.93,0.86,0.86,0.86,0.93,0.71] TRAIN std=0.062
    g5: 8/8 solved, rewards=[2.15,2.15,2.15,2.15,2.15,2.15,2.15,2.15] SKIP
    g6: 0/8 solved, rewards=[0.45,0.94,0.94,0.94,0.94,0.94,0.94,0.94] TRAIN std=0.160
    g7: 8/8 solved, rewards=[2.15,2.15,2.15,2.15,2.15,2.15,2.15,2.15] SKIP
  [step 96] training: 85 datums, 99721 comp tokens
  [step 96] train done: loss=0.0000 in 18.1s
[step 96/200] solve=0.62 reward=1.64±0.67 loss=0.0000 turns=2.1 disc=342 mast=49 skip=4/8 t=1650.2s
  [step 97 t1] fired 64 (8 API calls)
    gen: 64 results in 283.8s (avg 1597 tok/ep)
    sandbox: 5.8s | pass=39 fail=24 no_code=1 | 39/64 done
  [step 97 t2] fired 25 (25 API calls)
    gen: 25 results in 81.6s (avg 1003 tok/ep)
    sandbox: 3.8s | pass=4 fail=21 no_code=0 | 43/64 done
  [step 97 t3] fired 21 (21 API calls)
    gen: 21 results in 83.4s (avg 683 tok/ep)
    sandbox: 3.3s | pass=1 fail=20 no_code=0 | 44/64 done
  [step 97 t4] fired 20 (20 API calls)
    gen: 20 results in 40.7s (avg 519 tok/ep)
    sandbox: 3.1s | pass=0 fail=20 no_code=0 | 64/64 done
    g0: 8/8 solved, rewards=[2.15,2.15,2.15,2.15,2.15,2.15,2.15,2.15] SKIP
    g1: 1/8 solved, rewards=[0.13,0.09,0.13,2.15,-0.01,0.13,0.13,0.17] TRAIN std=0.677
    g2: 8/8 solved, rewards=[2.15,2.15,2.15,2.15,2.15,2.15,2.15,2.15] SKIP
    g3: 8/8 solved, rewards=[2.15,2.15,2.15,2.15,2.15,2.15,2.15,2.15] SKIP
    g4: 1/8 solved, rewards=[2.05,0.67,0.67,0.73,0.73,0.80,0.87,0.67] TRAIN std=0.441
    g5: 2/8 solved, rewards=[0.70,0.26,0.26,2.15,0.26,2.15,0.26,0.39] TRAIN std=0.789
    g6: 8/8 solved, rewards=[2.15,2.15,2.15,2.15,2.15,2.15,2.15,2.15] SKIP
    g7: 8/8 solved, rewards=[2.15,2.10,2.10,2.10,2.15,2.10,2.15,2.15] TRAIN std=0.025
  [step 97] training: 98 datums, 128419 comp tokens
  [step 97] train done: loss=0.0081 in 27.8s
[step 97/200] solve=0.69 reward=1.60±0.82 loss=0.0081 turns=2.0 disc=347 mast=51 skip=4/8 t=534.1s
  [step 98 t1] fired 64 (8 API calls)
    gen: 64 results in 461.8s (avg 1901 tok/ep)
    sandbox: 63.4s | pass=35 fail=29 no_code=0 | 35/64 done
  [step 98 t2] fired 29 (29 API calls)
    gen: 29 results in 285.2s (avg 1061 tok/ep)
    sandbox: 6.5s | pass=5 fail=24 no_code=0 | 40/64 done
  [step 98 t3] fired 24 (24 API calls)
    gen: 24 results in 72.1s (avg 709 tok/ep)
    sandbox: 6.4s | pass=1 fail=23 no_code=0 | 41/64 done
  [step 98 t4] fired 23 (23 API calls)
    gen: 23 results in 59.5s (avg 617 tok/ep)
    sandbox: 6.6s | pass=2 fail=21 no_code=0 | 64/64 done
    g0: 2/8 solved, rewards=[2.05,0.53,0.53,2.00,0.53,0.53,0.53,0.53] TRAIN std=0.646
    g1: 2/8 solved, rewards=[2.15,0.93,0.67,0.00,0.27,0.00,0.73,2.15] TRAIN std=0.808
    g2: 7/8 solved, rewards=[2.15,2.15,2.15,2.10,2.15,0.33,2.00,2.15] TRAIN std=0.593
    g3: 8/8 solved, rewards=[2.15,2.15,2.15,2.15,2.15,2.15,2.15,2.15] SKIP
    g4: 3/8 solved, rewards=[0.60,0.40,0.47,0.87,0.87,2.15,2.15,2.10] TRAIN std=0.740
    g5: 8/8 solved, rewards=[2.15,2.15,2.15,2.15,2.15,2.15,2.15,2.15] SKIP
    g6: 8/8 solved, rewards=[2.15,2.15,2.15,2.15,2.15,2.15,2.15,2.15] SKIP
    g7: 5/8 solved, rewards=[2.10,2.15,2.15,0.07,0.07,2.10,0.07,2.10] TRAIN std=0.992
  [step 98] training: 116 datums, 162172 comp tokens
  [step 98] train done: loss=-0.0093 in 20.5s
[step 98/200] solve=0.67 reward=1.58±0.81 loss=-0.0093 turns=2.2 disc=350 mast=53 skip=3/8 t=982.8s
  [step 99 t1] fired 64 (8 API calls)
    gen: 64 results in 418.3s (avg 1657 tok/ep)
    sandbox: 34.0s | pass=44 fail=20 no_code=0 | 44/64 done
  [step 99 t2] fired 20 (20 API calls)
    gen: 20 results in 221.0s (avg 1031 tok/ep)
    sandbox: 1.6s | pass=2 fail=18 no_code=0 | 46/64 done
  [step 99 t3] fired 18 (18 API calls)
    gen: 18 results in 82.1s (avg 718 tok/ep)
    sandbox: 1.5s | pass=3 fail=15 no_code=0 | 49/64 done
  [step 99 t4] fired 15 (15 API calls)
    gen: 15 results in 43.2s (avg 584 tok/ep)
    sandbox: 1.4s | pass=0 fail=15 no_code=0 | 64/64 done
    g0: 2/8 solved, rewards=[0.10,0.10,0.15,0.15,2.15,2.05,0.15,0.15] TRAIN std=0.852
    g1: 8/8 solved, rewards=[2.15,2.05,2.15,2.15,2.15,2.15,2.15,2.15] TRAIN std=0.033
    g2: 2/8 solved, rewards=[2.15,0.08,0.11,0.18,0.08,0.04,2.15,0.08] TRAIN std=0.891
    g3: 5/8 solved, rewards=[0.82,0.82,2.05,2.15,2.10,2.15,2.15,0.82] TRAIN std=0.629
    g4: 8/8 solved, rewards=[2.10,2.15,2.15,2.15,2.15,2.15,2.15,2.15] TRAIN std=0.017
    g5: 8/8 solved, rewards=[2.15,2.15,2.15,2.15,2.15,2.15,2.15,2.15] SKIP
    g6: 8/8 solved, rewards=[2.15,2.15,2.15,2.15,2.15,2.15,2.15,2.15] SKIP
    g7: 8/8 solved, rewards=[2.15,2.15,2.15,2.15,2.15,2.15,2.15,2.15] SKIP
  [step 99] training: 93 datums, 125912 comp tokens
  [step 99] train done: loss=0.0027 in 11.9s
[step 99/200] solve=0.77 reward=1.70±0.81 loss=0.0027 turns=1.8 disc=353 mast=54 skip=3/8 t=815.6s
  [step 100 t1] fired 64 (8 API calls)
    gen: 64 results in 251.0s (avg 1181 tok/ep)
    sandbox: 48.0s | pass=35 fail=29 no_code=0 | 35/64 done
  [step 100 t2] fired 29 (29 API calls)
    gen: 29 results in 127.5s (avg 938 tok/ep)
    sandbox: 46.4s | pass=3 fail=26 no_code=0 | 38/64 done
  [step 100 t3] fired 26 (26 API calls)
    gen: 26 results in 130.7s (avg 635 tok/ep)
    sandbox: 46.7s | pass=1 fail=25 no_code=0 | 39/64 done
  [step 100 t4] fired 25 (25 API calls)
    gen: 25 results in 72.2s (avg 537 tok/ep)
    sandbox: 48.8s | pass=1 fail=24 no_code=0 | 64/64 done
    g0: 8/8 solved, rewards=[2.15,2.15,2.15,2.15,2.15,2.15,2.15,2.15] SKIP
    g1: 8/8 solved, rewards=[2.15,2.15,2.15,2.15,2.15,2.15,2.15,2.15] SKIP
    g2: 0/8 solved, rewards=[0.62,0.38,0.62,0.46,0.31,0.08,0.38,0.62] TRAIN std=0.176
    g3: 0/8 solved, rewards=[0.71,0.71,0.71,0.71,0.71,0.71,0.71,0.71] SKIP
    g4: 8/8 solved, rewards=[2.15,2.15,2.15,2.15,2.15,2.15,2.15,2.15] SKIP
    g5: 0/8 solved, rewards=[0.11,0.00,0.00,0.00,0.18,0.00,0.07,0.07] TRAIN std=0.062
    g6: 8/8 solved, rewards=[2.10,2.10,2.15,2.05,2.15,2.15,2.15,2.10] TRAIN std=0.035
    g7: 8/8 solved, rewards=[2.15,2.15,2.00,2.15,2.15,2.15,2.15,2.15] TRAIN std=0.050
  [step 100] training: 88 datums, 91907 comp tokens
  [step 100] train done: loss=-0.0004 in 17.0s
  [step 100] dumped 64 train trajectories to checkpoints/lcb_path_indep_lcbv5_s42/train_trajectories_step_0100.jsonl
[step 100/200] solve=0.62 reward=1.49±0.86 loss=-0.0004 turns=2.2 disc=355 mast=55 skip=4/8 t=789.0s
[lcb] Checkpoint: tinker://0e361783-717c-52c2-86f8-6d2a5e5b4f0c:train:0/weights/step_0100
[eval] Running on 20 problems...
[eval] step=100: 9/20 = 0.45
[eval] Trajectories saved to checkpoints/lcb_path_indep_lcbv5_s42/eval_trajectories_step_0100.jsonl
  [step 101 t1] fired 64 (8 API calls)
    gen: 64 results in 199.9s (avg 1259 tok/ep)
    sandbox: 10.8s | pass=54 fail=10 no_code=0 | 54/64 done
  [step 101 t2] fired 10 (10 API calls)
    gen: 10 results in 68.0s (avg 673 tok/ep)
    sandbox: 0.9s | pass=2 fail=8 no_code=0 | 56/64 done
  [step 101 t3] fired 8 (8 API calls)
    gen: 8 results in 72.5s (avg 736 tok/ep)
    sandbox: 0.4s | pass=1 fail=7 no_code=0 | 57/64 done
  [step 101 t4] fired 7 (7 API calls)
    gen: 7 results in 44.9s (avg 434 tok/ep)
    sandbox: 41.7s | pass=0 fail=7 no_code=0 | 64/64 done
    g0: 8/8 solved, rewards=[2.15,2.15,2.15,2.15,2.15,2.15,2.15,2.15] SKIP
    g1: 8/8 solved, rewards=[2.15,2.15,2.15,2.15,2.15,2.15,2.15,2.15] SKIP
    g2: 8/8 solved, rewards=[2.15,2.15,2.15,2.15,2.15,2.15,2.15,2.15] SKIP
    g3: 8/8 solved, rewards=[2.15,2.15,2.15,2.15,2.15,2.15,2.15,2.15] SKIP
    g4: 8/8 solved, rewards=[2.15,2.15,2.15,2.15,2.15,2.15,2.15,2.15] SKIP
    g5: 1/8 solved, rewards=[0.21,0.00,2.10,0.36,0.00,0.39,0.36,0.21] TRAIN std=0.638
    g6: 8/8 solved, rewards=[2.15,2.15,2.15,2.15,2.15,2.15,2.15,2.15] SKIP
    g7: 8/8 solved, rewards=[2.15,2.15,2.15,2.15,2.05,2.10,2.15,2.15] TRAIN std=0.035
  [step 101] training: 41 datums, 52708 comp tokens
  [step 101] train done: loss=0.0026 in 48.6s
[step 101/200] solve=0.89 reward=1.94±0.60 loss=0.0026 turns=1.4 disc=357 mast=57 skip=6/8 t=488.1s
  [step 102 t1] fired 64 (8 API calls)
    gen: 64 results in 240.9s (avg 1584 tok/ep)
    sandbox: 179.8s | pass=46 fail=18 no_code=0 | 46/64 done
  [step 102 t2] fired 18 (18 API calls)
    gen: 18 results in 127.9s (avg 1089 tok/ep)
    sandbox: 178.9s | pass=0 fail=18 no_code=0 | 46/64 done
  [step 102 t3] fired 18 (18 API calls)
    gen: 18 results in 73.9s (avg 664 tok/ep)
    sandbox: 178.8s | pass=0 fail=18 no_code=0 | 46/64 done
  [step 102 t4] fired 18 (18 API calls)
    gen: 18 results in 63.6s (avg 493 tok/ep)
    sandbox: 179.0s | pass=0 fail=18 no_code=0 | 64/64 done
    g0: 0/8 solved, rewards=[0.00,0.00,0.00,0.00,0.00,0.00,0.00,0.00] SKIP
    g1: 8/8 solved, rewards=[2.15,2.15,2.15,2.15,2.15,2.15,2.15,2.15] SKIP
    g2: 8/8 solved, rewards=[2.15,2.15,2.15,2.15,2.15,2.15,2.15,2.15] SKIP
    g3: 8/8 solved, rewards=[2.15,2.15,2.15,2.15,2.15,2.15,2.15,2.15] SKIP
    g4: 0/8 solved, rewards=[0.07,0.00,0.00,0.00,0.00,0.00,0.07,0.11] TRAIN std=0.042
    g5: 8/8 solved, rewards=[2.15,2.15,2.15,2.15,2.15,2.15,2.15,2.15] SKIP
    g6: 6/8 solved, rewards=[2.15,0.23,0.00,2.15,2.15,2.15,2.15,2.15] TRAIN std=0.884
    g7: 8/8 solved, rewards=[2.15,2.15,2.15,2.15,2.15,2.15,2.15,2.15] SKIP
  [step 102] training: 46 datums, 63778 comp tokens
  [step 102] train done: loss=0.0100 in 22.8s
[step 102/200] solve=0.72 reward=1.55±0.96 loss=0.0100 turns=1.8 disc=360 mast=58 skip=6/8 t=1246.4s
  [step 103 t1] fired 64 (8 API calls)
    gen: 64 results in 302.7s (avg 1432 tok/ep)
    sandbox: 73.1s | pass=25 fail=39 no_code=0 | 25/64 done
  [step 103 t2] fired 39 (39 API calls)
    gen: 39 results in 93.1s (avg 789 tok/ep)
    sandbox: 71.4s | pass=1 fail=38 no_code=0 | 26/64 done
  [step 103 t3] fired 38 (38 API calls)
    gen: 38 results in 438.1s (avg 589 tok/ep)
    sandbox: 71.8s | pass=2 fail=36 no_code=0 | 28/64 done
  [step 103 t4] fired 36 (36 API calls)
    gen: 36 results in 567.4s (avg 483 tok/ep)
    sandbox: 71.3s | pass=1 fail=35 no_code=0 | 64/64 done
    g0: 3/8 solved, rewards=[2.00,0.27,2.05,2.05,0.00,0.00,0.00,0.27] TRAIN std=0.939
    g1: 0/8 solved, rewards=[0.11,0.00,0.29,0.07,0.00,0.07,0.00,0.00] TRAIN std=0.092
    g2: 8/8 solved, rewards=[2.15,2.15,2.15,2.15,2.15,2.15,2.15,2.15] SKIP
    g3: 0/8 solved, rewards=[0.19,0.19,0.19,0.19,0.19,0.19,0.19,0.19] SKIP
    g4: 0/8 solved, rewards=[0.80,0.80,0.13,0.07,0.80,0.80,0.80,0.27] TRAIN std=0.316
    g5: 8/8 solved, rewards=[2.15,2.15,2.15,2.15,2.15,2.15,2.15,2.15] SKIP
    g6: 8/8 solved, rewards=[2.15,2.15,2.15,2.15,2.15,2.15,2.15,2.15] SKIP
    g7: 2/8 solved, rewards=[0.53,0.53,0.53,0.53,2.15,0.53,2.10,0.53] TRAIN std=0.689
  [step 103] training: 121 datums, 122109 comp tokens
  [step 103] train done: loss=-0.0001 in 21.7s
[step 103/200] solve=0.45 reward=1.13±0.94 loss=-0.0001 turns=2.8 disc=363 mast=60 skip=4/8 t=1711.3s
  [step 104 t1] fired 64 (8 API calls)
    gen: 64 results in 308.8s (avg 1916 tok/ep)
    sandbox: 197.5s | pass=42 fail=22 no_code=0 | 42/64 done
  [step 104 t2] fired 22 (22 API calls)
    gen: 22 results in 191.8s (avg 1315 tok/ep)
    sandbox: 179.6s | pass=3 fail=19 no_code=0 | 45/64 done
  [step 104 t3] fired 19 (19 API calls)
    gen: 19 results in 337.1s (avg 857 tok/ep)
    sandbox: 179.0s | pass=0 fail=19 no_code=0 | 45/64 done
  [step 104 t4] fired 19 (19 API calls)
    gen: 19 results in 59.6s (avg 618 tok/ep)
    sandbox: 178.9s | pass=1 fail=18 no_code=0 | 64/64 done
    g0: 0/8 solved, rewards=[0.79,0.79,0.79,0.79,0.79,0.79,0.79,0.79] SKIP
    g1: 8/8 solved, rewards=[2.15,2.15,2.15,2.15,2.15,2.15,2.15,2.15] SKIP
    g2: 7/8 solved, rewards=[2.15,2.15,2.10,2.15,2.15,0.45,2.15,2.15] TRAIN std=0.560
    g3: 8/8 solved, rewards=[2.15,2.15,2.15,2.15,2.15,2.15,2.15,2.15] SKIP
    g4: 8/8 solved, rewards=[2.15,2.15,2.15,2.10,2.15,2.15,2.15,2.15] TRAIN std=0.017
    g5: 7/8 solved, rewards=[2.15,2.15,2.00,0.93,2.15,2.10,2.15,2.15] TRAIN std=0.398
    g6: 8/8 solved, rewards=[2.15,2.15,2.15,2.15,2.15,2.15,2.15,2.15] SKIP
    g7: 0/8 solved, rewards=[0.00,0.00,0.11,0.07,0.00,0.00,0.00,0.00] TRAIN std=0.040
  [step 104] training: 68 datums, 109330 comp tokens
  [step 104] train done: loss=0.0218 in 21.4s
[step 104/200] solve=0.72 reward=1.66±0.79 loss=0.0218 turns=1.9 disc=364 mast=62 skip=4/8 t=1654.4s
  [step 105 t1] fired 64 (8 API calls)
    gen: 64 results in 450.2s (avg 1645 tok/ep)
    sandbox: 117.7s | pass=22 fail=42 no_code=0 | 22/64 done
  [step 105 t2] fired 42 (42 API calls)
    gen: 42 results in 164.2s (avg 1248 tok/ep)
    sandbox: 104.4s | pass=6 fail=36 no_code=0 | 28/64 done
  [step 105 t3] fired 36 (36 API calls)
    gen: 36 results in 198.8s (avg 761 tok/ep)
    sandbox: 96.9s | pass=1 fail=35 no_code=0 | 29/64 done
  [step 105 t4] fired 35 (35 API calls)
    gen: 35 results in 199.7s (avg 604 tok/ep)
    sandbox: 95.9s | pass=1 fail=34 no_code=0 | 64/64 done
    g0: 5/8 solved, rewards=[2.15,0.50,2.15,0.50,0.00,2.15,2.15,2.15] TRAIN std=0.891
    g1: 4/8 solved, rewards=[2.15,2.00,0.87,0.87,0.60,2.10,0.93,2.10] TRAIN std=0.643
    g2: 8/8 solved, rewards=[2.15,2.15,2.15,2.15,2.15,2.15,2.15,2.15] SKIP
    g3: 3/8 solved, rewards=[0.27,0.13,2.15,0.53,2.15,2.15,0.47,0.33] TRAIN std=0.880
    g4: 0/8 solved, rewards=[0.29,0.29,0.00,0.29,0.29,0.29,0.29,0.29] TRAIN std=0.094
    g5: 1/8 solved, rewards=[2.10,0.43,0.43,0.43,0.00,0.43,0.00,0.43] TRAIN std=0.620
    g6: 4/8 solved, rewards=[2.10,0.67,0.67,2.05,0.73,2.15,0.53,2.15] TRAIN std=0.734
    g7: 5/8 solved, rewards=[2.15,2.15,2.15,0.09,0.18,2.10,2.10,0.18] TRAIN std=0.958
  [step 105] training: 169 datums, 199928 comp tokens
  [step 105] train done: loss=0.0014 in 10.3s
  [step 105] dumped 64 train trajectories to checkpoints/lcb_path_indep_lcbv5_s42/train_trajectories_step_0105.jsonl
[step 105/200] solve=0.47 reward=1.21±0.89 loss=0.0014 turns=2.8 disc=365 mast=65 skip=1/8 t=1439.3s
  [step 106 t1] fired 64 (8 API calls)
    gen: 64 results in 302.6s (avg 2294 tok/ep)
    sandbox: 109.7s | pass=15 fail=49 no_code=0 | 15/64 done
  [step 106 t2] fired 49 (49 API calls)
    gen: 49 results in 285.0s (avg 864 tok/ep)
    sandbox: 136.6s | pass=1 fail=48 no_code=0 | 16/64 done
  [step 106 t3] fired 48 (48 API calls)
    gen: 48 results in 147.7s (avg 763 tok/ep)
    sandbox: 102.1s | pass=1 fail=47 no_code=0 | 17/64 done
  [step 106 t4] fired 47 (47 API calls)
    gen: 47 results in 342.7s (avg 623 tok/ep)
    sandbox: 102.6s | pass=1 fail=46 no_code=0 | 64/64 done
    g0: 0/8 solved, rewards=[0.00,0.50,0.50,0.07,0.07,0.14,0.07,0.14] TRAIN std=0.185
    g1: 6/8 solved, rewards=[2.15,0.27,2.05,2.15,2.15,2.10,0.93,2.15] TRAIN std=0.682
    g2: 0/8 solved, rewards=[0.14,0.14,0.14,0.14,0.14,0.14,0.14,0.14] SKIP
    g3: 0/8 solved, rewards=[0.47,0.80,0.53,0.20,0.67,0.60,0.67,0.93] TRAIN std=0.207
    g4: 2/8 solved, rewards=[2.15,2.15,0.73,0.59,0.59,0.64,0.55,0.64] TRAIN std=0.664
    g5: 8/8 solved, rewards=[2.15,2.15,2.15,2.15,2.15,2.15,2.15,2.15] SKIP
    g6: 0/8 solved, rewards=[0.17,0.17,0.17,0.17,0.17,0.17,0.17,0.17] SKIP
    g7: 2/8 solved, rewards=[0.86,2.00,0.79,2.15,0.86,0.79,0.86,0.79] TRAIN std=0.545
  [step 106] training: 136 datums, 199128 comp tokens
  [step 106] train done: loss=-0.0003 in 14.9s
[step 106/200] solve=0.28 reward=0.89±0.81 loss=-0.0003 turns=3.2 disc=367 mast=66 skip=3/8 t=1545.4s
  [step 107 t1] fired 64 (8 API calls)
    gen: 64 results in 392.2s (avg 2017 tok/ep)
    sandbox: 106.3s | pass=20 fail=44 no_code=0 | 20/64 done
  [step 107 t2] fired 44 (44 API calls)
    gen: 44 results in 757.2s (avg 954 tok/ep)
    sandbox: 105.0s | pass=1 fail=43 no_code=0 | 21/64 done
  [step 107 t3] fired 43 (43 API calls)
    gen: 43 results in 358.2s (avg 694 tok/ep)
    sandbox: 106.7s | pass=0 fail=43 no_code=0 | 21/64 done
  [step 107 t4] fired 43 (43 API calls)
    gen: 43 results in 48.2s (avg 544 tok/ep)
    sandbox: 106.9s | pass=0 fail=43 no_code=0 | 64/64 done
    g0: 0/8 solved, rewards=[0.21,0.21,0.86,0.79,0.93,0.21,0.21,0.21] TRAIN std=0.313
    g1: 0/8 solved, rewards=[0.13,0.13,0.00,0.00,0.67,0.13,0.13,0.13] TRAIN std=0.197
    g2: 0/8 solved, rewards=[0.62,0.62,0.62,0.62,0.62,0.62,0.62,0.62] SKIP
    g3: 8/8 solved, rewards=[2.15,2.15,2.15,2.15,2.15,2.15,2.15,2.10] TRAIN std=0.017
    g4: 0/8 solved, rewards=[0.14,0.14,0.14,0.14,0.14,0.09,0.14,0.14] TRAIN std=0.015
    g5: 1/8 solved, rewards=[0.39,0.39,0.26,0.70,0.26,2.15,0.39,0.39] TRAIN std=0.593
    g6: 4/8 solved, rewards=[0.81,0.05,2.15,2.15,2.15,0.05,2.15,0.05] TRAIN std=0.981
    g7: 8/8 solved, rewards=[2.15,2.15,2.15,2.15,2.15,2.15,2.15,2.15] SKIP
  [step 107] training: 154 datums, 190981 comp tokens
  [step 107] train done: loss=0.0030 in 48.5s
[step 107/200] solve=0.33 reward=0.94±0.87 loss=0.0030 turns=3.0 disc=368 mast=66 skip=2/8 t=2030.7s
  [step 108 t1] fired 64 (8 API calls)
    gen: 64 results in 196.1s (avg 1494 tok/ep)
    sandbox: 173.1s | pass=40 fail=24 no_code=0 | 40/64 done
  [step 108 t2] fired 24 (24 API calls)
    gen: 24 results in 131.6s (avg 963 tok/ep)
    sandbox: 172.8s | pass=0 fail=24 no_code=0 | 40/64 done
  [step 108 t3] fired 24 (24 API calls)
    gen: 24 results in 347.9s (avg 588 tok/ep)
    sandbox: 172.7s | pass=1 fail=23 no_code=0 | 41/64 done
  [step 108 t4] fired 23 (23 API calls)
    gen: 23 results in 80.4s (avg 556 tok/ep)
    sandbox: 170.5s | pass=1 fail=22 no_code=0 | 64/64 done
    g0: 0/8 solved, rewards=[0.00,0.00,0.00,0.00,0.00,0.00,0.00,0.00] SKIP
    g1: 8/8 solved, rewards=[2.15,2.15,2.15,2.15,2.15,2.15,2.15,2.15] SKIP
    g2: 8/8 solved, rewards=[2.15,2.15,2.15,2.15,2.15,2.15,2.00,2.15] TRAIN std=0.050
    g3: 8/8 solved, rewards=[2.15,2.15,2.15,2.15,2.15,2.15,2.15,2.15] SKIP
    g4: 8/8 solved, rewards=[2.15,2.15,2.15,2.15,2.15,2.15,2.15,2.15] SKIP
    g5: 2/8 solved, rewards=[0.71,0.14,0.29,0.36,2.05,0.43,2.15,0.43] TRAIN std=0.755
    g6: 8/8 solved, rewards=[2.15,2.15,2.15,2.15,2.15,2.15,2.15,2.15] SKIP
    g7: 0/8 solved, rewards=[0.79,0.79,0.79,0.79,0.93,0.21,0.21,0.93] TRAIN std=0.274
  [step 108] training: 71 datums, 58281 comp tokens
  [step 108] train done: loss=-0.0001 in 5.4s
[step 108/200] solve=0.66 reward=1.53±0.87 loss=-0.0001 turns=2.1 disc=370 mast=67 skip=5/8 t=1451.8s
  [step 109 t1] fired 64 (8 API calls)
    gen: 64 results in 125.6s (avg 1541 tok/ep)
    sandbox: 79.5s | pass=34 fail=30 no_code=0 | 34/64 done
  [step 109 t2] fired 30 (30 API calls)
    gen: 30 results in 202.6s (avg 1071 tok/ep)
    sandbox: 82.9s | pass=2 fail=28 no_code=0 | 36/64 done
  [step 109 t3] fired 28 (28 API calls)
    gen: 28 results in 184.1s (avg 780 tok/ep)
    sandbox: 82.6s | pass=1 fail=27 no_code=0 | 37/64 done
  [step 109 t4] fired 27 (27 API calls)
    gen: 27 results in 65.7s (avg 556 tok/ep)
    sandbox: 82.8s | pass=0 fail=27 no_code=0 | 64/64 done
    g0: 0/8 solved, rewards=[0.00,0.00,0.00,0.00,0.00,0.00,0.00,0.00] SKIP
    g1: 0/8 solved, rewards=[0.84,0.84,0.84,0.84,0.84,0.84,0.84,0.84] SKIP
    g2: 8/8 solved, rewards=[2.15,2.15,2.15,2.15,2.15,2.15,2.15,2.15] SKIP
    g3: 8/8 solved, rewards=[2.15,2.15,2.15,2.15,2.15,2.15,2.15,2.15] SKIP
    g4: 8/8 solved, rewards=[2.15,2.15,2.15,2.15,2.15,2.15,2.15,2.15] SKIP
    g5: 1/8 solved, rewards=[0.87,0.47,0.47,0.60,0.60,2.10,0.60,0.80] TRAIN std=0.504
    g6: 4/8 solved, rewards=[2.15,0.00,2.15,0.14,0.09,2.10,2.05,0.09] TRAIN std=1.018
    g7: 8/8 solved, rewards=[2.15,2.15,2.15,2.15,2.15,2.15,2.15,2.15] SKIP
  [step 109] training: 53 datums, 64412 comp tokens
  [step 109] train done: loss=0.0000 in 5.9s
[step 109/200] solve=0.58 reward=1.42±0.88 loss=0.0000 turns=2.3 disc=374 mast=68 skip=6/8 t=912.3s
  [step 110 t1] fired 64 (8 API calls)
    gen: 64 results in 411.2s (avg 2087 tok/ep)
    sandbox: 180.6s | pass=26 fail=38 no_code=0 | 26/64 done
  [step 110 t2] fired 38 (38 API calls)
    gen: 38 results in 154.9s (avg 869 tok/ep)
    sandbox: 179.8s | pass=7 fail=31 no_code=0 | 33/64 done
  [step 110 t3] fired 31 (31 API calls)
    gen: 31 results in 52.9s (avg 599 tok/ep)
    sandbox: 179.7s | pass=3 fail=28 no_code=0 | 36/64 done
  [step 110 t4] fired 28 (28 API calls)
    gen: 28 results in 51.3s (avg 505 tok/ep)
    sandbox: 179.0s | pass=0 fail=28 no_code=0 | 64/64 done
    g0: 6/8 solved, rewards=[2.05,0.79,2.10,0.79,2.15,2.15,2.15,2.10] TRAIN std=0.577
    g1: 8/8 solved, rewards=[2.15,2.15,2.15,2.15,2.15,2.15,2.15,2.15] SKIP
    g2: 0/8 solved, rewards=[0.18,0.11,0.18,0.00,0.00,0.64,0.00,0.00] TRAIN std=0.205
    g3: 8/8 solved, rewards=[2.15,2.15,2.15,2.15,2.15,2.15,2.15,2.15] SKIP
    g4: 7/8 solved, rewards=[2.05,2.10,2.05,2.10,2.10,2.15,2.10,0.78] TRAIN std=0.434
    g5: 0/8 solved, rewards=[0.13,0.26,0.24,0.26,0.47,0.39,0.47,0.32] TRAIN std=0.113
    g6: 6/8 solved, rewards=[0.33,2.15,2.10,2.15,0.33,2.15,2.15,2.15] TRAIN std=0.783
    g7: 1/8 solved, rewards=[0.82,0.32,2.15,0.55,0.59,0.82,0.82,0.55] TRAIN std=0.527
  [step 110] training: 145 datums, 186279 comp tokens
  [step 110] train done: loss=0.0007 in 53.7s
  [step 110] dumped 64 train trajectories to checkpoints/lcb_path_indep_lcbv5_s42/train_trajectories_step_0110.jsonl
[step 110/200] solve=0.56 reward=1.37±0.88 loss=0.0007 turns=2.5 disc=376 mast=70 skip=2/8 t=1443.9s
[eval] Running on 20 problems...
[eval] step=110: 11/20 = 0.55
[eval] Trajectories saved to checkpoints/lcb_path_indep_lcbv5_s42/eval_trajectories_step_0110.jsonl
  [step 111 t1] fired 64 (8 API calls)
    gen: 64 results in 607.4s (avg 1485 tok/ep)
    sandbox: 115.3s | pass=21 fail=43 no_code=0 | 21/64 done
  [step 111 t2] fired 43 (43 API calls)
    gen: 43 results in 416.0s (avg 932 tok/ep)
    sandbox: 112.6s | pass=1 fail=42 no_code=0 | 22/64 done
  [step 111 t3] fired 42 (42 API calls)
    gen: 42 results in 76.4s (avg 668 tok/ep)
    sandbox: 113.3s | pass=3 fail=39 no_code=0 | 25/64 done
  [step 111 t4] fired 39 (39 API calls)
    gen: 39 results in 73.0s (avg 524 tok/ep)
    sandbox: 108.3s | pass=0 fail=39 no_code=0 | 64/64 done
    g0: 8/8 solved, rewards=[2.15,2.15,2.15,2.15,2.15,2.15,2.15,2.15] SKIP
    g1: 0/8 solved, rewards=[0.94,0.42,0.94,0.94,0.42,0.94,0.94,0.45] TRAIN std=0.245
    g2: 7/8 solved, rewards=[2.15,2.15,2.15,2.15,2.15,0.53,2.15,2.15] TRAIN std=0.535
    g3: 0/8 solved, rewards=[0.00,0.00,0.00,0.00,0.00,0.00,0.00,0.13] TRAIN std=0.043
    g4: 1/8 solved, rewards=[0.00,0.36,0.00,0.14,0.00,0.00,0.36,2.05] TRAIN std=0.654
    g5: 0/8 solved, rewards=[0.53,0.00,0.40,0.00,0.53,0.00,0.00,0.00] TRAIN std=0.240
    g6: 8/8 solved, rewards=[2.15,2.15,2.15,2.15,2.15,2.10,2.15,2.05] TRAIN std=0.035
    g7: 1/8 solved, rewards=[0.71,0.64,0.64,0.64,0.64,2.05,0.71,0.71] TRAIN std=0.456
  [step 111] training: 180 datums, 178367 comp tokens
  [step 111] train done: loss=0.0000 in 69.0s
[step 111/200] solve=0.39 reward=1.05±0.91 loss=0.0000 turns=2.9 disc=376 mast=70 skip=1/8 t=1692.5s
  [step 112 t1] fired 64 (8 API calls)
    gen: 64 results in 80.2s (avg 1102 tok/ep)
    sandbox: 122.5s | pass=50 fail=14 no_code=0 | 50/64 done
  [step 112 t2] fired 14 (14 API calls)
    gen: 14 results in 126.2s (avg 1169 tok/ep)
    sandbox: 81.7s | pass=5 fail=9 no_code=0 | 55/64 done
  [step 112 t3] fired 9 (9 API calls)
    gen: 9 results in 134.8s (avg 1217 tok/ep)
    sandbox: 10.0s | pass=2 fail=7 no_code=0 | 57/64 done
  [step 112 t4] fired 7 (7 API calls)
    gen: 7 results in 76.0s (avg 981 tok/ep)
    sandbox: 26.4s | pass=1 fail=6 no_code=0 | 64/64 done
    g0: 5/8 solved, rewards=[0.82,0.36,2.10,2.05,2.15,2.15,0.89,2.10] TRAIN std=0.703
    g1: 6/8 solved, rewards=[2.10,2.00,2.10,0.44,2.15,2.05,2.10,0.44] TRAIN std=0.714
    g2: 8/8 solved, rewards=[2.15,2.15,2.15,2.15,2.15,2.15,2.15,2.15] SKIP
    g3: 8/8 solved, rewards=[2.15,2.15,2.15,2.15,2.15,2.15,2.15,2.15] SKIP
    g4: 8/8 solved, rewards=[2.15,2.15,2.15,2.15,2.15,2.15,2.15,2.15] SKIP
    g5: 7/8 solved, rewards=[0.07,2.15,2.15,2.15,2.15,2.15,2.15,2.15] TRAIN std=0.689
    g6: 8/8 solved, rewards=[2.15,2.15,2.15,2.15,2.15,2.15,2.15,2.15] SKIP
    g7: 8/8 solved, rewards=[2.15,2.15,2.15,2.15,2.15,2.15,2.15,2.15] SKIP
  [step 112] training: 54 datums, 76036 comp tokens
  [step 112] train done: loss=0.0057 in 6.1s
[step 112/200] solve=0.91 reward=1.99±0.49 loss=0.0057 turns=1.5 disc=379 mast=72 skip=5/8 t=664.3s
  [step 113 t1] fired 64 (8 API calls)
    gen: 64 results in 144.6s (avg 1350 tok/ep)
    sandbox: 178.6s | pass=42 fail=22 no_code=0 | 42/64 done
  [step 113 t2] fired 22 (22 API calls)
    gen: 22 results in 74.4s (avg 805 tok/ep)
    sandbox: 178.4s | pass=2 fail=20 no_code=0 | 44/64 done
  [step 113 t3] fired 20 (20 API calls)
    gen: 20 results in 55.8s (avg 673 tok/ep)
    sandbox: 178.5s | pass=1 fail=19 no_code=0 | 45/64 done
  [step 113 t4] fired 19 (19 API calls)
    gen: 19 results in 35.1s (avg 611 tok/ep)
    sandbox: 178.7s | pass=0 fail=19 no_code=0 | 64/64 done
    g0: 8/8 solved, rewards=[2.15,2.15,2.15,2.15,2.15,2.15,2.15,2.15] SKIP
    g1: 7/8 solved, rewards=[2.15,2.15,2.15,0.40,2.15,2.15,2.15,2.15] TRAIN std=0.579
    g2: 0/8 solved, rewards=[0.00,0.00,0.00,0.00,0.00,0.46,0.00,0.00] TRAIN std=0.154
    g3: 8/8 solved, rewards=[2.15,2.15,2.15,2.15,2.15,2.15,2.15,2.15] SKIP
    g4: 7/8 solved, rewards=[2.15,2.15,2.05,2.15,0.60,2.15,2.15,2.15] TRAIN std=0.509
    g5: 0/8 solved, rewards=[0.85,0.92,0.92,0.85,0.77,0.85,0.92,0.92] TRAIN std=0.054
    g6: 7/8 solved, rewards=[2.15,0.93,2.15,2.10,2.15,2.10,2.15,2.15] TRAIN std=0.398
    g7: 8/8 solved, rewards=[2.15,2.15,2.15,2.15,2.15,2.15,2.15,2.15] SKIP
  [step 113] training: 101 datums, 113616 comp tokens
  [step 113] train done: loss=0.0040 in 8.3s
[step 113/200] solve=0.70 reward=1.66±0.79 loss=0.0040 turns=2.0 disc=379 mast=73 skip=3/8 t=1033.1s
  [step 114 t1] fired 64 (8 API calls)
    gen: 64 results in 111.6s (avg 1308 tok/ep)
    sandbox: 94.4s | pass=43 fail=21 no_code=0 | 43/64 done
  [step 114 t2] fired 21 (21 API calls)
    gen: 21 results in 85.6s (avg 789 tok/ep)
    sandbox: 98.4s | pass=6 fail=15 no_code=0 | 49/64 done
  [step 114 t3] fired 15 (15 API calls)
    gen: 15 results in 37.7s (avg 603 tok/ep)
    sandbox: 96.5s | pass=1 fail=14 no_code=0 | 50/64 done
  [step 114 t4] fired 14 (14 API calls)
    gen: 14 results in 31.9s (avg 452 tok/ep)
    sandbox: 96.6s | pass=0 fail=14 no_code=0 | 64/64 done
    g0: 5/8 solved, rewards=[2.10,0.00,0.00,0.00,2.05,2.10,2.10,2.10] TRAIN std=1.012
    g1: 8/8 solved, rewards=[2.15,2.15,2.15,2.15,2.15,2.15,2.15,2.15] SKIP
    g2: 7/8 solved, rewards=[2.15,2.15,2.15,2.15,2.15,0.53,2.15,2.15] TRAIN std=0.535
    g3: 7/8 solved, rewards=[2.15,2.10,2.15,2.15,2.10,2.15,0.13,2.15] TRAIN std=0.664
    g4: 0/8 solved, rewards=[0.87,0.87,0.87,0.87,0.87,0.87,0.87,0.87] SKIP
    g5: 7/8 solved, rewards=[2.15,2.15,0.58,2.15,2.15,2.15,2.15,2.15] TRAIN std=0.520
    g6: 8/8 solved, rewards=[2.15,2.15,2.15,2.15,2.15,2.15,2.15,2.15] SKIP
    g7: 8/8 solved, rewards=[2.15,2.15,2.15,2.15,2.15,2.15,2.15,2.15] SKIP
  [step 114] training: 58 datums, 63529 comp tokens
  [step 114] train done: loss=0.0003 in 5.3s
[step 114/200] solve=0.78 reward=1.80±0.67 loss=0.0003 turns=1.8 disc=379 mast=75 skip=4/8 t=658.5s
  [step 115 t1] fired 64 (8 API calls)
    gen: 64 results in 89.0s (avg 987 tok/ep)
    sandbox: 97.4s | pass=56 fail=8 no_code=0 | 56/64 done
  [step 115 t2] fired 8 (8 API calls)
    gen: 8 results in 84.7s (avg 789 tok/ep)
    sandbox: 6.6s | pass=2 fail=6 no_code=0 | 58/64 done
  [step 115 t3] fired 6 (6 API calls)
    gen: 6 results in 37.4s (avg 652 tok/ep)
    sandbox: 4.8s | pass=0 fail=6 no_code=0 | 58/64 done
  [step 115 t4] fired 6 (6 API calls)
    gen: 6 results in 46.2s (avg 629 tok/ep)
    sandbox: 4.8s | pass=0 fail=6 no_code=0 | 64/64 done
    g0: 6/8 solved, rewards=[0.73,0.60,2.15,2.10,2.15,2.15,2.15,2.15] TRAIN std=0.640
    g1: 5/8 solved, rewards=[2.15,0.43,2.15,2.15,2.15,0.43,0.64,2.15] TRAIN std=0.801
    g2: 8/8 solved, rewards=[2.15,2.15,2.15,2.15,2.15,2.15,2.15,2.15] SKIP
    g3: 8/8 solved, rewards=[2.15,2.15,2.15,2.15,2.15,2.15,2.15,2.15] SKIP
    g4: 8/8 solved, rewards=[2.15,2.15,2.15,2.15,2.15,2.15,2.15,2.15] SKIP
    g5: 8/8 solved, rewards=[2.15,2.15,2.15,2.10,2.15,2.15,2.15,2.15] TRAIN std=0.017
    g6: 8/8 solved, rewards=[2.15,2.15,2.15,2.15,2.15,2.15,2.15,2.15] SKIP
    g7: 7/8 solved, rewards=[2.15,2.15,2.15,2.15,2.15,0.80,2.15,2.15] TRAIN std=0.446
  [step 115] training: 52 datums, 53174 comp tokens
  [step 115] train done: loss=0.0031 in 5.7s
  [step 115] dumped 64 train trajectories to checkpoints/lcb_path_indep_lcbv5_s42/train_trajectories_step_0115.jsonl
[step 115/200] solve=0.91 reward=2.00±0.45 loss=0.0031 turns=1.3 disc=381 mast=75 skip=4/8 t=376.8s
  [step 116 t1] fired 64 (8 API calls)
    gen: 64 results in 243.7s (avg 1362 tok/ep)
    sandbox: 173.0s | pass=32 fail=32 no_code=0 | 32/64 done
  [step 116 t2] fired 32 (32 API calls)
    gen: 32 results in 70.6s (avg 855 tok/ep)
    sandbox: 172.8s | pass=2 fail=30 no_code=0 | 34/64 done
  [step 116 t3] fired 30 (30 API calls)
    gen: 30 results in 47.7s (avg 607 tok/ep)
    sandbox: 172.7s | pass=0 fail=30 no_code=0 | 34/64 done
  [step 116 t4] fired 30 (30 API calls)
    gen: 30 results in 46.9s (avg 456 tok/ep)
    sandbox: 172.8s | pass=0 fail=30 no_code=0 | 64/64 done
    g0: 8/8 solved, rewards=[2.15,2.15,2.15,2.15,2.15,2.15,2.15,2.15] SKIP
    g1: 0/8 solved, rewards=[0.00,0.00,0.00,0.00,0.00,0.00,0.00,0.00] SKIP
    g2: 0/8 solved, rewards=[0.00,0.00,0.00,0.00,0.14,0.00,0.00,0.21] TRAIN std=0.079
    g3: 8/8 solved, rewards=[2.15,2.15,2.15,2.15,2.15,2.15,2.15,2.15] SKIP
    g4: 8/8 solved, rewards=[2.15,2.15,2.15,2.15,2.15,2.15,2.15,2.15] SKIP
    g5: 2/8 solved, rewards=[0.87,2.10,0.87,0.87,0.87,0.87,2.15,0.80] TRAIN std=0.550
    g6: 0/8 solved, rewards=[0.22,0.07,0.22,0.22,0.22,0.04,0.22,0.22] TRAIN std=0.073
    g7: 8/8 solved, rewards=[2.15,2.10,2.15,2.15,2.15,2.15,2.15,2.15] TRAIN std=0.017
  [step 116] training: 100 datums, 109455 comp tokens
  [step 116] train done: loss=0.0006 in 8.6s
[step 116/200] solve=0.53 reward=1.25±0.98 loss=0.0006 turns=2.4 disc=383 mast=75 skip=4/8 t=1109.5s
  [step 117 t1] fired 64 (8 API calls)
    gen: 64 results in 166.3s (avg 1846 tok/ep)
    sandbox: 135.7s | pass=27 fail=37 no_code=0 | 27/64 done
  [step 117 t2] fired 37 (37 API calls)
    gen: 37 results in 186.5s (avg 1187 tok/ep)
    sandbox: 109.9s | pass=3 fail=34 no_code=0 | 30/64 done
  [step 117 t3] fired 34 (34 API calls)
    gen: 34 results in 41.8s (avg 789 tok/ep)
    sandbox: 98.6s | pass=1 fail=33 no_code=0 | 31/64 done
  [step 117 t4] fired 33 (33 API calls)
    gen: 33 results in 63.9s (avg 723 tok/ep)
    sandbox: 101.6s | pass=1 fail=32 no_code=0 | 64/64 done
    g0: 8/8 solved, rewards=[2.15,2.15,2.15,2.15,2.15,2.15,2.10,2.10] TRAIN std=0.022
    g1: 0/8 solved, rewards=[0.39,0.61,0.84,0.45,0.61,0.39,0.61,0.68] TRAIN std=0.146
    g2: 7/8 solved, rewards=[2.15,2.05,0.40,2.15,2.15,2.10,2.15,2.15] TRAIN std=0.573
    g3: 0/8 solved, rewards=[0.00,0.32,0.32,0.32,0.00,0.32,0.32,0.00] TRAIN std=0.154
    g4: 8/8 solved, rewards=[2.15,2.15,2.15,2.15,2.15,2.15,2.15,2.15] SKIP
    g5: 8/8 solved, rewards=[2.15,2.15,2.15,2.15,2.15,2.15,2.15,2.15] SKIP
    g6: 0/8 solved, rewards=[0.79,0.79,0.79,0.79,0.79,0.79,0.79,0.79] SKIP
    g7: 1/8 solved, rewards=[0.43,0.54,0.43,2.00,0.43,0.50,0.43,0.64] TRAIN std=0.506
  [step 117] training: 120 datums, 176164 comp tokens
  [step 117] train done: loss=-0.0050 in 11.5s
[step 117/200] solve=0.50 reward=1.32±0.83 loss=-0.0050 turns=2.6 disc=385 mast=76 skip=3/8 t=917.1s
  [step 118 t1] fired 64 (8 API calls)
    gen: 64 results in 217.5s (avg 1576 tok/ep)
    sandbox: 179.9s | pass=37 fail=27 no_code=0 | 37/64 done
  [step 118 t2] fired 27 (27 API calls)
    gen: 27 results in 103.4s (avg 844 tok/ep)
    sandbox: 178.5s | pass=2 fail=25 no_code=0 | 39/64 done
  [step 118 t3] fired 25 (25 API calls)
    gen: 25 results in 40.2s (avg 493 tok/ep)
    sandbox: 178.5s | pass=0 fail=25 no_code=0 | 39/64 done
  [step 118 t4] fired 25 (25 API calls)
    gen: 25 results in 37.9s (avg 467 tok/ep)
    sandbox: 178.5s | pass=0 fail=25 no_code=0 | 64/64 done
    g0: 8/8 solved, rewards=[2.15,2.15,2.15,2.10,2.15,2.10,2.15,2.15] TRAIN std=0.022
    g1: 0/8 solved, rewards=[0.71,0.71,0.71,0.71,0.00,0.71,0.71,0.71] TRAIN std=0.236
    g2: 8/8 solved, rewards=[2.15,2.15,2.15,2.15,2.15,2.15,2.15,2.15] SKIP
    g3: 0/8 solved, rewards=[0.00,0.00,0.00,0.00,0.00,0.00,0.00,0.00] SKIP
    g4: 0/8 solved, rewards=[0.00,0.00,0.00,0.00,0.21,0.36,0.36,0.39] TRAIN std=0.172
    g5: 8/8 solved, rewards=[2.15,2.15,2.15,2.15,2.15,2.15,2.15,2.15] SKIP
    g6: 8/8 solved, rewards=[2.15,2.15,2.15,2.15,2.15,2.15,2.15,2.15] SKIP
    g7: 7/8 solved, rewards=[0.00,2.15,2.15,2.15,2.15,2.15,2.15,2.15] TRAIN std=0.711
  [step 118] training: 85 datums, 106211 comp tokens
  [step 118] train done: loss=0.0031 in 8.7s
[step 118/200] solve=0.61 reward=1.41±0.94 loss=0.0031 turns=2.2 disc=385 mast=80 skip=4/8 t=1123.8s
  [step 119 t1] fired 64 (8 API calls)
    gen: 64 results in 145.0s (avg 1161 tok/ep)
    sandbox: 51.2s | pass=44 fail=20 no_code=0 | 44/64 done
  [step 119 t2] fired 20 (20 API calls)
    gen: 20 results in 31.1s (avg 786 tok/ep)
    sandbox: 51.1s | pass=1 fail=19 no_code=0 | 45/64 done
  [step 119 t3] fired 19 (19 API calls)
    gen: 19 results in 38.9s (avg 663 tok/ep)
    sandbox: 50.9s | pass=1 fail=18 no_code=0 | 46/64 done
  [step 119 t4] fired 18 (18 API calls)
    gen: 18 results in 42.1s (avg 570 tok/ep)
    sandbox: 51.0s | pass=2 fail=16 no_code=0 | 64/64 done
    g0: 8/8 solved, rewards=[2.15,2.15,2.15,2.15,2.15,2.15,2.15,2.15] SKIP
    g1: 3/8 solved, rewards=[0.53,0.53,2.05,0.53,2.00,2.15,0.53,0.53] TRAIN std=0.743
    g2: 1/8 solved, rewards=[0.20,0.20,2.00,0.20,0.20,0.20,0.00,0.20] TRAIN std=0.608
    g3: 8/8 solved, rewards=[2.15,2.15,2.15,2.15,2.15,2.15,2.15,2.15] SKIP
    g4: 8/8 solved, rewards=[2.15,2.15,2.15,2.15,2.15,2.15,2.15,2.15] SKIP
    g5: 4/8 solved, rewards=[0.62,0.69,2.10,0.56,2.15,2.15,0.62,2.15] TRAIN std=0.757
    g6: 8/8 solved, rewards=[2.15,2.15,2.15,2.15,2.15,2.15,2.15,2.15] SKIP
    g7: 8/8 solved, rewards=[2.15,2.15,2.15,2.15,2.15,2.15,2.15,2.15] SKIP
  [step 119] training: 81 datums, 72703 comp tokens
  [step 119] train done: loss=0.0004 in 6.1s
[step 119/200] solve=0.75 reward=1.70±0.76 loss=0.0004 turns=1.9 disc=386 mast=81 skip=5/8 t=467.8s
  [step 120 t1] fired 64 (8 API calls)
    gen: 64 results in 181.7s (avg 2057 tok/ep)
    sandbox: 67.8s | pass=28 fail=36 no_code=0 | 28/64 done
  [step 120 t2] fired 36 (36 API calls)
    gen: 36 results in 100.3s (avg 1146 tok/ep)
    sandbox: 56.6s | pass=2 fail=34 no_code=0 | 30/64 done
  [step 120 t3] fired 34 (34 API calls)
    gen: 34 results in 41.0s (avg 654 tok/ep)
    sandbox: 48.7s | pass=2 fail=32 no_code=0 | 32/64 done
  [step 120 t4] fired 32 (32 API calls)
    gen: 32 results in 46.5s (avg 524 tok/ep)
    sandbox: 56.5s | pass=0 fail=32 no_code=0 | 64/64 done
    g0: 0/8 solved, rewards=[0.00,0.20,0.40,0.40,0.40,0.40,0.20,0.40] TRAIN std=0.141
    g1: 8/8 solved, rewards=[2.05,2.15,2.15,2.15,2.15,2.15,2.15,2.10] TRAIN std=0.035
    g2: 8/8 solved, rewards=[2.15,2.15,2.15,2.15,2.15,2.15,2.15,2.15] SKIP
    g3: 0/8 solved, rewards=[0.20,0.07,0.13,0.20,0.27,0.27,0.20,0.00] TRAIN std=0.088
    g4: 8/8 solved, rewards=[2.15,2.15,2.15,2.10,2.15,2.15,2.15,2.15] TRAIN std=0.017
    g5: 0/8 solved, rewards=[0.13,0.20,0.20,0.13,0.20,0.13,0.07,0.00] TRAIN std=0.067
    g6: 0/8 solved, rewards=[0.13,0.61,0.13,0.13,0.13,0.13,0.13,0.61] TRAIN std=0.207
    g7: 8/8 solved, rewards=[2.15,2.15,2.15,2.15,2.15,2.15,2.15,2.05] TRAIN std=0.033
  [step 120] training: 146 datums, 187993 comp tokens
  [step 120] train done: loss=-0.0101 in 11.2s
  [step 120] dumped 64 train trajectories to checkpoints/lcb_path_indep_lcbv5_s42/train_trajectories_step_0120.jsonl
[step 120/200] solve=0.50 reward=1.18±0.97 loss=-0.0101 turns=2.6 disc=388 mast=82 skip=1/8 t=611.4s
[lcb] Checkpoint: tinker://0e361783-717c-52c2-86f8-6d2a5e5b4f0c:train:0/weights/step_0120
[eval] Running on 20 problems...
[eval] step=120: 10/20 = 0.50
[eval] Trajectories saved to checkpoints/lcb_path_indep_lcbv5_s42/eval_trajectories_step_0120.jsonl
  [step 121 t1] fired 64 (8 API calls)
    gen: 64 results in 88.0s (avg 1112 tok/ep)
    sandbox: 3.6s | pass=42 fail=22 no_code=0 | 42/64 done
  [step 121 t2] fired 22 (22 API calls)
    gen: 22 results in 145.1s (avg 1293 tok/ep)
    sandbox: 1.1s | pass=1 fail=21 no_code=0 | 43/64 done
  [step 121 t3] fired 21 (21 API calls)
    gen: 21 results in 69.4s (avg 728 tok/ep)
    sandbox: 1.2s | pass=6 fail=15 no_code=0 | 49/64 done
  [step 121 t4] fired 15 (15 API calls)
    gen: 15 results in 143.9s (avg 772 tok/ep)
    sandbox: 1.0s | pass=0 fail=15 no_code=0 | 64/64 done
    g0: 4/8 solved, rewards=[0.00,2.05,2.05,0.27,0.00,0.27,2.05,2.05] TRAIN std=0.963
    g1: 2/8 solved, rewards=[2.10,0.93,0.87,0.80,2.05,0.80,0.47,0.73] TRAIN std=0.581
    g2: 7/8 solved, rewards=[2.15,2.15,2.15,0.20,2.15,2.15,2.15,2.15] TRAIN std=0.645
    g3: 6/8 solved, rewards=[0.33,2.15,2.15,2.15,2.15,0.00,2.05,2.15] TRAIN std=0.856
    g4: 8/8 solved, rewards=[2.15,2.15,2.15,2.15,2.15,2.15,2.15,2.15] SKIP
    g5: 6/8 solved, rewards=[2.15,0.06,2.15,2.15,2.15,0.00,2.15,2.15] TRAIN std=0.918
    g6: 8/8 solved, rewards=[2.15,2.15,2.15,2.15,2.15,2.15,2.15,2.15] SKIP
    g7: 8/8 solved, rewards=[2.15,2.15,2.15,2.15,2.15,2.15,2.15,2.15] SKIP
  [step 121] training: 98 datums, 108744 comp tokens
  [step 121] train done: loss=0.0054 in 29.1s
[step 121/200] solve=0.77 reward=1.73±0.76 loss=0.0054 turns=1.9 disc=391 mast=82 skip=3/8 t=483.0s
  [step 122 t1] fired 64 (8 API calls)
    gen: 64 results in 248.4s (avg 1354 tok/ep)
    sandbox: 149.0s | pass=36 fail=27 no_code=1 | 36/64 done
  [step 122 t2] fired 28 (28 API calls)
    gen: 28 results in 92.5s (avg 851 tok/ep)
    sandbox: 168.7s | pass=5 fail=23 no_code=0 | 41/64 done
  [step 122 t3] fired 23 (23 API calls)
    gen: 23 results in 46.5s (avg 522 tok/ep)
    sandbox: 100.8s | pass=4 fail=19 no_code=0 | 45/64 done
  [step 122 t4] fired 19 (19 API calls)
    gen: 19 results in 40.6s (avg 493 tok/ep)
    sandbox: 103.2s | pass=0 fail=19 no_code=0 | 64/64 done
    g0: 8/8 solved, rewards=[2.15,2.15,2.15,2.15,2.15,2.15,2.15,2.15] SKIP
    g1: 0/8 solved, rewards=[0.55,0.42,0.32,0.79,0.39,0.55,0.55,0.79] TRAIN std=0.161
    g2: 8/8 solved, rewards=[2.15,2.15,2.15,2.15,2.15,2.15,2.15,2.15] SKIP
    g3: 8/8 solved, rewards=[2.15,2.15,2.15,2.15,2.15,2.15,2.15,2.15] SKIP
    g4: 6/8 solved, rewards=[2.10,2.15,2.15,2.05,0.53,0.53,2.15,2.10] TRAIN std=0.686
    g5: 3/8 solved, rewards=[0.56,2.10,0.56,0.56,2.10,0.56,2.10,0.56] TRAIN std=0.744
    g6: 8/8 solved, rewards=[2.15,2.15,2.15,2.15,2.15,2.15,2.15,2.15] SKIP
    g7: 4/8 solved, rewards=[0.56,2.15,2.05,0.56,2.05,0.56,0.56,2.05] TRAIN std=0.757
  [step 122] training: 102 datums, 101259 comp tokens
  [step 122] train done: loss=0.0005 in 19.7s
[step 122/200] solve=0.70 reward=1.67±0.73 loss=0.0005 turns=2.1 disc=391 mast=83 skip=4/8 t=970.1s
  [step 123 t1] fired 64 (8 API calls)
    gen: 64 results in 75.0s (avg 1058 tok/ep)
    sandbox: 81.9s | pass=56 fail=8 no_code=0 | 56/64 done
  [step 123 t2] fired 8 (8 API calls)
    gen: 8 results in 53.9s (avg 1128 tok/ep)
    sandbox: 79.8s | pass=0 fail=8 no_code=0 | 56/64 done
  [step 123 t3] fired 8 (8 API calls)
    gen: 8 results in 40.0s (avg 727 tok/ep)
    sandbox: 70.2s | pass=0 fail=8 no_code=0 | 56/64 done
  [step 123 t4] fired 8 (8 API calls)
    gen: 8 results in 35.9s (avg 610 tok/ep)
    sandbox: 54.5s | pass=1 fail=7 no_code=0 | 64/64 done
    g0: 8/8 solved, rewards=[2.15,2.15,2.15,2.15,2.15,2.15,2.15,2.15] SKIP
    g1: 8/8 solved, rewards=[2.15,2.15,2.15,2.15,2.15,2.15,2.15,2.15] SKIP
    g2: 8/8 solved, rewards=[2.15,2.15,2.15,2.15,2.15,2.15,2.15,2.15] SKIP
    g3: 8/8 solved, rewards=[2.15,2.15,2.15,2.15,2.15,2.15,2.15,2.15] SKIP
    g4: 1/8 solved, rewards=[2.00,0.85,0.30,0.89,0.19,0.04,0.93,0.04] TRAIN std=0.620
    g5: 8/8 solved, rewards=[2.15,2.15,2.15,2.15,2.15,2.15,2.15,2.15] SKIP
    g6: 8/8 solved, rewards=[2.15,2.15,2.15,2.15,2.15,2.15,2.15,2.15] SKIP
    g7: 8/8 solved, rewards=[2.15,2.15,2.15,2.15,2.15,2.15,2.15,2.15] SKIP
  [step 123] training: 32 datums, 32332 comp tokens
  [step 123] train done: loss=-0.0024 in 7.2s
[step 123/200] solve=0.89 reward=1.96±0.54 loss=-0.0024 turns=1.4 disc=394 mast=85 skip=7/8 t=498.7s
  [step 124 t1] fired 64 (8 API calls)
    gen: 64 results in 360.1s (avg 2199 tok/ep)
    sandbox: 233.5s | pass=11 fail=53 no_code=0 | 11/64 done
  [step 124 t2] fired 53 (53 API calls)
    gen: 53 results in 206.9s (avg 1184 tok/ep)
    sandbox: 233.3s | pass=1 fail=52 no_code=0 | 12/64 done
  [step 124 t3] fired 52 (52 API calls)
    gen: 52 results in 61.2s (avg 638 tok/ep)
    sandbox: 233.2s | pass=1 fail=51 no_code=0 | 13/64 done
  [step 124 t4] fired 51 (51 API calls)
    gen: 51 results in 52.4s (avg 466 tok/ep)
    sandbox: 62.8s | pass=1 fail=50 no_code=0 | 64/64 done
    g0: 2/8 solved, rewards=[0.29,0.36,2.05,0.50,0.36,0.21,2.00,0.50] TRAIN std=0.723
    g1: 0/8 solved, rewards=[0.46,0.32,0.32,0.46,0.46,0.46,0.46,0.46] TRAIN std=0.059
    g2: 0/8 solved, rewards=[0.44,0.38,0.44,0.38,0.44,0.38,0.25,0.38] TRAIN std=0.058
    g3: 0/8 solved, rewards=[0.14,0.14,0.14,0.14,0.14,0.14,0.14,0.14] SKIP
    g4: 0/8 solved, rewards=[0.15,0.00,0.08,0.00,0.08,0.08,0.15,0.08] TRAIN std=0.054
    g5: 0/8 solved, rewards=[0.73,0.73,0.93,0.73,0.73,0.73,0.67,0.73] TRAIN std=0.073
    g6: 4/8 solved, rewards=[2.15,0.08,2.10,0.08,2.15,0.00,0.08,2.15] TRAIN std=1.040
    g7: 8/8 solved, rewards=[2.15,2.15,2.15,2.15,2.15,2.15,2.15,2.15] SKIP
  [step 124] training: 180 datums, 222832 comp tokens
  [step 124] train done: loss=-0.0001 in 17.6s
[step 124/200] solve=0.22 reward=0.73±0.77 loss=-0.0001 turns=3.4 disc=394 mast=85 skip=2/8 t=1462.5s
  [step 125 t1] fired 64 (8 API calls)
    gen: 64 results in 129.2s (avg 1489 tok/ep)
    sandbox: 100.2s | pass=30 fail=34 no_code=0 | 30/64 done
  [step 125 t2] fired 34 (34 API calls)
    gen: 34 results in 74.1s (avg 878 tok/ep)
    sandbox: 104.2s | pass=2 fail=32 no_code=0 | 32/64 done
  [step 125 t3] fired 32 (32 API calls)
    gen: 32 results in 63.1s (avg 801 tok/ep)
    sandbox: 59.4s | pass=1 fail=31 no_code=0 | 33/64 done
  [step 125 t4] fired 31 (31 API calls)
    gen: 31 results in 56.5s (avg 673 tok/ep)
    sandbox: 62.0s | pass=0 fail=31 no_code=0 | 64/64 done
    g0: 8/8 solved, rewards=[2.15,2.15,2.15,2.15,2.15,2.15,2.15,2.15] SKIP
    g1: 8/8 solved, rewards=[2.15,2.15,2.15,2.10,2.15,2.15,2.05,2.15] TRAIN std=0.035
    g2: 0/8 solved, rewards=[0.21,0.43,0.43,0.43,0.43,0.43,0.43,0.43] TRAIN std=0.071
    g3: 8/8 solved, rewards=[2.15,2.15,2.15,2.15,2.15,2.15,2.15,2.15] SKIP
    g4: 0/8 solved, rewards=[0.33,0.27,0.47,0.13,0.13,0.53,0.13,0.33] TRAIN std=0.145
    g5: 0/8 solved, rewards=[0.85,0.85,0.46,0.85,0.92,0.92,0.92,0.85] TRAIN std=0.143
    g6: 8/8 solved, rewards=[2.15,2.15,2.15,2.15,2.15,2.15,2.15,2.15] SKIP
    g7: 1/8 solved, rewards=[0.07,0.07,0.21,2.10,0.21,0.21,0.21,0.07] TRAIN std=0.647
  [step 125] training: 137 datums, 156114 comp tokens
  [step 125] train done: loss=-0.0003 in 18.6s
  [step 125] dumped 64 train trajectories to checkpoints/lcb_path_indep_lcbv5_s42/train_trajectories_step_0125.jsonl
[step 125/200] solve=0.52 reward=1.31±0.88 loss=-0.0003 turns=2.5 disc=396 mast=86 skip=3/8 t=668.3s
  [step 126 t1] fired 64 (8 API calls)
    gen: 64 results in 174.0s (avg 1343 tok/ep)
    sandbox: 174.1s | pass=32 fail=32 no_code=0 | 32/64 done
  [step 126 t2] fired 32 (32 API calls)
    gen: 32 results in 130.2s (avg 856 tok/ep)
    sandbox: 174.2s | pass=6 fail=26 no_code=0 | 38/64 done
  [step 126 t3] fired 26 (26 API calls)
    gen: 26 results in 61.6s (avg 580 tok/ep)
    sandbox: 173.8s | pass=4 fail=22 no_code=0 | 42/64 done
  [step 126 t4] fired 22 (22 API calls)
    gen: 22 results in 87.1s (avg 499 tok/ep)
    sandbox: 174.1s | pass=0 fail=22 no_code=0 | 64/64 done
    g0: 0/8 solved, rewards=[0.00,0.00,0.00,0.00,0.00,0.00,0.00,0.00] SKIP
    g1: 1/8 solved, rewards=[2.05,0.74,0.74,0.48,0.74,0.48,0.04,0.48] TRAIN std=0.548
    g2: 4/8 solved, rewards=[0.56,0.56,0.56,2.05,2.05,0.56,2.05,2.10] TRAIN std=0.750
    g3: 5/8 solved, rewards=[2.10,2.10,0.20,2.15,2.10,2.10,0.20,0.20] TRAIN std=0.925
    g4: 8/8 solved, rewards=[2.15,2.15,2.15,2.15,2.15,2.15,2.15,2.10] TRAIN std=0.017
    g5: 8/8 solved, rewards=[2.15,2.15,2.15,2.15,2.15,2.15,2.15,2.15] SKIP
    g6: 8/8 solved, rewards=[2.15,2.15,2.15,2.15,2.15,2.15,2.15,2.15] SKIP
    g7: 8/8 solved, rewards=[2.15,2.15,2.15,2.15,2.15,2.15,2.15,2.15] SKIP
  [step 126] training: 88 datums, 87300 comp tokens
  [step 126] train done: loss=-0.0025 in 8.0s
[step 126/200] solve=0.66 reward=1.50±0.89 loss=-0.0025 turns=2.2 disc=398 mast=86 skip=4/8 t=1158.0s
  [step 127 t1] fired 64 (8 API calls)
    gen: 64 results in 208.5s (avg 1389 tok/ep)
    sandbox: 94.5s | pass=41 fail=23 no_code=0 | 41/64 done
  [step 127 t2] fired 23 (23 API calls)
    gen: 23 results in 39.6s (avg 762 tok/ep)
    sandbox: 94.9s | pass=9 fail=14 no_code=0 | 50/64 done
  [step 127 t3] fired 14 (14 API calls)
    gen: 14 results in 31.4s (avg 707 tok/ep)
    sandbox: 29.5s | pass=3 fail=11 no_code=0 | 53/64 done
  [step 127 t4] fired 11 (11 API calls)
    gen: 11 results in 67.4s (avg 574 tok/ep)
    sandbox: 29.4s | pass=0 fail=11 no_code=0 | 64/64 done
    g0: 8/8 solved, rewards=[2.15,2.15,2.15,2.15,2.15,2.15,2.15,2.15] SKIP
    g1: 7/8 solved, rewards=[2.15,2.05,0.86,2.15,2.10,2.10,2.15,2.05] TRAIN std=0.415
    g2: 8/8 solved, rewards=[2.15,2.15,2.15,2.15,2.15,2.15,2.15,2.15] SKIP
    g3: 8/8 solved, rewards=[2.15,2.15,2.15,2.15,2.15,2.15,2.15,2.10] TRAIN std=0.017
    g4: 7/8 solved, rewards=[2.15,2.15,2.15,2.10,2.15,0.21,2.15,2.15] TRAIN std=0.638
    g5: 2/8 solved, rewards=[0.69,0.88,2.05,0.88,2.10,0.62,0.50,0.81] TRAIN std=0.595
    g6: 8/8 solved, rewards=[2.15,2.15,2.15,2.15,2.15,2.15,2.15,2.15] SKIP
    g7: 5/8 solved, rewards=[2.10,2.10,2.15,0.50,0.50,2.10,2.10,0.50] TRAIN std=0.780
  [step 127] training: 88 datums, 98883 comp tokens
  [step 127] train done: loss=0.0004 in 10.0s
[step 127/200] solve=0.83 reward=1.88±0.57 loss=0.0004 turns=1.8 disc=400 mast=89 skip=3/8 t=605.6s
  [step 128 t1] fired 64 (8 API calls)
    gen: 64 results in 241.4s (avg 1416 tok/ep)
    sandbox: 23.6s | pass=45 fail=19 no_code=0 | 45/64 done
  [step 128 t2] fired 19 (19 API calls)
    gen: 19 results in 60.3s (avg 757 tok/ep)
    sandbox: 8.4s | pass=6 fail=13 no_code=0 | 51/64 done
  [step 128 t3] fired 13 (13 API calls)
    gen: 13 results in 62.8s (avg 661 tok/ep)
    sandbox: 7.8s | pass=3 fail=10 no_code=0 | 54/64 done
  [step 128 t4] fired 10 (10 API calls)
    gen: 10 results in 38.7s (avg 569 tok/ep)
    sandbox: 6.4s | pass=1 fail=9 no_code=0 | 64/64 done
    g0: 5/8 solved, rewards=[2.15,2.15,2.05,2.10,0.29,2.15,0.29,0.29] TRAIN std=0.889
    g1: 6/8 solved, rewards=[2.15,0.79,2.10,2.15,2.10,2.15,0.29,2.15] TRAIN std=0.703
    g2: 7/8 solved, rewards=[2.05,2.15,0.73,2.15,2.15,2.15,2.15,2.15] TRAIN std=0.465
    g3: 8/8 solved, rewards=[2.15,2.15,2.10,2.15,2.15,2.15,2.15,2.10] TRAIN std=0.022
    g4: 6/8 solved, rewards=[2.05,0.96,0.96,2.10,2.15,2.15,2.15,2.15] TRAIN std=0.504
    g5: 8/8 solved, rewards=[2.15,2.15,2.15,2.15,2.15,2.15,2.15,2.15] SKIP
    g6: 8/8 solved, rewards=[2.15,2.15,2.15,2.15,2.15,2.15,2.15,2.15] SKIP
    g7: 7/8 solved, rewards=[2.00,0.79,2.15,2.15,2.15,2.15,2.15,2.15] TRAIN std=0.447
  [step 128] training: 90 datums, 108435 comp tokens
  [step 128] train done: loss=0.0024 in 9.3s
[step 128/200] solve=0.86 reward=1.92±0.55 loss=0.0024 turns=1.7 disc=402 mast=91 skip=2/8 t=459.2s
  [step 129 t1] fired 64 (8 API calls)
    gen: 64 results in 119.7s (avg 1367 tok/ep)
    sandbox: 192.2s | pass=24 fail=40 no_code=0 | 24/64 done
  [step 129 t2] fired 40 (40 API calls)
    gen: 40 results in 44.2s (avg 874 tok/ep)
    sandbox: 173.2s | pass=0 fail=40 no_code=0 | 24/64 done
  [step 129 t3] fired 40 (40 API calls)
    gen: 40 results in 36.1s (avg 594 tok/ep)
    sandbox: 173.6s | pass=0 fail=40 no_code=0 | 24/64 done
  [step 129 t4] fired 40 (40 API calls)
    gen: 40 results in 49.8s (avg 535 tok/ep)
    sandbox: 173.4s | pass=0 fail=40 no_code=0 | 64/64 done
    g0: 0/8 solved, rewards=[0.14,0.14,0.14,0.29,0.29,0.29,0.29,0.29] TRAIN std=0.069
    g1: 8/8 solved, rewards=[2.15,2.15,2.15,2.15,2.15,2.15,2.15,2.15] SKIP
    g2: 0/8 solved, rewards=[0.40,0.40,0.40,0.00,0.40,0.40,0.40,0.40] TRAIN std=0.132
    g3: 0/8 solved, rewards=[0.22,0.15,0.00,0.00,0.00,0.00,0.00,0.00] TRAIN std=0.082
    g4: 8/8 solved, rewards=[2.15,2.15,2.15,2.15,2.15,2.15,2.15,2.15] SKIP
    g5: 8/8 solved, rewards=[2.15,2.15,2.15,2.15,2.15,2.15,2.15,2.15] SKIP
    g6: 0/8 solved, rewards=[0.50,0.50,0.50,0.50,0.50,0.50,0.50,0.50] SKIP
    g7: 0/8 solved, rewards=[0.00,0.00,0.00,0.07,0.29,0.00,0.00,0.07] TRAIN std=0.093
  [step 129] training: 128 datums, 120749 comp tokens
  [step 129] train done: loss=0.0000 in 8.8s
[step 129/200] solve=0.38 reward=0.95±0.94 loss=0.0000 turns=2.9 disc=403 mast=92 skip=4/8 t=972.1s
  [step 130 t1] fired 64 (8 API calls)
    gen: 64 results in 295.9s (avg 2237 tok/ep)
    sandbox: 184.9s | pass=26 fail=37 no_code=1 | 26/64 done
  [step 130 t2] fired 38 (38 API calls)
    gen: 38 results in 79.0s (avg 1084 tok/ep)
    sandbox: 104.3s | pass=3 fail=35 no_code=0 | 29/64 done
  [step 130 t3] fired 35 (35 API calls)
    gen: 35 results in 213.7s (avg 783 tok/ep)
    sandbox: 104.5s | pass=0 fail=35 no_code=0 | 29/64 done
  [step 130 t4] fired 35 (35 API calls)
    gen: 35 results in 139.4s (avg 581 tok/ep)
    sandbox: 104.4s | pass=0 fail=35 no_code=0 | 64/64 done
    g0: 2/8 solved, rewards=[2.10,0.87,0.87,0.87,0.87,0.87,2.15,0.00] TRAIN std=0.669
    g1: 0/8 solved, rewards=[0.00,0.00,0.00,0.00,0.00,-0.10,0.00,0.00] TRAIN std=0.033
    g2: 3/8 solved, rewards=[0.00,0.07,0.33,2.10,0.67,2.10,0.07,2.15] TRAIN std=0.936
    g3: 0/8 solved, rewards=[0.92,0.85,0.92,0.85,0.92,0.92,0.92,0.92] TRAIN std=0.033
    g4: 8/8 solved, rewards=[2.15,2.15,2.15,2.15,2.15,2.15,2.15,2.15] SKIP
    g5: 8/8 solved, rewards=[2.15,2.15,2.15,2.15,2.15,2.15,2.15,2.15] SKIP
    g6: 0/8 solved, rewards=[0.73,0.73,0.80,0.67,0.73,0.73,0.73,0.67] TRAIN std=0.040
    g7: 8/8 solved, rewards=[2.15,2.15,2.15,2.15,2.15,2.15,2.15,2.15] SKIP
  [step 130] training: 148 datums, 215834 comp tokens
  [step 130] train done: loss=-0.0043 in 13.5s
  [step 130] dumped 64 train trajectories to checkpoints/lcb_path_indep_lcbv5_s42/train_trajectories_step_0130.jsonl
[step 130/200] solve=0.45 reward=1.26±0.86 loss=-0.0043 turns=2.7 disc=404 mast=92 skip=3/8 t=1241.0s
[eval] Running on 20 problems...
[eval] step=130: 10/20 = 0.50
[eval] Trajectories saved to checkpoints/lcb_path_indep_lcbv5_s42/eval_trajectories_step_0130.jsonl
  [step 131 t1] fired 64 (8 API calls)
    gen: 64 results in 186.0s (avg 1798 tok/ep)
    sandbox: 79.3s | pass=28 fail=36 no_code=0 | 28/64 done
  [step 131 t2] fired 36 (36 API calls)
    gen: 36 results in 76.6s (avg 954 tok/ep)
    sandbox: 78.5s | pass=0 fail=36 no_code=0 | 28/64 done
  [step 131 t3] fired 36 (36 API calls)
    gen: 36 results in 59.4s (avg 710 tok/ep)
    sandbox: 78.6s | pass=1 fail=35 no_code=0 | 29/64 done
  [step 131 t4] fired 35 (35 API calls)
    gen: 35 results in 31.8s (avg 620 tok/ep)
    sandbox: 82.1s | pass=0 fail=35 no_code=0 | 64/64 done
    g0: 4/8 solved, rewards=[2.15,0.56,0.56,0.62,2.15,2.15,2.15,0.56] TRAIN std=0.786
    g1: 8/8 solved, rewards=[2.15,2.15,2.15,2.15,2.15,2.15,2.15,2.15] SKIP
    g2: 1/8 solved, rewards=[0.00,0.20,0.00,0.20,0.00,2.05,0.00,0.20] TRAIN std=0.656
    g3: 0/8 solved, rewards=[0.17,0.17,0.17,0.17,0.17,0.17,0.17,0.13] TRAIN std=0.014
    g4: 8/8 solved, rewards=[2.15,2.15,2.15,2.15,2.15,2.15,2.15,2.15] SKIP
    g5: 8/8 solved, rewards=[2.15,2.15,2.15,2.15,2.15,2.15,2.15,2.15] SKIP
    g6: 0/8 solved, rewards=[0.40,0.20,0.47,0.20,0.13,0.33,0.53,0.53] TRAIN std=0.148
    g7: 0/8 solved, rewards=[0.40,0.60,0.60,0.80,0.60,0.60,0.53,0.40] TRAIN std=0.120
  [step 131] training: 147 datums, 174226 comp tokens
  [step 131] train done: loss=0.0006 in 69.6s
[step 131/200] solve=0.45 reward=1.15±0.92 loss=0.0006 turns=2.7 disc=405 mast=95 skip=3/8 t=743.2s
  [step 132 t1] fired 64 (8 API calls)
    gen: 64 results in 269.5s (avg 1959 tok/ep)
    sandbox: 234.2s | pass=27 fail=37 no_code=0 | 27/64 done
  [step 132 t2] fired 37 (37 API calls)
    gen: 37 results in 90.8s (avg 1058 tok/ep)
    sandbox: 233.2s | pass=2 fail=35 no_code=0 | 29/64 done
  [step 132 t3] fired 35 (35 API calls)
    gen: 35 results in 65.9s (avg 666 tok/ep)
    sandbox: 233.2s | pass=1 fail=34 no_code=0 | 30/64 done
  [step 132 t4] fired 34 (34 API calls)
    gen: 34 results in 86.1s (avg 624 tok/ep)
    sandbox: 233.1s | pass=0 fail=34 no_code=0 | 64/64 done
    g0: 8/8 solved, rewards=[2.15,2.15,2.15,2.15,2.15,2.15,2.15,2.15] SKIP
    g1: 7/8 solved, rewards=[2.10,2.15,2.15,2.10,2.15,2.15,2.15,0.60] TRAIN std=0.508
    g2: 1/8 solved, rewards=[0.70,0.97,2.05,0.97,0.00,0.19,0.97,0.00] TRAIN std=0.640
    g3: 6/8 solved, rewards=[2.15,0.00,2.15,2.15,2.15,0.00,2.15,2.15] TRAIN std=0.931
    g4: 0/8 solved, rewards=[0.13,0.13,0.13,0.13,0.13,0.13,0.13,0.04] TRAIN std=0.029
    g5: 8/8 solved, rewards=[2.15,2.15,2.15,2.15,2.15,2.15,2.15,2.15] SKIP
    g6: 0/8 solved, rewards=[0.29,0.26,0.13,0.13,0.03,0.32,0.32,0.19] TRAIN std=0.099
    g7: 0/8 solved, rewards=[0.95,0.92,0.92,0.92,0.92,0.92,0.92,0.92] TRAIN std=0.008
  [step 132] training: 154 datums, 197479 comp tokens
  [step 132] train done: loss=-0.0046 in 11.2s
[step 132/200] solve=0.47 reward=1.23±0.90 loss=-0.0046 turns=2.7 disc=405 mast=99 skip=2/8 t=1458.4s
  [step 133 t1] fired 64 (8 API calls)
    gen: 64 results in 149.0s (avg 1260 tok/ep)
    sandbox: 100.9s | pass=30 fail=34 no_code=0 | 30/64 done
  [step 133 t2] fired 34 (34 API calls)
    gen: 34 results in 100.5s (avg 842 tok/ep)
    sandbox: 78.8s | pass=2 fail=32 no_code=0 | 32/64 done
  [step 133 t3] fired 32 (32 API calls)
    gen: 32 results in 32.4s (avg 684 tok/ep)
    sandbox: 78.2s | pass=0 fail=32 no_code=0 | 32/64 done
  [step 133 t4] fired 32 (32 API calls)
    gen: 32 results in 51.9s (avg 627 tok/ep)
    sandbox: 77.7s | pass=1 fail=31 no_code=0 | 64/64 done
    g0: 0/8 solved, rewards=[0.92,0.82,0.92,0.92,0.92,0.92,0.82,0.92] TRAIN std=0.044
    g1: 8/8 solved, rewards=[2.15,2.15,2.15,2.10,2.15,2.15,2.15,2.15] TRAIN std=0.017
    g2: 1/8 solved, rewards=[0.33,2.10,0.33,0.33,0.33,0.20,0.33,0.33] TRAIN std=0.592
    g3: 8/8 solved, rewards=[2.15,2.15,2.15,2.15,2.15,2.15,2.15,2.15] SKIP
    g4: 0/8 solved, rewards=[0.20,0.20,0.20,0.20,0.20,0.53,0.20,0.20] TRAIN std=0.110
    g5: 8/8 solved, rewards=[2.15,2.15,2.15,2.15,2.15,2.15,2.00,2.15] TRAIN std=0.050
    g6: 8/8 solved, rewards=[2.15,2.15,2.15,2.15,2.15,2.15,2.15,2.15] SKIP
    g7: 0/8 solved, rewards=[0.09,0.23,0.23,0.18,0.18,0.00,0.18,0.18] TRAIN std=0.072
  [step 133] training: 146 datums, 136091 comp tokens
  [step 133] train done: loss=-0.0006 in 10.6s
[step 133/200] solve=0.52 reward=1.30±0.89 loss=-0.0006 turns=2.5 disc=407 mast=101 skip=2/8 t=680.7s
  [step 134 t1] fired 64 (8 API calls)
    gen: 64 results in 129.4s (avg 1234 tok/ep)
    sandbox: 417.0s | pass=28 fail=36 no_code=0 | 28/64 done
  [step 134 t2] fired 36 (36 API calls)
    gen: 36 results in 60.5s (avg 796 tok/ep)
    sandbox: 263.8s | pass=4 fail=32 no_code=0 | 32/64 done
  [step 134 t3] fired 32 (32 API calls)
    gen: 32 results in 48.2s (avg 559 tok/ep)
    sandbox: 264.3s | pass=0 fail=32 no_code=0 | 32/64 done
  [step 134 t4] fired 32 (32 API calls)
    gen: 32 results in 29.3s (avg 392 tok/ep)
    sandbox: 262.7s | pass=0 fail=32 no_code=0 | 64/64 done
    g0: 8/8 solved, rewards=[2.15,2.15,2.15,2.15,2.15,2.15,2.15,2.15] SKIP
    g1: 0/8 solved, rewards=[0.30,0.30,0.30,0.30,0.16,0.30,0.16,0.16] TRAIN std=0.065
    g2: 4/8 solved, rewards=[2.10,0.74,2.10,0.00,2.10,0.42,2.10,0.00] TRAIN std=0.931
    g3: 8/8 solved, rewards=[2.15,2.15,2.15,2.15,2.15,2.15,2.15,2.15] SKIP
    g4: 8/8 solved, rewards=[2.15,2.15,2.15,2.15,2.15,2.15,2.15,2.15] SKIP
    g5: 0/8 solved, rewards=[0.17,0.17,0.17,0.17,0.17,0.17,0.17,0.17] SKIP
    g6: 4/8 solved, rewards=[2.15,2.15,0.33,0.33,0.15,2.15,2.15,0.33] TRAIN std=0.933
    g7: 0/8 solved, rewards=[0.00,0.00,0.00,0.00,0.00,0.00,0.00,0.00] SKIP
  [step 134] training: 76 datums, 72425 comp tokens
  [step 134] train done: loss=-0.0013 in 6.6s
[step 134/200] solve=0.50 reward=1.16±0.99 loss=-0.0013 turns=2.6 disc=408 mast=102 skip=5/8 t=1482.6s
  [step 135 t1] fired 64 (8 API calls)
    gen: 64 results in 223.3s (avg 1919 tok/ep)
    sandbox: 75.9s | pass=31 fail=33 no_code=0 | 31/64 done
  [step 135 t2] fired 33 (33 API calls)
    gen: 33 results in 107.9s (avg 1230 tok/ep)
    sandbox: 62.4s | pass=0 fail=33 no_code=0 | 31/64 done
  [step 135 t3] fired 33 (33 API calls)
    gen: 33 results in 61.9s (avg 865 tok/ep)
    sandbox: 62.1s | pass=0 fail=33 no_code=0 | 31/64 done
  [step 135 t4] fired 33 (33 API calls)
    gen: 33 results in 69.7s (avg 742 tok/ep)
    sandbox: 62.0s | pass=0 fail=33 no_code=0 | 64/64 done
    g0: 0/8 solved, rewards=[0.93,0.67,0.67,0.60,0.67,0.67,0.87,0.67] TRAIN std=0.109
    g1: 0/8 solved, rewards=[0.25,0.75,0.75,0.75,0.38,0.25,0.12,0.75] TRAIN std=0.258
    g2: 8/8 solved, rewards=[2.15,2.15,2.15,2.15,2.15,2.15,2.15,2.15] SKIP
    g3: 0/8 solved, rewards=[0.00,0.00,0.00,0.07,0.00,0.00,0.00,0.00] TRAIN std=0.022
    g4: 7/8 solved, rewards=[2.15,2.15,2.15,2.15,0.00,2.15,2.15,2.15] TRAIN std=0.711
    g5: 8/8 solved, rewards=[2.15,2.15,2.15,2.15,2.15,2.15,2.15,2.15] SKIP
    g6: 8/8 solved, rewards=[2.15,2.15,2.15,2.15,2.15,2.15,2.15,2.15] SKIP
    g7: 0/8 solved, rewards=[0.21,0.21,0.07,0.21,0.21,0.21,0.07,0.21] TRAIN std=0.062
  [step 135] training: 139 datums, 193562 comp tokens
  [step 135] train done: loss=0.0012 in 11.9s
  [step 135] dumped 64 train trajectories to checkpoints/lcb_path_indep_lcbv5_s42/train_trajectories_step_0135.jsonl
[step 135/200] solve=0.48 reward=1.22±0.93 loss=0.0012 turns=2.5 disc=408 mast=104 skip=3/8 t=738.4s
  [step 136 t1] fired 64 (8 API calls)
    gen: 64 results in 114.6s (avg 1083 tok/ep)
    sandbox: 31.3s | pass=45 fail=19 no_code=0 | 45/64 done
  [step 136 t2] fired 19 (19 API calls)
    gen: 19 results in 94.9s (avg 847 tok/ep)
    sandbox: 29.9s | pass=0 fail=19 no_code=0 | 45/64 done
  [step 136 t3] fired 19 (19 API calls)
    gen: 19 results in 72.3s (avg 705 tok/ep)
    sandbox: 12.9s | pass=0 fail=19 no_code=0 | 45/64 done
  [step 136 t4] fired 19 (19 API calls)
    gen: 19 results in 46.2s (avg 631 tok/ep)
    sandbox: 13.1s | pass=0 fail=19 no_code=0 | 64/64 done
    g0: 0/8 solved, rewards=[0.92,0.74,0.82,0.82,0.92,0.82,0.92,0.92] TRAIN std=0.065
    g1: 8/8 solved, rewards=[2.15,2.15,2.15,2.15,2.15,2.15,2.15,2.15] SKIP
    g2: 8/8 solved, rewards=[2.15,2.15,2.15,2.15,2.15,2.15,2.15,2.15] SKIP
    g3: 8/8 solved, rewards=[2.15,2.15,2.15,2.15,2.15,2.15,2.15,2.15] SKIP
    g4: 0/8 solved, rewards=[0.56,0.88,0.56,0.88,0.56,0.56,0.56,0.56] TRAIN std=0.135
    g5: 8/8 solved, rewards=[2.15,2.15,2.15,2.15,2.15,2.15,2.15,2.15] SKIP
    g6: 5/8 solved, rewards=[2.15,2.15,0.09,0.09,0.09,2.15,2.15,2.15] TRAIN std=0.997
    g7: 8/8 solved, rewards=[2.15,2.15,2.15,2.15,2.15,2.15,2.15,2.15] SKIP
  [step 136] training: 81 datums, 79011 comp tokens
  [step 136] train done: loss=0.0020 in 6.2s
[step 136/200] solve=0.70 reward=1.70±0.70 loss=0.0020 turns=1.9 disc=409 mast=108 skip=5/8 t=422.0s
  [step 137 t1] fired 64 (8 API calls)
    gen: 64 results in 127.2s (avg 1768 tok/ep)
    sandbox: 241.3s | pass=30 fail=34 no_code=0 | 30/64 done
  [step 137 t2] fired 34 (34 API calls)
    gen: 34 results in 106.7s (avg 1012 tok/ep)
    sandbox: 233.9s | pass=0 fail=34 no_code=0 | 30/64 done
  [step 137 t3] fired 34 (34 API calls)
    gen: 34 results in 76.0s (avg 721 tok/ep)
    sandbox: 234.0s | pass=0 fail=34 no_code=0 | 30/64 done
  [step 137 t4] fired 34 (34 API calls)
    gen: 34 results in 29.8s (avg 584 tok/ep)
    sandbox: 233.5s | pass=0 fail=34 no_code=0 | 64/64 done
    g0: 6/8 solved, rewards=[2.15,0.29,2.15,2.15,2.15,0.29,2.15,2.15] TRAIN std=0.807
    g1: 0/8 solved, rewards=[0.00,0.14,0.00,0.00,0.00,0.00,0.00,0.00] TRAIN std=0.047
    g2: 0/8 solved, rewards=[0.00,0.21,0.00,0.21,0.00,0.00,0.00,0.14] TRAIN std=0.094
    g3: 8/8 solved, rewards=[2.15,2.15,2.15,2.15,2.15,2.15,2.15,2.15] SKIP
    g4: 8/8 solved, rewards=[2.15,2.15,2.15,2.15,2.15,2.15,2.15,2.15] SKIP
    g5: 8/8 solved, rewards=[2.15,2.15,2.15,2.15,2.15,2.15,2.15,2.15] SKIP
    g6: 0/8 solved, rewards=[0.82,0.92,0.95,0.92,0.59,0.92,0.87,0.95] TRAIN std=0.113
    g7: 0/8 solved, rewards=[0.49,0.46,0.32,0.46,0.00,0.46,0.35,0.46] TRAIN std=0.152
  [step 137] training: 142 datums, 174497 comp tokens
  [step 137] train done: loss=-0.0010 in 8.7s
[step 137/200] solve=0.47 reward=1.18±0.94 loss=-0.0010 turns=2.6 disc=411 mast=108 skip=3/8 t=1292.3s
  [step 138 t1] fired 64 (8 API calls)
    gen: 64 results in 235.8s (avg 1700 tok/ep)
    sandbox: 59.7s | pass=38 fail=26 no_code=0 | 38/64 done
  [step 138 t2] fired 26 (26 API calls)
    gen: 26 results in 49.1s (avg 804 tok/ep)
    sandbox: 47.8s | pass=3 fail=23 no_code=0 | 41/64 done
  [step 138 t3] fired 23 (23 API calls)
    gen: 23 results in 31.2s (avg 544 tok/ep)
    sandbox: 49.2s | pass=0 fail=23 no_code=0 | 41/64 done
  [step 138 t4] fired 23 (23 API calls)
    gen: 23 results in 45.3s (avg 570 tok/ep)
    sandbox: 47.3s | pass=1 fail=22 no_code=0 | 64/64 done
    g0: 0/8 solved, rewards=[0.13,0.80,0.07,0.80,0.80,0.27,0.13,0.80] TRAIN std=0.329
    g1: 8/8 solved, rewards=[2.15,2.15,2.15,2.15,2.15,2.15,2.15,2.15] SKIP
    g2: 8/8 solved, rewards=[2.15,2.15,2.15,2.15,2.15,2.15,2.15,2.15] SKIP
    g3: 8/8 solved, rewards=[2.15,2.15,2.15,2.15,2.10,2.15,2.15,2.15] TRAIN std=0.017
    g4: 1/8 solved, rewards=[0.10,0.15,0.15,0.10,0.15,0.10,0.15,2.10] TRAIN std=0.652
    g5: 4/8 solved, rewards=[0.86,0.86,2.15,2.15,0.14,2.15,2.15,0.50] TRAIN std=0.808
    g6: 5/8 solved, rewards=[2.15,2.15,2.00,0.36,0.00,2.15,0.00,2.10] TRAIN std=0.970
    g7: 8/8 solved, rewards=[2.15,2.15,2.15,2.15,2.15,2.15,2.15,2.15] SKIP
  [step 138] training: 112 datums, 136139 comp tokens
  [step 138] train done: loss=0.0009 in 8.5s
[step 138/200] solve=0.66 reward=1.52±0.88 loss=0.0009 turns=2.1 disc=412 mast=110 skip=3/8 t=574.8s
  [step 139 t1] fired 64 (8 API calls)
    gen: 64 results in 146.4s (avg 1538 tok/ep)
    sandbox: 45.3s | pass=27 fail=37 no_code=0 | 27/64 done
  [step 139 t2] fired 37 (37 API calls)
    gen: 37 results in 87.6s (avg 985 tok/ep)
    sandbox: 110.9s | pass=0 fail=37 no_code=0 | 27/64 done
  [step 139 t3] fired 37 (37 API calls)
    gen: 37 results in 73.3s (avg 757 tok/ep)
    sandbox: 110.4s | pass=2 fail=35 no_code=0 | 29/64 done
  [step 139 t4] fired 35 (35 API calls)
    gen: 35 results in 50.2s (avg 569 tok/ep)
    sandbox: 46.6s | pass=3 fail=32 no_code=0 | 64/64 done
    g0: 0/8 solved, rewards=[0.21,0.00,0.21,0.21,0.07,0.07,0.07,0.21] TRAIN std=0.083
    g1: 8/8 solved, rewards=[2.15,2.15,2.15,2.15,2.15,2.15,2.15,2.15] SKIP
    g2: 8/8 solved, rewards=[2.15,2.15,2.15,2.15,2.15,2.15,2.15,2.15] SKIP
    g3: 0/8 solved, rewards=[0.00,0.00,0.00,0.00,0.00,0.00,0.00,0.00] SKIP
    g4: 5/8 solved, rewards=[0.19,0.19,2.15,2.00,2.15,0.19,2.15,2.05] TRAIN std=0.928
    g5: 0/8 solved, rewards=[0.47,0.47,0.47,0.47,0.47,0.47,0.47,0.47] SKIP
    g6: 4/8 solved, rewards=[2.15,0.33,0.33,0.33,2.15,0.33,2.00,2.15] TRAIN std=0.891
    g7: 7/8 solved, rewards=[2.15,2.15,2.15,2.15,2.00,2.05,2.15,0.73] TRAIN std=0.460
  [step 139] training: 93 datums, 113878 comp tokens
  [step 139] train done: loss=0.0015 in 9.1s
[step 139/200] solve=0.50 reward=1.18±0.96 loss=0.0015 turns=2.7 disc=413 mast=112 skip=4/8 t=680.7s
  [step 140 t1] fired 64 (8 API calls)
    gen: 64 results in 112.9s (avg 1224 tok/ep)
    sandbox: 173.8s | pass=25 fail=39 no_code=0 | 25/64 done
  [step 140 t2] fired 39 (39 API calls)
    gen: 39 results in 70.6s (avg 637 tok/ep)
    sandbox: 173.4s | pass=3 fail=36 no_code=0 | 28/64 done
  [step 140 t3] fired 36 (36 API calls)
    gen: 36 results in 22.6s (avg 416 tok/ep)
    sandbox: 173.6s | pass=2 fail=34 no_code=0 | 30/64 done
  [step 140 t4] fired 34 (34 API calls)
    gen: 34 results in 25.2s (avg 395 tok/ep)
    sandbox: 173.1s | pass=1 fail=33 no_code=0 | 64/64 done
    g0: 0/8 solved, rewards=[0.50,0.64,0.50,0.50,0.36,0.43,0.21,0.36] TRAIN std=0.121
    g1: 0/8 solved, rewards=[0.97,0.94,0.35,0.94,0.94,0.94,0.35,0.94] TRAIN std=0.254
    g2: 7/8 solved, rewards=[2.15,2.15,2.15,0.00,2.15,2.15,2.15,2.15] TRAIN std=0.711
    g3: 0/8 solved, rewards=[0.00,0.48,0.00,0.48,0.00,0.00,0.48,0.48] TRAIN std=0.241
    g4: 5/8 solved, rewards=[2.10,0.16,2.10,2.15,0.16,2.15,2.15,0.45] TRAIN std=0.910
    g5: 3/8 solved, rewards=[0.27,0.27,0.27,2.05,0.27,0.27,2.00,2.05] TRAIN std=0.855
    g6: 8/8 solved, rewards=[2.15,2.15,2.15,2.15,2.15,2.15,2.15,2.15] SKIP
    g7: 8/8 solved, rewards=[2.15,2.10,2.15,2.15,2.15,2.15,2.15,2.15] TRAIN std=0.017
  [step 140] training: 165 datums, 119753 comp tokens
  [step 140] train done: loss=0.0019 in 7.7s
  [step 140] dumped 64 train trajectories to checkpoints/lcb_path_indep_lcbv5_s42/train_trajectories_step_0140.jsonl
[step 140/200] solve=0.48 reward=1.25±0.88 loss=0.0019 turns=2.7 disc=414 mast=114 skip=1/8 t=933.7s
[lcb] Checkpoint: tinker://0e361783-717c-52c2-86f8-6d2a5e5b4f0c:train:0/weights/step_0140
[eval] Running on 20 problems...
[eval] step=140: 11/20 = 0.55
[eval] Trajectories saved to checkpoints/lcb_path_indep_lcbv5_s42/eval_trajectories_step_0140.jsonl
  [step 141 t1] fired 64 (8 API calls)
    gen: 64 results in 61.2s (avg 899 tok/ep)
    sandbox: 174.0s | pass=53 fail=11 no_code=0 | 53/64 done
  [step 141 t2] fired 11 (11 API calls)
    gen: 11 results in 21.6s (avg 524 tok/ep)
    sandbox: 172.5s | pass=4 fail=7 no_code=0 | 57/64 done
  [step 141 t3] fired 7 (7 API calls)
    gen: 7 results in 25.6s (avg 345 tok/ep)
    sandbox: 172.1s | pass=0 fail=7 no_code=0 | 57/64 done
  [step 141 t4] fired 7 (7 API calls)
    gen: 7 results in 26.8s (avg 292 tok/ep)
    sandbox: 172.1s | pass=0 fail=7 no_code=0 | 64/64 done
    g0: 8/8 solved, rewards=[2.15,2.15,2.15,2.15,2.15,2.15,2.15,2.15] SKIP
    g1: 8/8 solved, rewards=[2.15,2.15,2.15,2.15,2.15,2.15,2.15,2.15] SKIP
    g2: 8/8 solved, rewards=[2.15,2.10,2.10,2.15,2.15,2.15,2.10,2.15] TRAIN std=0.024
    g3: 1/8 solved, rewards=[0.07,2.15,0.15,0.00,0.07,0.15,0.00,0.00] TRAIN std=0.692
    g4: 8/8 solved, rewards=[2.15,2.15,2.15,2.15,2.15,2.15,2.15,2.15] SKIP
    g5: 8/8 solved, rewards=[2.15,2.15,2.15,2.15,2.15,2.15,2.15,2.15] SKIP
    g6: 8/8 solved, rewards=[2.15,2.15,2.15,2.15,2.15,2.15,2.15,2.15] SKIP
    g7: 8/8 solved, rewards=[2.15,2.15,2.15,2.15,2.10,2.15,2.15,2.15] TRAIN std=0.017
  [step 141] training: 49 datums, 37007 comp tokens
  [step 141] train done: loss=0.0005 in 19.4s
[step 141/200] solve=0.89 reward=1.92±0.65 loss=0.0005 turns=1.4 disc=416 mast=114 skip=5/8 t=845.6s
  [step 142 t1] fired 64 (8 API calls)
    gen: 64 results in 107.0s (avg 1785 tok/ep)
    sandbox: 187.0s | pass=20 fail=44 no_code=0 | 20/64 done
  [step 142 t2] fired 44 (44 API calls)
    gen: 44 results in 64.7s (avg 799 tok/ep)
    sandbox: 185.8s | pass=1 fail=43 no_code=0 | 21/64 done
  [step 142 t3] fired 43 (43 API calls)
    gen: 43 results in 42.2s (avg 634 tok/ep)
    sandbox: 185.7s | pass=2 fail=41 no_code=0 | 23/64 done
  [step 142 t4] fired 41 (41 API calls)
    gen: 41 results in 48.4s (avg 536 tok/ep)
    sandbox: 185.4s | pass=1 fail=40 no_code=0 | 64/64 done
    g0: 8/8 solved, rewards=[2.15,2.15,2.15,2.15,2.15,2.15,2.15,2.05] TRAIN std=0.033
    g1: 2/8 solved, rewards=[0.07,0.07,2.00,0.07,2.15,0.07,0.07,0.07] TRAIN std=0.870
    g2: 8/8 solved, rewards=[2.15,2.15,2.15,2.15,2.15,2.15,2.15,2.15] SKIP
    g3: 4/8 solved, rewards=[0.13,0.13,0.40,2.05,0.40,2.15,2.15,2.15] TRAIN std=0.934
    g4: 2/8 solved, rewards=[0.50,0.50,0.50,2.15,0.50,2.10,0.50,0.50] TRAIN std=0.704
    g5: 0/8 solved, rewards=[0.00,0.00,0.00,0.00,0.00,0.00,0.00,0.00] SKIP
    g6: 0/8 solved, rewards=[0.00,0.00,0.00,0.28,0.00,0.00,0.00,0.00] TRAIN std=0.091
    g7: 0/8 solved, rewards=[0.33,0.33,0.07,0.40,0.13,0.20,0.53,0.33] TRAIN std=0.141
  [step 142] training: 152 datums, 173044 comp tokens
  [step 142] train done: loss=0.0002 in 12.1s
[step 142/200] solve=0.38 reward=0.91±0.96 loss=0.0002 turns=3.0 disc=418 mast=115 skip=2/8 t=1019.5s
  [step 143 t1] fired 64 (8 API calls)
    gen: 64 results in 104.3s (avg 1228 tok/ep)
    sandbox: 21.6s | pass=49 fail=15 no_code=0 | 49/64 done
  [step 143 t2] fired 15 (15 API calls)
    gen: 15 results in 85.5s (avg 887 tok/ep)
    sandbox: 19.5s | pass=1 fail=14 no_code=0 | 50/64 done
  [step 143 t3] fired 14 (14 API calls)
    gen: 14 results in 58.4s (avg 692 tok/ep)
    sandbox: 17.7s | pass=0 fail=14 no_code=0 | 50/64 done
  [step 143 t4] fired 14 (14 API calls)
    gen: 14 results in 53.7s (avg 608 tok/ep)
    sandbox: 14.8s | pass=0 fail=14 no_code=0 | 64/64 done
    g0: 8/8 solved, rewards=[2.15,2.15,2.15,2.15,2.15,2.15,2.15,2.15] SKIP
    g1: 8/8 solved, rewards=[2.15,2.15,2.15,2.15,2.15,2.15,2.15,2.15] SKIP
    g2: 8/8 solved, rewards=[2.15,2.15,2.15,2.15,2.15,2.15,2.15,2.10] TRAIN std=0.017
    g3: 6/8 solved, rewards=[2.15,2.15,2.15,0.00,2.15,0.00,2.15,2.15] TRAIN std=0.931
    g4: 8/8 solved, rewards=[2.15,2.15,2.15,2.15,2.15,2.15,2.15,2.15] SKIP
    g5: 0/8 solved, rewards=[0.53,0.20,0.67,0.93,0.47,0.47,0.33,0.60] TRAIN std=0.207
    g6: 4/8 solved, rewards=[0.86,2.15,2.15,0.93,2.15,2.15,0.71,0.86] TRAIN std=0.658
    g7: 8/8 solved, rewards=[2.15,2.15,2.15,2.15,2.15,2.15,2.15,2.15] SKIP
  [step 143] training: 75 datums, 82041 comp tokens
  [step 143] train done: loss=0.0044 in 6.0s
[step 143/200] solve=0.78 reward=1.80±0.68 loss=0.0044 turns=1.7 disc=419 mast=116 skip=4/8 t=382.2s
  [step 144 t1] fired 64 (8 API calls)
    gen: 64 results in 72.2s (avg 1006 tok/ep)
    sandbox: 50.9s | pass=51 fail=13 no_code=0 | 51/64 done
  [step 144 t2] fired 13 (13 API calls)
    gen: 13 results in 27.6s (avg 866 tok/ep)
    sandbox: 52.1s | pass=3 fail=10 no_code=0 | 54/64 done
  [step 144 t3] fired 10 (10 API calls)
    gen: 10 results in 27.0s (avg 487 tok/ep)
    sandbox: 51.4s | pass=0 fail=10 no_code=0 | 54/64 done
  [step 144 t4] fired 10 (10 API calls)
    gen: 10 results in 16.4s (avg 380 tok/ep)
    sandbox: 48.6s | pass=0 fail=10 no_code=0 | 64/64 done
    g0: 8/8 solved, rewards=[2.10,2.15,2.15,2.15,2.15,2.15,2.15,2.15] TRAIN std=0.017
    g1: 0/8 solved, rewards=[0.31,0.62,0.31,0.38,0.08,0.62,0.23,0.62] TRAIN std=0.190
    g2: 8/8 solved, rewards=[2.15,2.15,2.15,2.15,2.15,2.15,2.15,2.15] SKIP
    g3: 6/8 solved, rewards=[0.60,2.10,2.15,2.10,2.15,0.60,2.15,2.15] TRAIN std=0.664
    g4: 8/8 solved, rewards=[2.15,2.15,2.15,2.15,2.15,2.15,2.15,2.15] SKIP
    g5: 8/8 solved, rewards=[2.15,2.15,2.15,2.15,2.15,2.15,2.15,2.15] SKIP
    g6: 8/8 solved, rewards=[2.15,2.15,2.15,2.15,2.15,2.15,2.15,2.15] SKIP
    g7: 8/8 solved, rewards=[2.15,2.15,2.15,2.15,2.15,2.15,2.15,2.15] SKIP
  [step 144] training: 57 datums, 49955 comp tokens
  [step 144] train done: loss=0.0014 in 5.8s
[step 144/200] solve=0.84 reward=1.88±0.63 loss=0.0014 turns=1.5 disc=419 mast=118 skip=5/8 t=352.5s
  [step 145 t1] fired 64 (8 API calls)
    gen: 64 results in 73.2s (avg 1053 tok/ep)
    sandbox: 59.2s | pass=45 fail=19 no_code=0 | 45/64 done
  [step 145 t2] fired 19 (19 API calls)
    gen: 19 results in 42.0s (avg 981 tok/ep)
    sandbox: 55.8s | pass=3 fail=16 no_code=0 | 48/64 done
  [step 145 t3] fired 16 (16 API calls)
    gen: 16 results in 39.5s (avg 631 tok/ep)
    sandbox: 53.6s | pass=0 fail=16 no_code=0 | 48/64 done
  [step 145 t4] fired 16 (16 API calls)
    gen: 16 results in 34.0s (avg 414 tok/ep)
    sandbox: 50.0s | pass=0 fail=16 no_code=0 | 64/64 done
    g0: 2/8 solved, rewards=[0.20,0.20,0.20,0.20,2.10,0.20,0.20,2.10] TRAIN std=0.823
    g1: 8/8 solved, rewards=[2.15,2.15,2.15,2.15,2.15,2.15,2.15,2.15] SKIP
    g2: 7/8 solved, rewards=[0.67,2.15,2.15,2.15,2.10,2.15,2.15,2.15] TRAIN std=0.488
    g3: 7/8 solved, rewards=[2.15,2.15,0.73,2.15,2.15,2.15,2.15,2.15] TRAIN std=0.469
    g4: 0/8 solved, rewards=[0.15,0.62,0.62,0.46,0.38,0.23,0.62,0.46] TRAIN std=0.167
    g5: 8/8 solved, rewards=[2.15,2.15,2.15,2.15,2.15,2.15,2.15,2.15] SKIP
    g6: 8/8 solved, rewards=[2.15,2.15,2.15,2.15,2.15,2.15,2.15,2.15] SKIP
    g7: 8/8 solved, rewards=[2.15,2.15,2.15,2.15,2.15,2.15,2.15,2.15] SKIP
  [step 145] training: 83 datums, 77226 comp tokens
  [step 145] train done: loss=0.0000 in 6.4s
  [step 145] dumped 64 train trajectories to checkpoints/lcb_path_indep_lcbv5_s42/train_trajectories_step_0145.jsonl
[step 145/200] solve=0.75 reward=1.71±0.77 loss=0.0000 turns=1.8 disc=422 mast=118 skip=4/8 t=414.3s
  [step 146 t1] fired 64 (8 API calls)
    gen: 64 results in 105.9s (avg 1116 tok/ep)
    sandbox: 95.8s | pass=38 fail=26 no_code=0 | 38/64 done
  [step 146 t2] fired 26 (26 API calls)
    gen: 26 results in 52.8s (avg 1018 tok/ep)
    sandbox: 94.3s | pass=0 fail=26 no_code=0 | 38/64 done
  [step 146 t3] fired 26 (26 API calls)
    gen: 26 results in 56.7s (avg 861 tok/ep)
    sandbox: 74.9s | pass=0 fail=26 no_code=0 | 38/64 done
  [step 146 t4] fired 26 (26 API calls)
    gen: 26 results in 51.2s (avg 678 tok/ep)
    sandbox: 94.2s | pass=0 fail=26 no_code=0 | 64/64 done
    g0: 8/8 solved, rewards=[2.15,2.15,2.15,2.15,2.15,2.15,2.15,2.15] SKIP
    g1: 0/8 solved, rewards=[0.88,0.38,0.38,0.25,0.00,0.81,0.38,0.38] TRAIN std=0.268
    g2: 0/8 solved, rewards=[0.36,0.43,0.43,0.18,0.64,0.43,0.50,0.32] TRAIN std=0.126
    g3: 8/8 solved, rewards=[2.15,2.15,2.15,2.15,2.15,2.15,2.15,2.15] SKIP
    g4: 8/8 solved, rewards=[2.15,2.15,2.15,2.15,2.15,2.15,2.15,2.15] SKIP
    g5: 6/8 solved, rewards=[0.33,2.15,2.15,2.15,2.15,0.80,2.15,2.15] TRAIN std=0.695
    g6: 0/8 solved, rewards=[0.21,0.93,0.79,0.93,0.21,0.21,0.79,0.57] TRAIN std=0.302
    g7: 8/8 solved, rewards=[2.15,2.15,2.15,2.15,2.15,2.15,2.15,2.15] SKIP
  [step 146] training: 110 datums, 109363 comp tokens
  [step 146] train done: loss=0.0012 in 7.3s
[step 146/200] solve=0.59 reward=1.47±0.84 loss=0.0012 turns=2.2 disc=423 mast=120 skip=4/8 t=633.9s
  [step 147 t1] fired 64 (8 API calls)
    gen: 64 results in 78.2s (avg 1146 tok/ep)
    sandbox: 3.5s | pass=41 fail=23 no_code=0 | 41/64 done
  [step 147 t2] fired 23 (23 API calls)
    gen: 23 results in 36.7s (avg 678 tok/ep)
    sandbox: 2.6s | pass=5 fail=18 no_code=0 | 46/64 done
  [step 147 t3] fired 18 (18 API calls)
    gen: 18 results in 30.4s (avg 520 tok/ep)
    sandbox: 2.1s | pass=1 fail=17 no_code=0 | 47/64 done
  [step 147 t4] fired 17 (17 API calls)
    gen: 17 results in 22.6s (avg 423 tok/ep)
    sandbox: 1.7s | pass=0 fail=17 no_code=0 | 64/64 done
    g0: 7/8 solved, rewards=[2.15,2.15,2.15,2.15,2.15,2.15,0.43,2.15] TRAIN std=0.569
    g1: 0/8 solved, rewards=[0.35,0.32,0.35,0.35,0.35,0.35,0.35,0.35] TRAIN std=0.009
    g2: 8/8 solved, rewards=[2.15,2.15,2.15,2.15,2.15,2.15,2.15,2.15] SKIP
    g3: 0/8 solved, rewards=[0.04,0.07,0.22,0.22,0.22,0.07,0.22,0.22] TRAIN std=0.078
    g4: 8/8 solved, rewards=[2.15,2.15,2.15,2.15,2.15,2.15,2.15,2.15] SKIP
    g5: 8/8 solved, rewards=[2.15,2.10,2.15,2.10,2.05,2.15,2.15,2.10] TRAIN std=0.035
    g6: 8/8 solved, rewards=[2.15,2.15,2.15,2.15,2.15,2.15,2.15,2.15] SKIP
    g7: 8/8 solved, rewards=[2.10,2.15,2.15,2.15,2.15,2.15,2.10,2.15] TRAIN std=0.022
  [step 147] training: 98 datums, 86155 comp tokens
  [step 147] train done: loss=-0.0001 in 8.7s
[step 147/200] solve=0.73 reward=1.64±0.83 loss=-0.0001 turns=1.9 disc=424 mast=122 skip=3/8 t=187.5s
  [step 148 t1] fired 64 (8 API calls)
    gen: 64 results in 200.2s (avg 1593 tok/ep)
    sandbox: 48.7s | pass=19 fail=45 no_code=0 | 19/64 done
  [step 148 t2] fired 45 (45 API calls)
    gen: 45 results in 55.3s (avg 848 tok/ep)
    sandbox: 133.7s | pass=4 fail=41 no_code=0 | 23/64 done
  [step 148 t3] fired 41 (41 API calls)
    gen: 41 results in 36.1s (avg 623 tok/ep)
    sandbox: 511.8s | pass=3 fail=38 no_code=0 | 26/64 done
  [step 148 t4] fired 38 (38 API calls)
    gen: 38 results in 260.2s (avg 523 tok/ep)
    sandbox: 46.2s | pass=2 fail=36 no_code=0 | 64/64 done
    g0: 8/8 solved, rewards=[2.15,2.15,2.15,2.15,2.15,2.15,2.15,2.15] SKIP
    g1: 0/8 solved, rewards=[0.71,0.21,0.71,0.71,0.71,0.71,0.71,0.71] TRAIN std=0.165
    g2: 1/8 solved, rewards=[2.15,0.80,0.73,0.80,0.93,0.73,0.73,0.80] TRAIN std=0.454
    g3: 2/8 solved, rewards=[0.67,0.87,2.15,0.80,0.67,0.87,2.05,0.60] TRAIN std=0.594
    g4: 0/8 solved, rewards=[0.15,0.08,0.08,0.08,0.08,0.00,0.08,0.15] TRAIN std=0.046
    g5: 8/8 solved, rewards=[2.15,2.10,2.15,2.00,2.10,2.10,2.00,2.10] TRAIN std=0.054
    g6: 1/8 solved, rewards=[0.39,2.05,0.43,0.36,0.36,0.39,0.36,0.21] TRAIN std=0.563
    g7: 8/8 solved, rewards=[2.15,2.05,2.15,2.15,2.15,2.15,2.15,2.15] TRAIN std=0.033
  [step 148] training: 180 datums, 178568 comp tokens
  [step 148] train done: loss=0.0001 in 9.2s
[step 148/200] solve=0.44 reward=1.22±0.83 loss=0.0001 turns=2.9 disc=425 mast=125 skip=1/8 t=1302.5s
  [step 149 t1] fired 64 (8 API calls)
    gen: 64 results in 400.6s (avg 2441 tok/ep)
    sandbox: 79.2s | pass=23 fail=40 no_code=1 | 23/64 done
  [step 149 t2] fired 41 (41 API calls)
    gen: 41 results in 103.9s (avg 917 tok/ep)
    sandbox: 79.4s | pass=0 fail=41 no_code=0 | 23/64 done
  [step 149 t3] fired 41 (41 API calls)
    gen: 41 results in 114.3s (avg 761 tok/ep)
    sandbox: 79.4s | pass=0 fail=41 no_code=0 | 23/64 done
  [step 149 t4] fired 41 (41 API calls)
    gen: 41 results in 97.5s (avg 616 tok/ep)
    sandbox: 79.4s | pass=0 fail=41 no_code=0 | 64/64 done
    g0: 0/8 solved, rewards=[0.61,0.61,0.39,0.61,0.61,0.35,0.58,0.68] TRAIN std=0.110
    g1: 0/8 solved, rewards=[0.19,0.19,0.19,0.19,0.19,0.19,0.19,0.19] SKIP
    g2: 0/8 solved, rewards=[0.20,0.20,0.33,0.20,0.00,0.40,0.20,0.93] TRAIN std=0.260
    g3: 0/8 solved, rewards=[0.17,0.17,0.17,0.17,0.17,0.17,0.17,0.17] SKIP
    g4: 7/8 solved, rewards=[2.15,0.57,2.15,2.15,2.15,2.15,2.15,2.15] TRAIN std=0.522
    g5: 8/8 solved, rewards=[2.15,2.15,2.15,2.15,2.15,2.15,2.15,2.15] SKIP
    g6: 0/8 solved, rewards=[0.93,0.93,0.79,0.93,0.76,0.93,0.93,0.79] TRAIN std=0.074
    g7: 8/8 solved, rewards=[2.15,2.15,2.15,2.15,2.15,2.15,2.15,2.15] SKIP
  [step 149] training: 107 datums, 182707 comp tokens
  [step 149] train done: loss=0.0129 in 11.0s
[step 149/200] solve=0.36 reward=1.04±0.86 loss=0.0129 turns=2.9 disc=425 mast=125 skip=4/8 t=1046.2s
  [step 150 t1] fired 64 (8 API calls)
    gen: 64 results in 158.6s (avg 1263 tok/ep)
    sandbox: 54.5s | pass=34 fail=30 no_code=0 | 34/64 done
  [step 150 t2] fired 30 (30 API calls)
    gen: 30 results in 104.4s (avg 909 tok/ep)
    sandbox: 49.5s | pass=2 fail=28 no_code=0 | 36/64 done
  [step 150 t3] fired 28 (28 API calls)
    gen: 28 results in 78.6s (avg 629 tok/ep)
    sandbox: 49.9s | pass=1 fail=27 no_code=0 | 37/64 done
  [step 150 t4] fired 27 (27 API calls)
    gen: 27 results in 63.6s (avg 478 tok/ep)
    sandbox: 50.6s | pass=2 fail=25 no_code=0 | 64/64 done
    g0: 8/8 solved, rewards=[2.15,2.15,2.15,2.15,2.15,2.15,2.15,2.15] SKIP
    g1: 8/8 solved, rewards=[2.15,2.15,2.15,2.15,2.15,2.15,2.15,2.15] SKIP
    g2: 5/8 solved, rewards=[0.67,0.67,2.15,2.15,2.15,2.15,2.15,0.60] TRAIN std=0.729
    g3: 5/8 solved, rewards=[2.15,0.53,2.15,2.15,2.15,2.15,0.53,0.00] TRAIN std=0.882
    g4: 7/8 solved, rewards=[2.15,2.10,2.00,0.78,2.00,2.15,2.15,2.15] TRAIN std=0.440
    g5: 6/8 solved, rewards=[2.15,2.15,0.93,2.10,2.05,0.79,2.15,2.15] TRAIN std=0.551
    g6: 0/8 solved, rewards=[0.36,0.36,0.50,0.50,0.36,0.50,0.50,0.36] TRAIN std=0.071
    g7: 0/8 solved, rewards=[0.27,0.27,0.27,0.27,0.27,0.27,0.27,0.27] SKIP
  [step 150] training: 101 datums, 101335 comp tokens
  [step 150] train done: loss=0.0014 in 8.2s
  [step 150] dumped 64 train trajectories to checkpoints/lcb_path_indep_lcbv5_s42/train_trajectories_step_0150.jsonl
[step 150/200] solve=0.61 reward=1.48±0.84 loss=0.0014 turns=2.3 disc=426 mast=128 skip=3/8 t=618.5s
[eval] Running on 20 problems...
