[lcb] Sandbox: subprocess
[lcb] Reward: path_dep | Model: Qwen/Qwen3-4B-Instruct-2507
[lcb] Batch: 8×8 | Max turns: 4
[lcb] Steps: 200 | Output: checkpoints/lcb_path_dep_lcbv5_s42
Warning: You are sending unauthenticated requests to the HF Hub. Please set a HF_TOKEN to enable higher rate limits and faster downloads.
[lcb] Tinker connected.
[lcb] 599 train tasks (>= 5 tests, sources=('lcbv5',))
[lcb] 20 eval tasks
wandb: [wandb.login()] Loaded credentials for https://api.wandb.ai from WANDB_API_KEY.
wandb: Currently logged in as: anuragprateek to https://api.wandb.ai. Use `wandb login --relogin` to force relogin
wandb: setting up run fvoohtgy
wandb: Tracking run with wandb version 0.25.1
wandb: Run data is saved locally in /workspace/discovery/wandb/run-20260412_170102-fvoohtgy
wandb: Run `wandb offline` to turn off syncing.
wandb: Syncing run lcb-path_dep-s42
wandb: ⭐️ View project at https://wandb.ai/anuragprateek/discovery-code-repair
wandb: 🚀 View run at https://wandb.ai/anuragprateek/discovery-code-repair/runs/fvoohtgy
[lcb] wandb: https://wandb.ai/anuragprateek/discovery-code-repair/runs/fvoohtgy
  [step 1 t1] fired 64 (8 API calls)
    gen: 64 results in 65.6s (avg 1136 tok/ep)
    sandbox: 46.4s | pass=38 fail=26 no_code=0 | 38/64 done
  [step 1 t2] fired 26 (26 API calls)
    gen: 26 results in 41.9s (avg 980 tok/ep)
    sandbox: 42.5s | pass=6 fail=20 no_code=0 | 44/64 done
  [step 1 t3] fired 20 (20 API calls)
    gen: 20 results in 37.4s (avg 727 tok/ep)
    sandbox: 42.6s | pass=1 fail=19 no_code=0 | 45/64 done
  [step 1 t4] fired 19 (19 API calls)
    gen: 19 results in 36.3s (avg 678 tok/ep)
    sandbox: 42.2s | pass=2 fail=17 no_code=0 | 64/64 done
    g0: 0/8 solved, rewards=[0.43,0.60,0.47,0.33,0.60,0.60,1.15,0.17] TRAIN std=0.270
    g1: 8/8 solved, rewards=[2.20,2.15,2.15,2.15,2.20,2.15,2.15,2.15] TRAIN std=0.022
    g2: 8/8 solved, rewards=[2.15,2.15,2.15,2.15,2.15,2.15,2.15,2.15] SKIP
    g3: 7/8 solved, rewards=[2.15,2.53,2.35,2.25,2.35,2.35,0.75,2.15] TRAIN std=0.527
    g4: 2/8 solved, rewards=[1.39,1.39,1.39,1.39,2.15,2.29,2.51,1.39] TRAIN std=0.459
    g5: 8/8 solved, rewards=[2.15,2.15,2.15,2.15,2.15,2.15,2.15,2.15] SKIP
    g6: 6/8 solved, rewards=[0.00,2.15,2.15,2.15,0.04,2.15,2.15,2.15] TRAIN std=0.923
    g7: 8/8 solved, rewards=[2.15,2.15,2.15,2.15,2.95,2.15,2.15,2.15] TRAIN std=0.263
  [step 1] training: 113 datums, 113335 comp tokens
  [step 1] train done: loss=-0.0008 in 6.8s
[step 1/200] solve=0.73 reward=1.84±0.69 loss=-0.0008 turns=2.0 disc=7 mast=0 skip=2/8 t=362.1s
  [step 2 t1] fired 64 (8 API calls)
    gen: 64 results in 157.5s (avg 1523 tok/ep)
    sandbox: 63.6s | pass=37 fail=27 no_code=0 | 37/64 done
  [step 2 t2] fired 27 (27 API calls)
    gen: 27 results in 151.7s (avg 1309 tok/ep)
    sandbox: 62.9s | pass=2 fail=25 no_code=0 | 39/64 done
  [step 2 t3] fired 25 (25 API calls)
    gen: 25 results in 46.8s (avg 902 tok/ep)
    sandbox: 62.5s | pass=1 fail=24 no_code=0 | 40/64 done
  [step 2 t4] fired 24 (24 API calls)
    gen: 24 results in 32.8s (avg 662 tok/ep)
    sandbox: 63.0s | pass=0 fail=24 no_code=0 | 64/64 done
    g0: 8/8 solved, rewards=[2.15,2.15,2.15,2.15,2.15,2.15,2.15,2.15] SKIP
    g1: 0/8 solved, rewards=[0.10,0.10,0.20,0.10,0.00,0.17,0.17,0.10] TRAIN std=0.058
    g2: 8/8 solved, rewards=[2.15,2.15,2.15,2.15,2.15,2.15,2.15,2.15] SKIP
    g3: 8/8 solved, rewards=[2.15,2.15,2.15,2.15,2.15,2.15,2.15,2.15] SKIP
    g4: 7/8 solved, rewards=[2.15,2.15,2.56,2.51,2.15,2.53,1.29,2.15] TRAIN std=0.385
    g5: 0/8 solved, rewards=[0.00,0.10,0.83,2.07,0.10,1.27,0.90,0.47] TRAIN std=0.662
    g6: 1/8 solved, rewards=[1.00,2.15,1.00,1.67,1.90,1.57,1.10,1.00] TRAIN std=0.430
    g7: 8/8 solved, rewards=[2.15,2.15,2.15,2.15,2.15,2.15,2.15,2.15] SKIP
  [step 2] training: 108 datums, 143937 comp tokens
  [step 2] train done: loss=-0.0001 in 9.5s
[step 2/200] solve=0.62 reward=1.63±0.82 loss=-0.0001 turns=2.2 disc=13 mast=0 skip=4/8 t=651.2s
  [step 3 t1] fired 64 (8 API calls)
    gen: 64 results in 105.2s (avg 1291 tok/ep)
    sandbox: 30.2s | pass=48 fail=16 no_code=0 | 48/64 done
  [step 3 t2] fired 16 (16 API calls)
    gen: 16 results in 57.6s (avg 1059 tok/ep)
    sandbox: 31.2s | pass=0 fail=16 no_code=0 | 48/64 done
  [step 3 t3] fired 16 (16 API calls)
    gen: 16 results in 33.1s (avg 741 tok/ep)
    sandbox: 29.5s | pass=1 fail=15 no_code=0 | 49/64 done
  [step 3 t4] fired 15 (15 API calls)
    gen: 15 results in 30.9s (avg 768 tok/ep)
    sandbox: 29.6s | pass=0 fail=15 no_code=0 | 64/64 done
    g0: 8/8 solved, rewards=[2.15,2.15,2.15,2.15,2.15,2.15,2.15,2.15] SKIP
    g1: 8/8 solved, rewards=[2.15,2.15,2.15,2.15,2.15,2.15,2.15,2.15] SKIP
    g2: 0/8 solved, rewards=[0.80,1.23,1.10,1.24,1.10,1.63,1.00,0.47] TRAIN std=0.319
    g3: 6/8 solved, rewards=[2.15,2.15,2.15,1.34,2.15,2.15,2.15,1.34] TRAIN std=0.351
    g4: 4/8 solved, rewards=[2.15,2.15,1.39,2.15,3.01,1.36,3.46,1.29] TRAIN std=0.743
    g5: 7/8 solved, rewards=[1.20,2.15,2.15,2.15,2.15,2.15,2.15,2.15] TRAIN std=0.314
    g6: 8/8 solved, rewards=[2.15,2.15,2.15,2.15,2.15,2.15,2.15,2.15] SKIP
    g7: 8/8 solved, rewards=[2.15,2.15,2.15,2.15,2.15,2.15,2.15,2.15] SKIP
  [step 3] training: 79 datums, 90214 comp tokens
  [step 3] train done: loss=0.0010 in 7.6s
[step 3/200] solve=0.77 reward=1.97±0.48 loss=0.0010 turns=1.7 disc=19 mast=0 skip=4/8 t=355.3s
  [step 4 t1] fired 64 (8 API calls)
    gen: 64 results in 148.5s (avg 2511 tok/ep)
    sandbox: 101.3s | pass=32 fail=32 no_code=0 | 32/64 done
  [step 4 t2] fired 32 (32 API calls)
    gen: 32 results in 140.5s (avg 2030 tok/ep)
    sandbox: 102.6s | pass=5 fail=27 no_code=0 | 37/64 done
  [step 4 t3] fired 27 (27 API calls)
    gen: 27 results in 74.5s (avg 1039 tok/ep)
    sandbox: 95.9s | pass=1 fail=26 no_code=0 | 38/64 done
  [step 4 t4] fired 26 (26 API calls)
    gen: 26 results in 63.0s (avg 796 tok/ep)
    sandbox: 95.5s | pass=0 fail=26 no_code=0 | 64/64 done
    g0: 3/8 solved, rewards=[2.20,1.60,2.47,2.28,2.33,1.00,2.10,1.64] TRAIN std=0.465
    g1: 8/8 solved, rewards=[2.15,2.15,2.15,2.15,2.15,2.15,2.15,2.15] SKIP
    g2: 0/8 solved, rewards=[0.10,0.10,0.00,0.10,0.10,0.10,0.13,0.23] TRAIN std=0.060
    g3: 3/8 solved, rewards=[1.07,0.00,2.10,1.07,2.10,1.07,1.07,2.10] TRAIN std=0.691
    g4: 8/8 solved, rewards=[2.15,2.15,2.15,2.15,2.15,2.15,2.15,2.15] SKIP
    g5: 8/8 solved, rewards=[2.15,2.15,2.15,2.15,2.15,2.15,2.15,2.15] SKIP
    g6: 0/8 solved, rewards=[0.75,0.94,0.22,1.37,0.00,1.39,0.55,1.68] TRAIN std=0.557
    g7: 8/8 solved, rewards=[2.15,2.15,2.15,2.15,2.15,2.15,2.15,2.15] SKIP
  [step 4] training: 117 datums, 232100 comp tokens
  [step 4] train done: loss=-0.0052 in 14.4s
[step 4/200] solve=0.59 reward=1.61±0.81 loss=-0.0052 turns=2.3 disc=24 mast=0 skip=4/8 t=837.6s
  [step 5 t1] fired 64 (8 API calls)
    gen: 64 results in 236.5s (avg 1972 tok/ep)
    sandbox: 185.1s | pass=29 fail=35 no_code=0 | 29/64 done
  [step 5 t2] fired 35 (35 API calls)
    gen: 35 results in 144.5s (avg 1157 tok/ep)
    sandbox: 184.7s | pass=0 fail=35 no_code=0 | 29/64 done
  [step 5 t3] fired 35 (35 API calls)
    gen: 35 results in 55.5s (avg 710 tok/ep)
    sandbox: 184.6s | pass=2 fail=33 no_code=0 | 31/64 done
  [step 5 t4] fired 33 (33 API calls)
    gen: 33 results in 63.8s (avg 559 tok/ep)
    sandbox: 184.7s | pass=1 fail=32 no_code=0 | 64/64 done
    g0: 8/8 solved, rewards=[2.15,2.15,2.15,2.15,2.15,2.15,2.15,2.15] SKIP
    g1: 1/8 solved, rewards=[0.50,1.00,0.20,0.20,2.15,0.00,0.30,1.00] TRAIN std=0.658
    g2: 4/8 solved, rewards=[0.26,2.15,1.07,2.15,0.02,0.16,2.15,2.15] TRAIN std=0.931
    g3: 0/8 solved, rewards=[0.00,0.00,0.00,0.00,0.00,0.00,0.00,0.00] SKIP
    g4: 8/8 solved, rewards=[2.15,2.15,2.15,2.15,2.15,2.15,2.15,2.15] SKIP
    g5: 1/8 solved, rewards=[3.38,0.78,2.43,0.78,0.78,0.22,1.39,0.78] TRAIN std=0.991
    g6: 2/8 solved, rewards=[2.10,0.00,0.00,0.00,0.00,0.00,0.00,2.05] TRAIN std=0.899
    g7: 8/8 solved, rewards=[2.15,2.15,2.15,2.15,2.15,2.15,2.15,2.15] SKIP
  [step 5] training: 111 datums, 163299 comp tokens
  [step 5] train done: loss=-0.0138 in 12.8s
  [step 5] dumped 64 train trajectories to checkpoints/lcb_path_dep_lcbv5_s42/train_trajectories_step_0005.jsonl
[step 5/200] solve=0.50 reward=1.28±1.00 loss=-0.0138 turns=2.6 disc=30 mast=0 skip=4/8 t=1253.0s
  [step 6 t1] fired 64 (8 API calls)
    gen: 64 results in 173.4s (avg 1297 tok/ep)
    sandbox: 94.8s | pass=42 fail=22 no_code=0 | 42/64 done
  [step 6 t2] fired 22 (22 API calls)
    gen: 22 results in 32.4s (avg 884 tok/ep)
    sandbox: 94.5s | pass=5 fail=17 no_code=0 | 47/64 done
  [step 6 t3] fired 17 (17 API calls)
    gen: 17 results in 40.2s (avg 642 tok/ep)
    sandbox: 94.5s | pass=0 fail=17 no_code=0 | 47/64 done
  [step 6 t4] fired 17 (17 API calls)
    gen: 17 results in 20.9s (avg 486 tok/ep)
    sandbox: 94.4s | pass=1 fail=16 no_code=0 | 64/64 done
    g0: 1/8 solved, rewards=[0.00,2.10,0.00,0.00,0.00,0.00,0.00,0.00] TRAIN std=0.695
    g1: 6/8 solved, rewards=[2.15,2.25,0.38,2.15,2.15,2.15,2.15,0.28] TRAIN std=0.797
    g2: 3/8 solved, rewards=[0.47,2.07,2.47,0.47,2.15,1.90,2.50,1.40] TRAIN std=0.769
    g3: 6/8 solved, rewards=[0.32,2.15,2.15,2.15,2.15,0.86,2.15,2.15] TRAIN std=0.689
    g4: 8/8 solved, rewards=[2.15,2.15,2.15,2.15,2.15,2.15,2.15,2.15] SKIP
    g5: 8/8 solved, rewards=[2.15,2.15,2.15,2.15,2.15,2.15,2.15,2.15] SKIP
    g6: 8/8 solved, rewards=[2.15,2.15,2.15,2.15,2.15,2.15,2.15,2.15] SKIP
    g7: 8/8 solved, rewards=[2.13,2.15,2.13,2.15,2.15,2.15,2.15,2.15] TRAIN std=0.007
  [step 6] training: 96 datums, 105463 comp tokens
  [step 6] train done: loss=0.0003 in 11.1s
[step 6/200] solve=0.75 reward=1.75±0.79 loss=0.0003 turns=1.9 disc=38 mast=0 skip=3/8 t=656.7s
  [step 7 t1] fired 64 (8 API calls)
    gen: 64 results in 121.0s (avg 1929 tok/ep)
    sandbox: 210.1s | pass=21 fail=43 no_code=0 | 21/64 done
  [step 7 t2] fired 43 (43 API calls)
    gen: 43 results in 57.2s (avg 1088 tok/ep)
    sandbox: 213.2s | pass=3 fail=40 no_code=0 | 24/64 done
  [step 7 t3] fired 40 (40 API calls)
    gen: 40 results in 43.4s (avg 773 tok/ep)
    sandbox: 197.3s | pass=2 fail=38 no_code=0 | 26/64 done
  [step 7 t4] fired 38 (38 API calls)
    gen: 38 results in 35.2s (avg 622 tok/ep)
    sandbox: 196.4s | pass=2 fail=36 no_code=0 | 64/64 done
    g0: 0/8 solved, rewards=[0.00,0.00,0.00,0.87,0.00,0.00,0.07,0.00] TRAIN std=0.284
    g1: 8/8 solved, rewards=[2.15,2.15,2.15,2.15,2.15,2.15,2.15,2.15] SKIP
    g2: 0/8 solved, rewards=[1.18,1.18,1.18,1.18,1.18,1.18,1.18,1.18] SKIP
    g3: 6/8 solved, rewards=[0.10,0.10,2.08,2.15,2.15,2.13,2.13,2.13] TRAIN std=0.879
    g4: 0/8 solved, rewards=[0.00,0.00,0.00,0.00,0.00,0.00,0.00,0.00] SKIP
    g5: 3/8 solved, rewards=[0.96,2.05,2.15,0.07,0.41,2.15,0.00,0.27] TRAIN std=0.900
    g6: 8/8 solved, rewards=[2.15,2.15,2.15,2.15,2.15,2.15,2.15,2.15] SKIP
    g7: 3/8 solved, rewards=[1.30,1.10,1.50,2.50,2.15,2.37,0.40,1.30] TRAIN std=0.669
  [step 7] training: 105 datums, 138857 comp tokens
  [step 7] train done: loss=-0.0050 in 9.9s
[step 7/200] solve=0.44 reward=1.23±0.93 loss=-0.0050 turns=2.9 disc=42 mast=0 skip=4/8 t=1084.7s
  [step 8 t1] fired 64 (8 API calls)
    gen: 64 results in 127.5s (avg 1847 tok/ep)
    sandbox: 48.6s | pass=45 fail=19 no_code=0 | 45/64 done
  [step 8 t2] fired 19 (19 API calls)
    gen: 19 results in 53.8s (avg 1414 tok/ep)
    sandbox: 36.6s | pass=3 fail=16 no_code=0 | 48/64 done
  [step 8 t3] fired 16 (16 API calls)
    gen: 16 results in 24.7s (avg 730 tok/ep)
    sandbox: 34.0s | pass=2 fail=14 no_code=0 | 50/64 done
  [step 8 t4] fired 14 (14 API calls)
    gen: 14 results in 27.3s (avg 614 tok/ep)
    sandbox: 31.7s | pass=0 fail=14 no_code=0 | 64/64 done
    g0: 0/8 solved, rewards=[0.70,0.73,1.73,0.84,0.70,0.60,0.70,0.70] TRAIN std=0.344
    g1: 3/8 solved, rewards=[0.59,2.15,2.15,2.12,0.06,0.31,0.06,0.12] TRAIN std=0.940
    g2: 8/8 solved, rewards=[2.15,2.15,2.15,2.15,2.15,2.15,2.15,2.15] SKIP
    g3: 8/8 solved, rewards=[2.15,2.15,2.15,2.15,2.15,2.15,2.15,2.15] SKIP
    g4: 8/8 solved, rewards=[2.15,2.15,2.15,2.15,2.15,2.15,2.15,2.15] SKIP
    g5: 8/8 solved, rewards=[2.15,2.15,2.15,2.15,2.15,2.15,2.15,2.15] SKIP
    g6: 8/8 solved, rewards=[2.15,2.15,2.15,2.15,2.15,2.15,2.15,2.15] SKIP
    g7: 7/8 solved, rewards=[2.57,2.52,2.15,2.57,2.15,2.15,1.40,2.52] TRAIN std=0.370
  [step 8] training: 73 datums, 123632 comp tokens
  [step 8] train done: loss=-0.0061 in 9.6s
[step 8/200] solve=0.78 reward=1.85±0.67 loss=-0.0061 turns=1.8 disc=47 mast=1 skip=5/8 t=394.6s
  [step 9 t1] fired 64 (8 API calls)
    gen: 64 results in 122.7s (avg 1672 tok/ep)
    sandbox: 178.7s | pass=23 fail=41 no_code=0 | 23/64 done
  [step 9 t2] fired 41 (41 API calls)
    gen: 41 results in 47.4s (avg 939 tok/ep)
    sandbox: 179.1s | pass=6 fail=35 no_code=0 | 29/64 done
  [step 9 t3] fired 35 (35 API calls)
    gen: 35 results in 27.2s (avg 604 tok/ep)
    sandbox: 179.5s | pass=1 fail=34 no_code=0 | 30/64 done
  [step 9 t4] fired 34 (34 API calls)
    gen: 34 results in 22.7s (avg 481 tok/ep)
    sandbox: 180.0s | pass=3 fail=31 no_code=0 | 64/64 done
    g0: 7/8 solved, rewards=[2.15,3.50,2.49,2.15,2.15,2.43,2.15,1.29] TRAIN std=0.571
    g1: 0/8 solved, rewards=[0.70,0.00,0.00,0.00,0.00,0.23,0.00,0.00] TRAIN std=0.232
    g2: 6/8 solved, rewards=[2.15,2.15,0.34,2.15,2.15,1.50,2.15,2.15] TRAIN std=0.607
    g3: 0/8 solved, rewards=[2.36,1.07,1.07,1.07,1.07,1.07,1.07,1.07] TRAIN std=0.425
    g4: 0/8 solved, rewards=[1.10,1.10,2.15,1.10,1.10,1.10,2.17,1.10] TRAIN std=0.458
    g5: 6/8 solved, rewards=[2.35,2.15,2.28,0.75,2.15,2.35,2.15,0.75] TRAIN std=0.649
    g6: 8/8 solved, rewards=[2.15,2.15,2.15,2.15,2.15,2.15,2.15,2.15] SKIP
    g7: 6/8 solved, rewards=[2.59,2.15,2.24,0.43,2.70,2.15,2.55,2.30] TRAIN std=0.675
  [step 9] training: 166 datums, 175140 comp tokens
  [step 9] train done: loss=-0.0014 in 10.0s
[step 9/200] solve=0.52 reward=1.62±0.84 loss=-0.0014 turns=2.7 disc=51 mast=1 skip=1/8 t=948.2s
  [step 10 t1] fired 64 (8 API calls)
    gen: 64 results in 71.5s (avg 1401 tok/ep)
    sandbox: 97.9s | pass=33 fail=31 no_code=0 | 33/64 done
  [step 10 t2] fired 31 (31 API calls)
    gen: 31 results in 39.3s (avg 1015 tok/ep)
    sandbox: 95.9s | pass=8 fail=23 no_code=0 | 41/64 done
  [step 10 t3] fired 23 (23 API calls)
    gen: 23 results in 37.5s (avg 821 tok/ep)
    sandbox: 95.1s | pass=1 fail=22 no_code=0 | 42/64 done
  [step 10 t4] fired 22 (22 API calls)
    gen: 22 results in 35.2s (avg 589 tok/ep)
    sandbox: 95.1s | pass=5 fail=17 no_code=0 | 64/64 done
    g0: 2/8 solved, rewards=[2.49,0.00,0.00,0.32,2.49,0.00,0.11,0.00] TRAIN std=1.054
    g1: 8/8 solved, rewards=[2.15,2.15,2.15,2.15,2.15,2.15,2.15,2.15] SKIP
    g2: 6/8 solved, rewards=[2.17,4.00,2.46,0.14,2.55,4.25,4.25,3.37] TRAIN std=1.302
    g3: 8/8 solved, rewards=[2.15,2.15,2.15,2.15,2.15,2.15,2.15,2.15] SKIP
    g4: 8/8 solved, rewards=[2.15,2.15,2.15,2.15,2.15,2.15,2.15,2.15] SKIP
    g5: 7/8 solved, rewards=[2.10,2.10,2.10,0.00,2.15,2.10,2.05,2.43] TRAIN std=0.719
    g6: 0/8 solved, rewards=[0.20,0.33,0.20,0.27,0.20,0.47,0.20,0.13] TRAIN std=0.099
    g7: 8/8 solved, rewards=[2.15,2.15,2.15,2.15,2.15,2.15,2.15,2.15] SKIP
  [step 10] training: 108 datums, 126612 comp tokens
  [step 10] train done: loss=0.0000 in 8.3s
  [step 10] dumped 64 train trajectories to checkpoints/lcb_path_dep_lcbv5_s42/train_trajectories_step_0010.jsonl
[step 10/200] solve=0.73 reward=1.79±1.04 loss=0.0000 turns=2.2 disc=57 mast=1 skip=4/8 t=576.6s
[eval] Running on 20 problems...
[eval] step=10: 10/20 = 0.50
[eval] Trajectories saved to checkpoints/lcb_path_dep_lcbv5_s42/eval_trajectories_step_0010.jsonl
  [step 11 t1] fired 64 (8 API calls)
    gen: 64 results in 113.7s (avg 1367 tok/ep)
    sandbox: 5.6s | pass=48 fail=16 no_code=0 | 48/64 done
  [step 11 t2] fired 16 (16 API calls)
    gen: 16 results in 38.0s (avg 809 tok/ep)
    sandbox: 3.9s | pass=0 fail=16 no_code=0 | 48/64 done
  [step 11 t3] fired 16 (16 API calls)
    gen: 16 results in 45.2s (avg 784 tok/ep)
    sandbox: 4.0s | pass=1 fail=15 no_code=0 | 49/64 done
  [step 11 t4] fired 15 (15 API calls)
    gen: 15 results in 21.9s (avg 555 tok/ep)
    sandbox: 4.0s | pass=0 fail=15 no_code=0 | 64/64 done
    g0: 8/8 solved, rewards=[2.15,2.15,2.15,2.15,2.15,2.15,2.15,2.15] SKIP
    g1: 8/8 solved, rewards=[2.15,2.15,2.15,2.15,2.15,2.15,2.15,2.15] SKIP
    g2: 7/8 solved, rewards=[2.15,1.29,2.15,2.15,2.15,2.15,2.15,2.15] TRAIN std=0.286
    g3: 0/8 solved, rewards=[0.11,0.36,0.58,0.00,0.00,0.14,0.73,0.11] TRAIN std=0.256
    g4: 8/8 solved, rewards=[2.15,2.15,2.15,2.15,2.15,2.15,2.15,2.15] SKIP
    g5: 2/8 solved, rewards=[2.15,0.10,2.08,0.10,0.10,0.10,0.00,0.30] TRAIN std=0.870
    g6: 8/8 solved, rewards=[2.15,2.15,2.15,2.15,2.15,2.15,2.15,2.15] SKIP
    g7: 8/8 solved, rewards=[2.15,2.15,2.15,2.15,2.15,2.15,2.15,2.15] SKIP
  [step 11] training: 71 datums, 91281 comp tokens
  [step 11] train done: loss=0.0061 in 129.4s
[step 11/200] solve=0.77 reward=1.71±0.81 loss=0.0061 turns=1.7 disc=64 mast=1 skip=5/8 t=366.4s
  [step 12 t1] fired 64 (8 API calls)
    gen: 64 results in 97.0s (avg 1672 tok/ep)
    sandbox: 300.4s | pass=28 fail=36 no_code=0 | 28/64 done
  [step 12 t2] fired 36 (36 API calls)
    gen: 36 results in 55.7s (avg 1037 tok/ep)
    sandbox: 281.9s | pass=2 fail=34 no_code=0 | 30/64 done
  [step 12 t3] fired 34 (34 API calls)
    gen: 34 results in 51.5s (avg 749 tok/ep)
    sandbox: 280.7s | pass=0 fail=34 no_code=0 | 30/64 done
  [step 12 t4] fired 34 (34 API calls)
    gen: 34 results in 40.9s (avg 607 tok/ep)
    sandbox: 281.7s | pass=3 fail=31 no_code=0 | 64/64 done
    g0: 3/8 solved, rewards=[0.78,2.15,0.78,0.78,0.85,0.85,2.15,2.15] TRAIN std=0.650
    g1: 1/8 solved, rewards=[0.50,2.15,0.50,0.50,0.30,0.50,0.30,1.22] TRAIN std=0.595
    g2: 8/8 solved, rewards=[2.15,2.15,2.15,2.15,2.15,2.15,2.15,2.15] SKIP
    g3: 0/8 solved, rewards=[0.00,0.00,0.00,0.00,0.00,0.00,0.00,0.00] SKIP
    g4: 5/8 solved, rewards=[2.35,2.25,0.54,2.32,2.35,0.32,0.97,2.25] TRAIN std=0.838
    g5: 8/8 solved, rewards=[2.15,2.15,2.15,2.15,2.15,2.15,2.15,2.15] SKIP
    g6: 0/8 solved, rewards=[0.00,0.00,0.00,0.00,0.00,0.00,0.00,0.00] SKIP
    g7: 8/8 solved, rewards=[2.15,2.15,2.15,2.15,2.15,2.15,2.15,2.15] SKIP
  [step 12] training: 80 datums, 96428 comp tokens
  [step 12] train done: loss=-0.0008 in 34.5s
[step 12/200] solve=0.52 reward=1.27±0.97 loss=-0.0008 turns=2.6 disc=68 mast=1 skip=5/8 t=1426.0s
  [step 13 t1] fired 64 (8 API calls)
    gen: 64 results in 119.1s (avg 1650 tok/ep)
    sandbox: 129.4s | pass=30 fail=34 no_code=0 | 30/64 done
  [step 13 t2] fired 34 (34 API calls)
    gen: 34 results in 46.7s (avg 857 tok/ep)
    sandbox: 58.2s | pass=4 fail=30 no_code=0 | 34/64 done
  [step 13 t3] fired 30 (30 API calls)
    gen: 30 results in 40.2s (avg 678 tok/ep)
    sandbox: 68.3s | pass=0 fail=30 no_code=0 | 34/64 done
  [step 13 t4] fired 30 (30 API calls)
    gen: 30 results in 31.4s (avg 597 tok/ep)
    sandbox: 71.8s | pass=2 fail=28 no_code=0 | 64/64 done
    g0: 8/8 solved, rewards=[2.15,2.15,2.15,2.15,2.15,2.15,2.15,2.15] SKIP
    g1: 7/8 solved, rewards=[1.20,2.15,2.15,2.15,2.15,2.15,2.15,2.15] TRAIN std=0.314
    g2: 0/8 solved, rewards=[1.40,1.95,1.42,1.40,0.82,1.40,1.75,1.40] TRAIN std=0.305
    g3: 0/8 solved, rewards=[0.60,0.47,0.40,0.50,0.50,0.30,0.50,0.60] TRAIN std=0.093
    g4: 2/8 solved, rewards=[1.10,2.15,0.60,2.40,0.60,0.60,0.60,0.60] TRAIN std=0.711
    g5: 3/8 solved, rewards=[2.29,0.07,0.18,3.38,2.15,1.25,2.05,2.48] TRAIN std=1.075
    g6: 8/8 solved, rewards=[2.15,2.15,2.15,2.15,2.13,2.15,2.43,2.13] TRAIN std=0.096
    g7: 8/8 solved, rewards=[2.15,2.15,2.15,2.15,2.15,2.15,2.15,2.15] SKIP
  [step 13] training: 142 datums, 160061 comp tokens
  [step 13] train done: loss=-0.0011 in 10.8s
[step 13/200] solve=0.56 reward=1.66±0.75 loss=-0.0011 turns=2.5 disc=72 mast=1 skip=2/8 t=576.8s
  [step 14 t1] fired 64 (8 API calls)
    gen: 64 results in 130.6s (avg 1811 tok/ep)
    sandbox: 173.4s | pass=24 fail=39 no_code=1 | 24/64 done
  [step 14 t2] fired 40 (40 API calls)
    gen: 40 results in 67.5s (avg 1041 tok/ep)
    sandbox: 175.8s | pass=3 fail=37 no_code=0 | 27/64 done
  [step 14 t3] fired 37 (37 API calls)
    gen: 37 results in 41.5s (avg 676 tok/ep)
    sandbox: 175.9s | pass=3 fail=34 no_code=0 | 30/64 done
  [step 14 t4] fired 34 (34 API calls)
    gen: 34 results in 34.8s (avg 556 tok/ep)
    sandbox: 177.8s | pass=0 fail=34 no_code=0 | 64/64 done
    g0: 8/8 solved, rewards=[2.25,2.15,2.15,2.15,2.15,2.51,2.10,2.56] TRAIN std=0.167
    g1: 0/8 solved, rewards=[0.00,0.00,0.00,0.00,0.00,0.00,0.00,0.00] SKIP
    g2: 0/8 solved, rewards=[-0.10,0.21,0.11,0.11,0.04,1.31,0.11,0.00] TRAIN std=0.421
    g3: 0/8 solved, rewards=[0.32,1.18,0.32,1.18,0.32,0.32,1.39,1.18] TRAIN std=0.460
    g4: 6/8 solved, rewards=[3.55,0.77,2.15,3.42,2.15,2.15,0.50,2.15] TRAIN std=1.011
    g5: 8/8 solved, rewards=[2.15,2.15,2.15,2.15,2.15,2.15,2.15,2.15] SKIP
    g6: 0/8 solved, rewards=[0.53,0.63,0.46,0.13,0.76,0.99,0.46,0.76] TRAIN std=0.241
    g7: 8/8 solved, rewards=[2.15,2.15,2.15,2.15,2.15,2.15,2.15,2.15] SKIP
  [step 14] training: 127 datums, 166715 comp tokens
  [step 14] train done: loss=0.0197 in 31.8s
[step 14/200] solve=0.47 reward=1.28±1.01 loss=0.0197 turns=2.7 disc=75 mast=1 skip=3/8 t=1010.3s
  [step 15 t1] fired 64 (8 API calls)
    gen: 64 results in 120.7s (avg 2243 tok/ep)
    sandbox: 16.3s | pass=37 fail=27 no_code=0 | 37/64 done
  [step 15 t2] fired 27 (27 API calls)
    gen: 27 results in 88.1s (avg 1586 tok/ep)
    sandbox: 8.2s | pass=2 fail=25 no_code=0 | 39/64 done
  [step 15 t3] fired 25 (25 API calls)
    gen: 25 results in 35.1s (avg 749 tok/ep)
    sandbox: 6.7s | pass=1 fail=24 no_code=0 | 40/64 done
  [step 15 t4] fired 24 (24 API calls)
    gen: 24 results in 24.8s (avg 617 tok/ep)
    sandbox: 6.9s | pass=0 fail=24 no_code=0 | 64/64 done
    g0: 0/8 solved, rewards=[0.10,0.10,0.10,0.10,0.10,0.17,0.10,0.10] TRAIN std=0.022
    g1: 8/8 solved, rewards=[2.15,2.15,2.15,2.15,2.15,2.15,2.15,2.15] SKIP
    g2: 4/8 solved, rewards=[1.38,2.15,2.15,2.15,1.93,1.20,2.57,1.30] TRAIN std=0.465
    g3: 4/8 solved, rewards=[2.15,0.00,0.00,0.00,2.15,2.15,0.00,2.15] TRAIN std=1.075
    g4: 8/8 solved, rewards=[2.15,2.15,2.15,2.15,2.15,2.15,2.15,2.15] SKIP
    g5: 7/8 solved, rewards=[2.15,2.42,0.96,2.15,2.15,2.15,2.15,2.15] TRAIN std=0.415
    g6: 1/8 solved, rewards=[2.07,0.57,0.50,0.40,0.40,0.40,2.18,0.40] TRAIN std=0.731
    g7: 8/8 solved, rewards=[2.15,2.15,2.15,2.15,2.15,2.15,2.15,2.15] SKIP
  [step 15] training: 116 datums, 203493 comp tokens
  [step 15] train done: loss=-0.0006 in 12.1s
  [step 15] dumped 64 train trajectories to checkpoints/lcb_path_dep_lcbv5_s42/train_trajectories_step_0015.jsonl
[step 15/200] solve=0.62 reward=1.55±0.88 loss=-0.0006 turns=2.2 disc=82 mast=1 skip=3/8 t=320.1s
  [step 16 t1] fired 64 (8 API calls)
    gen: 64 results in 131.8s (avg 2047 tok/ep)
    sandbox: 181.4s | pass=29 fail=35 no_code=0 | 29/64 done
  [step 16 t2] fired 35 (35 API calls)
    gen: 35 results in 97.9s (avg 1306 tok/ep)
    sandbox: 180.7s | pass=3 fail=32 no_code=0 | 32/64 done
  [step 16 t3] fired 32 (32 API calls)
    gen: 32 results in 37.7s (avg 758 tok/ep)
    sandbox: 181.4s | pass=2 fail=30 no_code=0 | 34/64 done
  [step 16 t4] fired 30 (30 API calls)
    gen: 30 results in 43.4s (avg 653 tok/ep)
    sandbox: 180.2s | pass=0 fail=30 no_code=0 | 64/64 done
    g0: 8/8 solved, rewards=[2.15,2.15,2.15,2.15,2.15,2.15,2.15,2.15] SKIP
    g1: 0/8 solved, rewards=[1.20,1.20,1.20,1.20,1.20,1.20,1.20,1.90] TRAIN std=0.232
    g2: 8/8 solved, rewards=[2.15,2.15,2.14,2.44,2.19,2.15,2.15,2.15] TRAIN std=0.094
    g3: 0/8 solved, rewards=[0.00,0.00,0.00,0.00,0.00,0.25,0.00,0.00] TRAIN std=0.083
    g4: 2/8 solved, rewards=[2.26,0.00,2.10,0.00,1.07,2.10,0.36,1.07] TRAIN std=0.888
    g5: 0/8 solved, rewards=[1.23,1.23,0.70,0.66,1.03,0.60,0.74,0.50] TRAIN std=0.270
    g6: 8/8 solved, rewards=[2.15,2.15,2.15,2.15,2.15,2.15,2.15,2.15] SKIP
    g7: 8/8 solved, rewards=[2.15,2.15,2.15,2.15,2.15,2.15,2.15,2.15] SKIP
  [step 16] training: 137 datums, 201192 comp tokens
  [step 16] train done: loss=-0.0149 in 15.5s
[step 16/200] solve=0.53 reward=1.49±0.83 loss=-0.0149 turns=2.5 disc=84 mast=1 skip=3/8 t=1051.1s
  [step 17 t1] fired 64 (8 API calls)
    gen: 64 results in 121.8s (avg 1754 tok/ep)
    sandbox: 106.7s | pass=51 fail=13 no_code=0 | 51/64 done
  [step 17 t2] fired 13 (13 API calls)
    gen: 13 results in 118.9s (avg 1620 tok/ep)
    sandbox: 20.8s | pass=1 fail=12 no_code=0 | 52/64 done
  [step 17 t3] fired 12 (12 API calls)
    gen: 12 results in 150.4s (avg 1516 tok/ep)
    sandbox: 26.5s | pass=0 fail=12 no_code=0 | 52/64 done
  [step 17 t4] fired 12 (12 API calls)
    gen: 12 results in 126.0s (avg 1729 tok/ep)
    sandbox: 100.4s | pass=0 fail=12 no_code=0 | 64/64 done
    g0: 8/8 solved, rewards=[2.15,2.15,2.15,2.15,2.15,2.15,2.15,2.15] SKIP
    g1: 8/8 solved, rewards=[2.15,2.15,2.15,2.15,2.15,2.15,2.15,2.15] SKIP
    g2: 5/8 solved, rewards=[1.10,2.15,2.15,1.00,2.15,2.23,0.40,2.15] TRAIN std=0.673
    g3: 8/8 solved, rewards=[2.15,2.15,2.15,2.15,2.15,2.15,2.15,2.15] SKIP
    g4: 1/8 solved, rewards=[2.15,1.07,1.80,1.60,1.00,0.80,0.67,0.80] TRAIN std=0.509
    g5: 6/8 solved, rewards=[2.15,2.15,2.15,1.40,2.15,1.40,2.15,2.15] TRAIN std=0.325
    g6: 8/8 solved, rewards=[2.15,2.15,2.15,2.15,2.15,2.15,2.15,2.15] SKIP
    g7: 8/8 solved, rewards=[2.15,2.15,2.15,2.15,2.15,2.15,2.15,2.15] SKIP
  [step 17] training: 61 datums, 135344 comp tokens
  [step 17] train done: loss=0.0014 in 16.1s
[step 17/200] solve=0.81 reward=1.95±0.45 loss=0.0014 turns=1.6 disc=90 mast=1 skip=5/8 t=788.2s
  [step 18 t1] fired 64 (8 API calls)
    gen: 64 results in 111.4s (avg 1665 tok/ep)
    sandbox: 80.1s | pass=36 fail=28 no_code=0 | 36/64 done
  [step 18 t2] fired 28 (28 API calls)
    gen: 28 results in 51.1s (avg 1032 tok/ep)
    sandbox: 77.1s | pass=0 fail=28 no_code=0 | 36/64 done
  [step 18 t3] fired 28 (28 API calls)
    gen: 28 results in 32.9s (avg 784 tok/ep)
    sandbox: 78.1s | pass=0 fail=28 no_code=0 | 36/64 done
  [step 18 t4] fired 28 (28 API calls)
    gen: 28 results in 34.2s (avg 648 tok/ep)
    sandbox: 78.0s | pass=0 fail=28 no_code=0 | 64/64 done
    g0: 8/8 solved, rewards=[2.15,2.15,2.15,2.15,2.15,2.15,2.15,2.15] SKIP
    g1: 8/8 solved, rewards=[2.15,2.15,2.15,2.15,2.15,2.15,2.15,2.15] SKIP
    g2: 0/8 solved, rewards=[1.23,1.50,1.80,0.80,1.30,1.63,1.30,1.38] TRAIN std=0.279
    g3: 0/8 solved, rewards=[0.66,0.66,0.92,0.61,0.53,0.66,0.46,1.05] TRAIN std=0.186
    g4: 6/8 solved, rewards=[2.15,2.15,2.15,0.80,2.15,0.64,2.15,2.15] TRAIN std=0.619
    g5: 8/8 solved, rewards=[2.15,2.15,2.15,2.15,2.15,2.15,2.15,2.15] SKIP
    g6: 3/8 solved, rewards=[0.37,2.15,0.14,2.15,2.15,0.27,0.14,0.14] TRAIN std=0.942
    g7: 3/8 solved, rewards=[0.43,0.43,0.43,2.15,2.15,2.15,0.43,0.43] TRAIN std=0.833
  [step 18] training: 124 datums, 160043 comp tokens
  [step 18] train done: loss=0.0084 in 20.4s
[step 18/200] solve=0.56 reward=1.54±0.76 loss=0.0084 turns=2.3 disc=95 mast=1 skip=3/8 t=564.3s
  [step 19 t1] fired 64 (8 API calls)
    gen: 64 results in 133.5s (avg 2186 tok/ep)
    sandbox: 56.7s | pass=35 fail=29 no_code=0 | 35/64 done
  [step 19 t2] fired 29 (29 API calls)
    gen: 29 results in 68.2s (avg 1546 tok/ep)
    sandbox: 57.0s | pass=3 fail=26 no_code=0 | 38/64 done
  [step 19 t3] fired 26 (26 API calls)
    gen: 26 results in 35.8s (avg 836 tok/ep)
    sandbox: 57.0s | pass=2 fail=24 no_code=0 | 40/64 done
  [step 19 t4] fired 24 (24 API calls)
    gen: 24 results in 34.5s (avg 818 tok/ep)
    sandbox: 49.3s | pass=1 fail=23 no_code=0 | 64/64 done
    g0: 8/8 solved, rewards=[2.15,2.15,2.15,2.15,2.15,2.15,2.15,2.15] SKIP
    g1: 7/8 solved, rewards=[2.15,2.05,2.15,0.00,2.15,2.15,2.15,2.15] TRAIN std=0.707
    g2: 6/8 solved, rewards=[2.15,2.15,0.45,2.15,2.15,0.45,2.15,2.15] TRAIN std=0.736
    g3: 0/8 solved, rewards=[1.50,0.10,0.20,0.10,0.30,0.17,1.13,2.16] TRAIN std=0.738
    g4: 0/8 solved, rewards=[0.70,0.50,1.23,1.03,0.40,0.20,0.80,1.23] TRAIN std=0.360
    g5: 6/8 solved, rewards=[2.47,1.10,2.15,1.30,2.15,2.15,2.42,2.15] TRAIN std=0.472
    g6: 6/8 solved, rewards=[2.15,2.35,2.15,2.42,2.25,2.24,2.15,1.39] TRAIN std=0.297
    g7: 8/8 solved, rewards=[2.15,2.15,2.15,2.15,2.15,2.15,2.15,2.15] SKIP
  [step 19] training: 127 datums, 210240 comp tokens
  [step 19] train done: loss=-0.0607 in 26.7s
[step 19/200] solve=0.64 reward=1.69±0.76 loss=-0.0607 turns=2.2 disc=101 mast=1 skip=2/8 t=519.9s
  [step 20 t1] fired 64 (8 API calls)
    gen: 64 results in 138.2s (avg 1873 tok/ep)
    sandbox: 161.2s | pass=26 fail=38 no_code=0 | 26/64 done
  [step 20 t2] fired 38 (38 API calls)
    gen: 38 results in 45.8s (avg 1128 tok/ep)
    sandbox: 134.9s | pass=2 fail=36 no_code=0 | 28/64 done
  [step 20 t3] fired 36 (36 API calls)
    gen: 36 results in 37.3s (avg 827 tok/ep)
    sandbox: 134.9s | pass=0 fail=36 no_code=0 | 28/64 done
  [step 20 t4] fired 36 (36 API calls)
    gen: 36 results in 34.4s (avg 611 tok/ep)
    sandbox: 134.7s | pass=0 fail=36 no_code=0 | 64/64 done
    g0: 0/8 solved, rewards=[0.50,0.50,0.90,0.50,0.40,0.50,0.50,0.50] TRAIN std=0.141
    g1: 0/8 solved, rewards=[0.63,0.43,0.43,0.43,0.43,0.43,0.63,0.63] TRAIN std=0.097
    g2: 2/8 solved, rewards=[0.10,0.10,0.10,2.13,0.10,0.37,2.15,0.10] TRAIN std=0.869
    g3: 8/8 solved, rewards=[2.15,2.15,2.15,2.15,2.15,2.15,2.15,2.15] SKIP
    g4: 8/8 solved, rewards=[2.15,2.15,2.15,2.15,2.15,2.15,2.15,2.15] SKIP
    g5: 0/8 solved, rewards=[0.98,0.90,0.47,0.73,1.20,1.15,0.90,0.90] TRAIN std=0.216
    g6: 8/8 solved, rewards=[2.15,2.15,2.15,2.15,2.15,2.15,2.15,2.15] SKIP
    g7: 2/8 solved, rewards=[2.15,2.10,0.00,0.00,0.00,0.00,1.97,0.96] TRAIN std=0.961
  [step 20] training: 150 datums, 194666 comp tokens
  [step 20] train done: loss=-0.0012 in 33.0s
  [step 20] dumped 64 train trajectories to checkpoints/lcb_path_dep_lcbv5_s42/train_trajectories_step_0020.jsonl
[step 20/200] solve=0.44 reward=1.24±0.86 loss=-0.0012 turns=2.7 disc=104 mast=1 skip=3/8 t=855.9s
[lcb] Checkpoint: tinker://ed7b10ca-5483-524f-91b7-826786ac0120:train:0/weights/step_0020
[eval] Running on 20 problems...
[eval] step=20: 11/20 = 0.55
[eval] Trajectories saved to checkpoints/lcb_path_dep_lcbv5_s42/eval_trajectories_step_0020.jsonl
  [step 21 t1] fired 64 (8 API calls)
    gen: 64 results in 135.3s (avg 1612 tok/ep)
    sandbox: 265.2s | pass=21 fail=43 no_code=0 | 21/64 done
  [step 21 t2] fired 43 (43 API calls)
    gen: 43 results in 53.6s (avg 927 tok/ep)
    sandbox: 254.5s | pass=2 fail=41 no_code=0 | 23/64 done
  [step 21 t3] fired 41 (41 API calls)
    gen: 41 results in 34.5s (avg 688 tok/ep)
    sandbox: 256.4s | pass=2 fail=39 no_code=0 | 25/64 done
  [step 21 t4] fired 39 (39 API calls)
    gen: 39 results in 36.3s (avg 552 tok/ep)
    sandbox: 253.8s | pass=1 fail=38 no_code=0 | 64/64 done
    g0: 8/8 solved, rewards=[2.15,2.15,2.15,2.15,2.15,2.15,2.15,2.15] SKIP
    g1: 0/8 solved, rewards=[1.50,0.83,1.12,1.41,1.12,1.50,1.12,0.31] TRAIN std=0.373
    g2: 0/8 solved, rewards=[0.60,0.60,0.00,1.00,0.80,1.10,1.13,0.13] TRAIN std=0.399
    g3: 8/8 solved, rewards=[2.15,2.15,2.15,2.15,2.15,2.15,2.15,2.15] SKIP
    g4: 7/8 solved, rewards=[2.15,2.15,2.15,2.91,2.15,3.22,0.21,2.15] TRAIN std=0.828
    g5: 3/8 solved, rewards=[2.30,2.35,1.41,0.54,2.35,0.54,0.75,0.64] TRAIN std=0.799
    g6: 0/8 solved, rewards=[0.00,0.00,0.00,0.00,0.00,0.00,0.00,0.00] SKIP
    g7: 0/8 solved, rewards=[0.69,0.73,1.21,0.81,0.81,0.81,1.63,0.72] TRAIN std=0.306
  [step 21] training: 139 datums, 151837 comp tokens
  [step 21] train done: loss=0.0001 in 27.3s
[step 21/200] solve=0.41 reward=1.31±0.87 loss=0.0001 turns=2.9 disc=107 mast=1 skip=3/8 t=1318.0s
  [step 22 t1] fired 64 (8 API calls)
    gen: 64 results in 129.5s (avg 2619 tok/ep)
    sandbox: 73.8s | pass=33 fail=31 no_code=0 | 33/64 done
  [step 22 t2] fired 31 (31 API calls)
    gen: 31 results in 100.1s (avg 1493 tok/ep)
    sandbox: 81.5s | pass=4 fail=27 no_code=0 | 37/64 done
  [step 22 t3] fired 27 (27 API calls)
    gen: 27 results in 57.1s (avg 1082 tok/ep)
    sandbox: 72.5s | pass=1 fail=26 no_code=0 | 38/64 done
  [step 22 t4] fired 26 (26 API calls)
    gen: 26 results in 51.8s (avg 710 tok/ep)
    sandbox: 71.2s | pass=2 fail=24 no_code=0 | 64/64 done
    g0: 8/8 solved, rewards=[2.15,2.15,2.15,2.15,2.15,2.15,2.15,2.15] SKIP
    g1: 7/8 solved, rewards=[0.27,2.15,2.15,2.15,2.15,2.15,2.15,2.10] TRAIN std=0.618
    g2: 0/8 solved, rewards=[1.08,0.66,1.31,0.81,0.75,0.84,0.66,0.75] TRAIN std=0.213
    g3: 1/8 solved, rewards=[1.50,2.88,1.00,2.15,0.96,2.11,2.69,1.56] TRAIN std=0.675
    g4: 4/8 solved, rewards=[0.46,3.38,0.27,2.32,2.58,0.07,2.15,0.07] TRAIN std=1.245
    g5: 4/8 solved, rewards=[1.05,2.15,2.15,0.64,2.15,2.31,0.64,0.64] TRAIN std=0.736
    g6: 8/8 solved, rewards=[2.15,2.50,2.15,2.15,2.15,2.15,2.15,2.15] TRAIN std=0.116
    g7: 8/8 solved, rewards=[2.15,2.15,2.15,2.15,2.15,2.15,2.15,2.15] SKIP
  [step 22] training: 132 datums, 249721 comp tokens
  [step 22] train done: loss=0.0013 in 28.7s
[step 22/200] solve=0.62 reward=1.75±0.75 loss=0.0013 turns=2.3 disc=110 mast=1 skip=2/8 t=667.7s
  [step 23 t1] fired 64 (8 API calls)
    gen: 64 results in 149.0s (avg 1915 tok/ep)
    sandbox: 234.3s | pass=48 fail=16 no_code=0 | 48/64 done
  [step 23 t2] fired 16 (16 API calls)
    gen: 16 results in 61.1s (avg 1839 tok/ep)
    sandbox: 233.2s | pass=0 fail=16 no_code=0 | 48/64 done
  [step 23 t3] fired 16 (16 API calls)
    gen: 16 results in 50.1s (avg 1138 tok/ep)
    sandbox: 233.0s | pass=0 fail=16 no_code=0 | 48/64 done
  [step 23 t4] fired 16 (16 API calls)
    gen: 16 results in 31.9s (avg 733 tok/ep)
    sandbox: 233.0s | pass=0 fail=16 no_code=0 | 64/64 done
    g0: 8/8 solved, rewards=[2.15,2.15,2.15,2.15,2.15,2.15,2.15,2.15] SKIP
    g1: 8/8 solved, rewards=[2.15,2.15,2.15,2.15,2.15,2.15,2.15,2.15] SKIP
    g2: 0/8 solved, rewards=[0.83,0.77,1.34,0.68,1.03,0.92,1.83,1.34] TRAIN std=0.360
    g3: 8/8 solved, rewards=[2.15,2.15,2.15,2.15,2.15,2.15,2.15,2.15] SKIP
    g4: 8/8 solved, rewards=[2.15,2.15,2.15,2.15,2.15,2.15,2.15,2.15] SKIP
    g5: 0/8 solved, rewards=[1.55,0.00,0.89,0.00,0.87,1.41,0.90,0.56] TRAIN std=0.534
    g6: 8/8 solved, rewards=[2.15,2.15,2.15,2.15,2.15,2.15,2.15,2.15] SKIP
    g7: 8/8 solved, rewards=[2.15,2.15,2.15,2.15,2.15,2.15,2.15,2.15] SKIP
  [step 23] training: 64 datums, 139291 comp tokens
  [step 23] train done: loss=-0.0016 in 25.7s
[step 23/200] solve=0.75 reward=1.85±0.58 loss=-0.0016 turns=1.8 disc=115 mast=1 skip=6/8 t=1252.6s
  [step 24 t1] fired 64 (8 API calls)
    gen: 64 results in 96.1s (avg 1858 tok/ep)
    sandbox: 232.4s | pass=36 fail=28 no_code=0 | 36/64 done
  [step 24 t2] fired 28 (28 API calls)
    gen: 28 results in 57.5s (avg 913 tok/ep)
    sandbox: 54.2s | pass=4 fail=24 no_code=0 | 40/64 done
  [step 24 t3] fired 24 (24 API calls)
    gen: 24 results in 31.7s (avg 810 tok/ep)
    sandbox: 54.2s | pass=3 fail=21 no_code=0 | 43/64 done
  [step 24 t4] fired 21 (21 API calls)
    gen: 21 results in 69.2s (avg 767 tok/ep)
    sandbox: 233.0s | pass=1 fail=20 no_code=0 | 64/64 done
    g0: 0/8 solved, rewards=[0.45,0.45,0.45,0.45,0.57,0.45,0.85,0.08] TRAIN std=0.195
    g1: 6/8 solved, rewards=[2.15,2.15,2.15,1.40,2.15,2.30,2.15,2.15] TRAIN std=0.260
    g2: 7/8 solved, rewards=[2.15,2.15,2.15,2.15,2.15,2.15,0.49,2.15] TRAIN std=0.550
    g3: 8/8 solved, rewards=[2.57,2.15,2.15,2.15,2.15,2.15,2.15,2.15] TRAIN std=0.138
    g4: 7/8 solved, rewards=[2.61,0.75,2.56,2.51,2.61,2.56,3.34,2.56] TRAIN std=0.687
    g5: 0/8 solved, rewards=[0.20,0.20,0.20,1.40,0.20,0.20,0.00,0.47] TRAIN std=0.411
    g6: 8/8 solved, rewards=[2.15,2.15,2.15,2.15,2.15,2.15,2.15,2.15] SKIP
    g7: 8/8 solved, rewards=[2.15,2.15,2.15,2.15,2.15,2.15,2.15,2.15] SKIP
  [step 24] training: 121 datums, 166076 comp tokens
  [step 24] train done: loss=0.0012 in 24.5s
[step 24/200] solve=0.69 reward=1.72±0.85 loss=0.0012 turns=2.1 disc=119 mast=2 skip=2/8 t=853.5s
  [step 25 t1] fired 64 (8 API calls)
    gen: 64 results in 141.1s (avg 1562 tok/ep)
    sandbox: 100.9s | pass=43 fail=21 no_code=0 | 43/64 done
  [step 25 t2] fired 21 (21 API calls)
    gen: 21 results in 34.5s (avg 848 tok/ep)
    sandbox: 102.0s | pass=3 fail=18 no_code=0 | 46/64 done
  [step 25 t3] fired 18 (18 API calls)
    gen: 18 results in 40.9s (avg 741 tok/ep)
    sandbox: 102.4s | pass=1 fail=17 no_code=0 | 47/64 done
  [step 25 t4] fired 17 (17 API calls)
    gen: 17 results in 26.2s (avg 606 tok/ep)
    sandbox: 102.0s | pass=1 fail=16 no_code=0 | 64/64 done
    g0: 8/8 solved, rewards=[2.15,2.15,2.15,2.15,2.15,2.15,2.15,2.15] SKIP
    g1: 8/8 solved, rewards=[2.15,2.15,2.15,2.15,2.15,2.15,2.15,2.10] TRAIN std=0.017
    g2: 2/8 solved, rewards=[2.40,0.80,0.30,0.40,0.37,0.00,2.15,0.60] TRAIN std=0.838
    g3: 7/8 solved, rewards=[2.15,2.15,2.15,0.90,2.15,2.27,2.15,2.15] TRAIN std=0.421
    g4: 8/8 solved, rewards=[2.15,2.15,2.15,2.15,2.15,2.15,2.15,2.15] SKIP
    g5: 0/8 solved, rewards=[1.02,0.90,0.70,1.33,1.44,0.73,0.90,0.86] TRAIN std=0.252
    g6: 7/8 solved, rewards=[2.15,2.15,2.15,2.15,2.15,0.70,2.15,2.15] TRAIN std=0.480
    g7: 8/8 solved, rewards=[2.15,2.15,2.15,2.15,2.10,2.15,2.15,2.15] TRAIN std=0.018
  [step 25] training: 104 datums, 122913 comp tokens
  [step 25] train done: loss=0.0042 in 17.4s
  [step 25] dumped 64 train trajectories to checkpoints/lcb_path_dep_lcbv5_s42/train_trajectories_step_0025.jsonl
[step 25/200] solve=0.75 reward=1.80±0.64 loss=0.0042 turns=1.9 disc=124 mast=3 skip=2/8 t=668.1s
  [step 26 t1] fired 64 (8 API calls)
    gen: 64 results in 120.8s (avg 1451 tok/ep)
    sandbox: 6.4s | pass=48 fail=16 no_code=0 | 48/64 done
  [step 26 t2] fired 16 (16 API calls)
    gen: 16 results in 40.2s (avg 1111 tok/ep)
    sandbox: 45.8s | pass=1 fail=15 no_code=0 | 49/64 done
  [step 26 t3] fired 15 (15 API calls)
    gen: 15 results in 31.2s (avg 853 tok/ep)
    sandbox: 46.0s | pass=0 fail=15 no_code=0 | 49/64 done
  [step 26 t4] fired 15 (15 API calls)
    gen: 15 results in 29.8s (avg 715 tok/ep)
    sandbox: 45.6s | pass=0 fail=15 no_code=0 | 64/64 done
    g0: 8/8 solved, rewards=[2.15,2.15,2.15,2.15,2.15,2.15,2.15,2.15] SKIP
    g1: 6/8 solved, rewards=[0.64,1.07,2.15,2.15,2.15,2.15,2.15,2.15] TRAIN std=0.570
    g2: 2/8 solved, rewards=[0.39,2.15,0.89,0.59,0.59,2.15,0.77,0.26] TRAIN std=0.704
    g3: 8/8 solved, rewards=[2.15,2.15,2.15,2.15,2.15,2.15,2.15,2.15] SKIP
    g4: 1/8 solved, rewards=[1.12,1.03,1.12,1.12,1.41,2.57,0.00,1.12] TRAIN std=0.652
    g5: 8/8 solved, rewards=[2.15,2.15,2.15,2.15,2.15,2.15,2.15,2.15] SKIP
    g6: 8/8 solved, rewards=[2.15,2.15,2.15,2.15,2.15,2.15,2.15,2.15] SKIP
    g7: 8/8 solved, rewards=[2.15,2.15,2.15,2.15,2.15,2.15,2.15,2.15] SKIP
  [step 26] training: 70 datums, 105047 comp tokens
  [step 26] train done: loss=-0.0007 in 20.7s
[step 26/200] solve=0.77 reward=1.84±0.60 loss=-0.0007 turns=1.7 disc=131 mast=3 skip=5/8 t=387.2s
  [step 27 t1] fired 64 (8 API calls)
    gen: 64 results in 86.7s (avg 1418 tok/ep)
    sandbox: 184.7s | pass=32 fail=32 no_code=0 | 32/64 done
  [step 27 t2] fired 32 (32 API calls)
    gen: 32 results in 79.4s (avg 1443 tok/ep)
    sandbox: 185.4s | pass=4 fail=28 no_code=0 | 36/64 done
  [step 27 t3] fired 28 (28 API calls)
    gen: 28 results in 41.6s (avg 782 tok/ep)
    sandbox: 185.8s | pass=0 fail=28 no_code=0 | 36/64 done
  [step 27 t4] fired 28 (28 API calls)
    gen: 28 results in 30.2s (avg 668 tok/ep)
    sandbox: 185.3s | pass=0 fail=28 no_code=0 | 64/64 done
    g0: 8/8 solved, rewards=[2.15,2.15,2.15,2.15,2.15,2.15,2.15,2.15] SKIP
    g1: 0/8 solved, rewards=[0.00,0.00,0.00,0.00,0.00,0.00,0.00,0.00] SKIP
    g2: 3/8 solved, rewards=[2.17,2.15,0.69,1.89,2.41,1.15,2.06,2.15] TRAIN std=0.557
    g3: 8/8 solved, rewards=[2.15,2.15,2.15,2.15,2.15,2.15,2.15,2.15] SKIP
    g4: 0/8 solved, rewards=[0.73,1.16,0.54,0.99,0.73,0.99,0.81,0.87] TRAIN std=0.183
    g5: 1/8 solved, rewards=[2.40,2.53,0.97,2.07,2.50,2.60,1.93,2.07] TRAIN std=0.499
    g6: 8/8 solved, rewards=[2.15,2.15,2.15,2.57,2.15,2.15,2.26,2.15] TRAIN std=0.138
    g7: 8/8 solved, rewards=[2.15,2.15,2.15,2.15,2.15,2.15,2.15,2.15] SKIP
  [step 27] training: 96 datums, 137550 comp tokens
  [step 27] train done: loss=-0.0300 in 11.8s
[step 27/200] solve=0.56 reward=1.69±0.81 loss=-0.0300 turns=2.4 disc=137 mast=3 skip=4/8 t=992.1s
  [step 28 t1] fired 64 (8 API calls)
    gen: 64 results in 122.0s (avg 1845 tok/ep)
    sandbox: 47.4s | pass=42 fail=22 no_code=0 | 42/64 done
  [step 28 t2] fired 22 (22 API calls)
    gen: 22 results in 94.2s (avg 1401 tok/ep)
    sandbox: 47.7s | pass=2 fail=20 no_code=0 | 44/64 done
  [step 28 t3] fired 20 (20 API calls)
    gen: 20 results in 45.2s (avg 951 tok/ep)
    sandbox: 52.6s | pass=0 fail=20 no_code=0 | 44/64 done
  [step 28 t4] fired 20 (20 API calls)
    gen: 20 results in 25.7s (avg 555 tok/ep)
    sandbox: 47.5s | pass=0 fail=20 no_code=0 | 64/64 done
    g0: 0/8 solved, rewards=[0.00,0.72,0.00,1.11,1.11,1.11,0.74,1.81] TRAIN std=0.569
    g1: 8/8 solved, rewards=[2.15,2.15,2.15,2.15,2.15,2.15,2.15,2.15] SKIP
    g2: 0/8 solved, rewards=[0.43,0.97,0.43,0.43,0.43,0.43,0.43,0.56] TRAIN std=0.179
    g3: 7/8 solved, rewards=[2.15,0.07,2.15,2.15,2.15,2.15,2.15,2.15] TRAIN std=0.688
    g4: 8/8 solved, rewards=[2.15,2.15,2.15,2.15,2.15,2.15,2.15,2.15] SKIP
    g5: 5/8 solved, rewards=[2.53,2.15,2.15,0.70,0.70,2.37,0.70,2.15] TRAIN std=0.770
    g6: 8/8 solved, rewards=[2.15,2.15,2.15,2.15,2.15,2.15,2.15,2.15] SKIP
    g7: 8/8 solved, rewards=[2.15,2.15,2.15,2.15,2.15,2.15,2.15,2.15] SKIP
  [step 28] training: 94 datums, 134432 comp tokens
  [step 28] train done: loss=0.0093 in 18.0s
[step 28/200] solve=0.69 reward=1.69±0.75 loss=0.0093 turns=2.0 disc=141 mast=3 skip=4/8 t=501.0s
  [step 29 t1] fired 64 (8 API calls)
    gen: 64 results in 130.2s (avg 2230 tok/ep)
    sandbox: 99.0s | pass=27 fail=37 no_code=0 | 27/64 done
  [step 29 t2] fired 37 (37 API calls)
    gen: 37 results in 73.6s (avg 1246 tok/ep)
    sandbox: 113.4s | pass=7 fail=30 no_code=0 | 34/64 done
  [step 29 t3] fired 30 (30 API calls)
    gen: 30 results in 42.3s (avg 833 tok/ep)
    sandbox: 88.1s | pass=3 fail=27 no_code=0 | 37/64 done
  [step 29 t4] fired 27 (27 API calls)
    gen: 27 results in 64.9s (avg 713 tok/ep)
    sandbox: 82.3s | pass=1 fail=26 no_code=0 | 64/64 done
    g0: 8/8 solved, rewards=[2.19,2.19,2.15,2.10,2.19,2.19,2.14,2.15] TRAIN std=0.032
    g1: 8/8 solved, rewards=[2.15,2.15,2.15,2.15,2.15,2.15,2.15,2.15] SKIP
    g2: 8/8 solved, rewards=[2.15,2.15,2.15,2.15,2.15,2.15,2.15,2.15] SKIP
    g3: 0/8 solved, rewards=[0.10,0.10,0.30,0.40,0.10,0.10,0.10,0.10] TRAIN std=0.111
    g4: 0/8 solved, rewards=[1.36,0.44,0.91,0.38,0.38,0.57,1.19,0.47] TRAIN std=0.365
    g5: 8/8 solved, rewards=[2.15,2.15,2.15,2.15,2.15,2.15,2.15,2.15] SKIP
    g6: 6/8 solved, rewards=[2.24,2.50,2.24,2.15,1.15,2.19,2.79,2.62] TRAIN std=0.462
    g7: 0/8 solved, rewards=[0.00,0.00,0.00,0.00,0.00,0.00,0.00,0.00] SKIP
  [step 29] training: 102 datums, 180296 comp tokens
  [step 29] train done: loss=-0.0002 in 27.0s
[step 29/200] solve=0.59 reward=1.47±0.95 loss=-0.0002 turns=2.5 disc=142 mast=4 skip=4/8 t=722.1s
  [step 30 t1] fired 64 (8 API calls)
    gen: 64 results in 134.7s (avg 2112 tok/ep)
    sandbox: 47.8s | pass=32 fail=32 no_code=0 | 32/64 done
  [step 30 t2] fired 32 (32 API calls)
    gen: 32 results in 54.1s (avg 1040 tok/ep)
    sandbox: 108.1s | pass=4 fail=28 no_code=0 | 36/64 done
  [step 30 t3] fired 28 (28 API calls)
    gen: 28 results in 38.6s (avg 720 tok/ep)
    sandbox: 104.4s | pass=0 fail=28 no_code=0 | 36/64 done
  [step 30 t4] fired 28 (28 API calls)
    gen: 28 results in 48.3s (avg 661 tok/ep)
    sandbox: 104.6s | pass=1 fail=27 no_code=0 | 64/64 done
    g0: 8/8 solved, rewards=[2.15,2.15,2.15,2.15,2.15,2.15,2.15,2.15] SKIP
    g1: 8/8 solved, rewards=[2.15,2.15,2.15,2.15,2.15,2.15,2.15,2.15] SKIP
    g2: 5/8 solved, rewards=[1.17,2.36,0.83,2.38,0.88,3.06,2.49,2.15] TRAIN std=0.783
    g3: 0/8 solved, rewards=[0.72,0.00,0.72,1.81,0.00,1.11,1.11,0.00] TRAIN std=0.616
    g4: 0/8 solved, rewards=[0.53,0.53,0.53,0.53,0.53,0.09,0.53,0.53] TRAIN std=0.143
    g5: 0/8 solved, rewards=[0.90,0.30,0.71,1.44,0.93,0.10,0.60,0.50] TRAIN std=0.390
    g6: 8/8 solved, rewards=[2.15,2.15,2.15,2.15,2.15,2.15,2.15,2.15] SKIP
    g7: 8/8 solved, rewards=[2.15,2.15,2.15,2.15,2.53,2.15,2.15,2.15] TRAIN std=0.125
  [step 30] training: 128 datums, 186809 comp tokens
  [step 30] train done: loss=0.0007 in 13.1s
  [step 30] dumped 64 train trajectories to checkpoints/lcb_path_dep_lcbv5_s42/train_trajectories_step_0030.jsonl
[step 30/200] solve=0.58 reward=1.55±0.83 loss=0.0007 turns=2.4 disc=146 mast=4 skip=3/8 t=654.9s
[eval] Running on 20 problems...
[eval] step=30: 10/20 = 0.50
[eval] Trajectories saved to checkpoints/lcb_path_dep_lcbv5_s42/eval_trajectories_step_0030.jsonl
  [step 31 t1] fired 64 (8 API calls)
    gen: 64 results in 122.1s (avg 1738 tok/ep)
    sandbox: 232.5s | pass=42 fail=22 no_code=0 | 42/64 done
  [step 31 t2] fired 22 (22 API calls)
    gen: 22 results in 42.5s (avg 947 tok/ep)
    sandbox: 234.1s | pass=8 fail=14 no_code=0 | 50/64 done
  [step 31 t3] fired 14 (14 API calls)
    gen: 14 results in 46.9s (avg 809 tok/ep)
    sandbox: 234.1s | pass=2 fail=12 no_code=0 | 52/64 done
  [step 31 t4] fired 12 (12 API calls)
    gen: 12 results in 36.1s (avg 726 tok/ep)
    sandbox: 234.3s | pass=1 fail=11 no_code=0 | 64/64 done
    g0: 6/8 solved, rewards=[2.15,2.05,2.19,2.10,0.11,2.15,1.87,2.15] TRAIN std=0.664
    g1: 8/8 solved, rewards=[2.15,2.15,2.15,2.15,2.15,2.15,2.15,2.15] SKIP
    g2: 8/8 solved, rewards=[2.15,2.15,2.15,2.15,2.15,2.15,2.15,2.15] SKIP
    g3: 0/8 solved, rewards=[1.00,0.90,0.75,1.23,0.90,1.20,1.24,0.10] TRAIN std=0.351
    g4: 8/8 solved, rewards=[2.15,2.15,2.15,2.15,2.15,2.15,2.21,2.15] TRAIN std=0.019
    g5: 8/8 solved, rewards=[2.15,2.15,2.15,2.15,2.15,2.15,2.15,2.15] SKIP
    g6: 8/8 solved, rewards=[2.15,2.15,2.15,2.15,2.15,2.15,2.15,2.15] SKIP
    g7: 7/8 solved, rewards=[2.56,2.56,3.01,1.30,2.56,3.45,2.56,2.56] TRAIN std=0.567
  [step 31] training: 80 datums, 119298 comp tokens
  [step 31] train done: loss=0.0001 in 132.8s
[step 31/200] solve=0.83 reward=2.01±0.56 loss=0.0001 turns=1.8 disc=150 mast=4 skip=4/8 t=1316.0s
  [step 32 t1] fired 64 (8 API calls)
    gen: 64 results in 101.2s (avg 1474 tok/ep)
    sandbox: 50.6s | pass=26 fail=38 no_code=0 | 26/64 done
  [step 32 t2] fired 38 (38 API calls)
    gen: 38 results in 48.9s (avg 916 tok/ep)
    sandbox: 40.8s | pass=6 fail=32 no_code=0 | 32/64 done
  [step 32 t3] fired 32 (32 API calls)
    gen: 32 results in 31.3s (avg 642 tok/ep)
    sandbox: 40.9s | pass=2 fail=30 no_code=0 | 34/64 done
  [step 32 t4] fired 30 (30 API calls)
    gen: 30 results in 25.5s (avg 520 tok/ep)
    sandbox: 37.1s | pass=0 fail=30 no_code=0 | 64/64 done
    g0: 8/8 solved, rewards=[2.15,2.15,2.15,2.15,2.15,2.15,2.15,2.15] SKIP
    g1: 1/8 solved, rewards=[0.00,0.32,0.11,0.21,0.00,2.49,0.00,0.11] TRAIN std=0.796
    g2: 0/8 solved, rewards=[0.00,0.54,0.00,0.59,0.54,0.54,0.05,0.55] TRAIN std=0.259
    g3: 8/8 solved, rewards=[2.15,2.10,2.15,2.10,2.15,2.15,2.15,2.15] TRAIN std=0.022
    g4: 3/8 solved, rewards=[0.97,2.52,2.35,0.75,2.35,0.97,0.97,1.69] TRAIN std=0.697
    g5: 6/8 solved, rewards=[1.43,2.15,2.15,2.27,2.15,2.15,0.50,2.22] TRAIN std=0.576
    g6: 8/8 solved, rewards=[2.15,2.15,2.15,2.15,2.15,2.15,2.15,2.15] SKIP
    g7: 0/8 solved, rewards=[0.81,0.72,0.81,1.63,0.77,0.81,0.81,0.81] TRAIN std=0.279
  [step 32] training: 148 datums, 145833 comp tokens
  [step 32] train done: loss=0.0162 in 29.2s
[step 32/200] solve=0.53 reward=1.44±0.86 loss=0.0162 turns=2.6 disc=154 mast=5 skip=2/8 t=406.7s
  [step 33 t1] fired 64 (8 API calls)
    gen: 64 results in 125.2s (avg 1466 tok/ep)
    sandbox: 84.8s | pass=46 fail=17 no_code=1 | 46/64 done
  [step 33 t2] fired 18 (18 API calls)
    gen: 18 results in 33.2s (avg 974 tok/ep)
    sandbox: 66.4s | pass=5 fail=13 no_code=0 | 51/64 done
  [step 33 t3] fired 13 (13 API calls)
    gen: 13 results in 22.9s (avg 706 tok/ep)
    sandbox: 49.9s | pass=0 fail=13 no_code=0 | 51/64 done
  [step 33 t4] fired 13 (13 API calls)
    gen: 13 results in 36.6s (avg 676 tok/ep)
    sandbox: 67.4s | pass=1 fail=12 no_code=0 | 64/64 done
    g0: 8/8 solved, rewards=[2.15,2.15,2.15,2.15,2.15,2.15,2.15,2.15] SKIP
    g1: 8/8 solved, rewards=[2.15,2.15,2.15,2.15,2.15,2.15,2.15,2.15] SKIP
    g2: 8/8 solved, rewards=[2.15,2.15,2.15,2.15,2.15,2.15,2.15,2.15] SKIP
    g3: 8/8 solved, rewards=[2.15,2.15,2.15,2.25,2.15,2.15,2.15,2.15] TRAIN std=0.033
    g4: 5/8 solved, rewards=[0.75,1.45,1.45,2.35,2.40,2.15,2.35,2.15] TRAIN std=0.561
    g5: 8/8 solved, rewards=[2.15,2.15,2.15,2.15,2.15,2.15,2.15,2.15] SKIP
    g6: 0/8 solved, rewards=[0.50,0.50,0.30,0.50,0.10,0.50,0.40,0.50] TRAIN std=0.136
    g7: 7/8 solved, rewards=[2.15,2.00,2.15,2.15,0.11,2.15,2.15,2.10] TRAIN std=0.668
  [step 33] training: 76 datums, 101970 comp tokens
  [step 33] train done: loss=-0.0002 in 17.5s
[step 33/200] solve=0.81 reward=1.87±0.64 loss=-0.0002 turns=1.7 disc=160 mast=6 skip=4/8 t=504.5s
  [step 34 t1] fired 64 (8 API calls)
    gen: 64 results in 129.4s (avg 2545 tok/ep)
    sandbox: 106.6s | pass=24 fail=39 no_code=1 | 24/64 done
  [step 34 t2] fired 40 (40 API calls)
    gen: 40 results in 88.6s (avg 1369 tok/ep)
    sandbox: 107.0s | pass=1 fail=39 no_code=0 | 25/64 done
  [step 34 t3] fired 39 (39 API calls)
    gen: 39 results in 48.4s (avg 848 tok/ep)
    sandbox: 107.9s | pass=0 fail=39 no_code=0 | 25/64 done
  [step 34 t4] fired 39 (39 API calls)
    gen: 39 results in 36.8s (avg 672 tok/ep)
    sandbox: 106.4s | pass=0 fail=39 no_code=0 | 64/64 done
    g0: 0/8 solved, rewards=[0.96,1.07,1.07,1.20,1.27,0.96,0.96,0.96] TRAIN std=0.112
    g1: 8/8 solved, rewards=[2.15,2.15,2.15,2.15,2.37,2.15,2.15,2.15] TRAIN std=0.072
    g2: 0/8 solved, rewards=[0.16,0.16,0.16,0.51,0.15,-0.10,0.32,0.46] TRAIN std=0.184
    g3: 1/8 solved, rewards=[1.12,0.84,0.94,0.28,2.88,1.03,0.49,2.15] TRAIN std=0.813
    g4: 0/8 solved, rewards=[0.04,0.53,0.53,0.53,0.53,0.53,0.53,0.53] TRAIN std=0.161
    g5: 0/8 solved, rewards=[1.40,1.37,1.40,1.37,1.40,1.40,1.40,2.77] TRAIN std=0.456
    g6: 8/8 solved, rewards=[2.15,2.15,2.15,2.15,2.15,2.15,2.15,2.15] SKIP
    g7: 8/8 solved, rewards=[2.15,2.15,2.15,2.15,2.15,2.15,2.15,2.15] SKIP
  [step 34] training: 166 datums, 256375 comp tokens
  [step 34] train done: loss=0.0014 in 14.6s
[step 34/200] solve=0.39 reward=1.38±0.80 loss=0.0014 turns=2.8 disc=163 mast=6 skip=2/8 t=747.7s
  [step 35 t1] fired 64 (8 API calls)
    gen: 64 results in 123.7s (avg 1555 tok/ep)
    sandbox: 14.3s | pass=44 fail=20 no_code=0 | 44/64 done
  [step 35 t2] fired 20 (20 API calls)
    gen: 20 results in 59.3s (avg 1292 tok/ep)
    sandbox: 11.0s | pass=1 fail=19 no_code=0 | 45/64 done
  [step 35 t3] fired 19 (19 API calls)
    gen: 19 results in 123.1s (avg 1277 tok/ep)
    sandbox: 10.9s | pass=1 fail=18 no_code=0 | 46/64 done
  [step 35 t4] fired 18 (18 API calls)
    gen: 18 results in 131.6s (avg 1135 tok/ep)
    sandbox: 11.1s | pass=0 fail=18 no_code=0 | 64/64 done
    g0: 6/8 solved, rewards=[2.15,2.19,2.24,2.15,0.43,0.43,2.15,2.15] TRAIN std=0.756
    g1: 8/8 solved, rewards=[2.15,2.15,2.15,2.15,2.15,2.15,2.15,2.15] SKIP
    g2: 0/8 solved, rewards=[1.03,0.84,2.08,0.66,0.84,0.84,0.28,2.83] TRAIN std=0.787
    g3: 8/8 solved, rewards=[2.15,2.15,2.15,2.15,2.15,2.15,2.15,2.15] SKIP
    g4: 0/8 solved, rewards=[0.21,0.21,0.21,0.21,0.21,0.21,0.21,0.21] SKIP
    g5: 8/8 solved, rewards=[2.15,2.15,2.15,2.15,2.15,2.15,2.15,2.15] SKIP
    g6: 8/8 solved, rewards=[2.15,2.15,2.15,2.15,2.15,2.15,2.15,2.15] SKIP
    g7: 8/8 solved, rewards=[2.15,2.15,2.15,2.15,2.15,2.15,2.15,2.15] SKIP
  [step 35] training: 49 datums, 112483 comp tokens
  [step 35] train done: loss=-0.0005 in 19.4s
  [step 35] dumped 64 train trajectories to checkpoints/lcb_path_dep_lcbv5_s42/train_trajectories_step_0035.jsonl
[step 35/200] solve=0.72 reward=1.73±0.76 loss=-0.0005 turns=1.9 disc=165 mast=6 skip=6/8 t=505.2s
  [step 36 t1] fired 64 (8 API calls)
    gen: 64 results in 125.2s (avg 1800 tok/ep)
    sandbox: 239.1s | pass=26 fail=38 no_code=0 | 26/64 done
  [step 36 t2] fired 38 (38 API calls)
    gen: 38 results in 56.2s (avg 1215 tok/ep)
    sandbox: 237.3s | pass=1 fail=37 no_code=0 | 27/64 done
  [step 36 t3] fired 37 (37 API calls)
    gen: 37 results in 48.0s (avg 921 tok/ep)
    sandbox: 235.6s | pass=1 fail=36 no_code=0 | 28/64 done
  [step 36 t4] fired 36 (36 API calls)
    gen: 36 results in 35.5s (avg 722 tok/ep)
    sandbox: 235.8s | pass=0 fail=36 no_code=0 | 64/64 done
    g0: 2/8 solved, rewards=[0.30,0.20,0.80,0.40,2.15,0.67,0.50,2.15] TRAIN std=0.746
    g1: 2/8 solved, rewards=[0.31,0.00,2.15,0.00,0.00,2.17,0.00,0.94] TRAIN std=0.897
    g2: 8/8 solved, rewards=[2.15,2.15,2.15,2.15,2.15,2.15,2.15,2.15] SKIP
    g3: 8/8 solved, rewards=[2.15,2.15,2.15,2.15,2.15,2.15,2.15,2.15] SKIP
    g4: 0/8 solved, rewards=[0.00,0.00,0.00,0.00,0.00,0.00,0.00,0.00] SKIP
    g5: 0/8 solved, rewards=[0.00,0.00,0.00,0.00,0.00,0.00,0.00,0.00] SKIP
    g6: 0/8 solved, rewards=[1.20,0.90,2.50,1.13,1.50,1.30,0.80,0.60] TRAIN std=0.547
    g7: 8/8 solved, rewards=[2.15,2.15,2.15,2.15,2.15,2.15,2.48,2.15] TRAIN std=0.109
  [step 36] training: 95 datums, 158055 comp tokens
  [step 36] train done: loss=-0.0001 in 25.0s
[step 36/200] solve=0.44 reward=1.17±0.98 loss=-0.0001 turns=2.7 disc=170 mast=6 skip=4/8 t=1239.1s
  [step 37 t1] fired 64 (8 API calls)
    gen: 64 results in 151.8s (avg 1756 tok/ep)
    sandbox: 239.8s | pass=31 fail=33 no_code=0 | 31/64 done
  [step 37 t2] fired 33 (33 API calls)
    gen: 33 results in 73.1s (avg 1281 tok/ep)
    sandbox: 234.1s | pass=3 fail=30 no_code=0 | 34/64 done
  [step 37 t3] fired 30 (30 API calls)
    gen: 30 results in 35.2s (avg 826 tok/ep)
    sandbox: 234.5s | pass=1 fail=29 no_code=0 | 35/64 done
  [step 37 t4] fired 29 (29 API calls)
    gen: 29 results in 33.3s (avg 738 tok/ep)
    sandbox: 232.9s | pass=1 fail=28 no_code=0 | 64/64 done
    g0: 7/8 solved, rewards=[2.15,1.29,2.15,2.46,2.15,2.56,2.15,2.15] TRAIN std=0.356
    g1: 0/8 solved, rewards=[0.60,0.90,0.60,0.60,0.20,0.90,0.90,0.90] TRAIN std=0.235
    g2: 8/8 solved, rewards=[2.15,2.57,2.57,2.15,2.15,2.15,2.15,2.15] TRAIN std=0.180
    g3: 8/8 solved, rewards=[2.15,2.15,2.15,2.15,2.15,2.15,2.15,2.15] SKIP
    g4: 8/8 solved, rewards=[2.15,2.15,2.15,2.15,2.15,2.15,2.15,2.15] SKIP
    g5: 4/8 solved, rewards=[2.15,1.10,2.15,1.10,2.42,2.15,3.40,3.40] TRAIN std=0.817
    g6: 1/8 solved, rewards=[2.15,0.85,0.28,1.43,1.35,0.00,1.61,1.38] TRAIN std=0.666
    g7: 0/8 solved, rewards=[0.05,0.16,0.51,0.51,0.16,0.00,0.24,0.12] TRAIN std=0.182
  [step 37] training: 140 datums, 187434 comp tokens
  [step 37] train done: loss=0.0040 in 40.0s
[step 37/200] solve=0.56 reward=1.62±0.87 loss=0.0040 turns=2.4 disc=174 mast=6 skip=2/8 t=1275.9s
  [step 38 t1] fired 64 (8 API calls)
    gen: 64 results in 153.8s (avg 2060 tok/ep)
    sandbox: 101.3s | pass=32 fail=32 no_code=0 | 32/64 done
  [step 38 t2] fired 32 (32 API calls)
    gen: 32 results in 90.1s (avg 1468 tok/ep)
    sandbox: 45.9s | pass=2 fail=30 no_code=0 | 34/64 done
  [step 38 t3] fired 30 (30 API calls)
    gen: 30 results in 90.6s (avg 965 tok/ep)
    sandbox: 44.2s | pass=2 fail=28 no_code=0 | 36/64 done
  [step 38 t4] fired 28 (28 API calls)
    gen: 28 results in 32.4s (avg 749 tok/ep)
    sandbox: 45.6s | pass=0 fail=28 no_code=0 | 64/64 done
    g0: 0/8 solved, rewards=[0.47,1.27,0.20,0.10,0.40,0.50,0.00,0.67] TRAIN std=0.372
    g1: 4/8 solved, rewards=[0.54,2.30,0.54,0.68,0.97,2.24,2.35,2.52] TRAIN std=0.849
    g2: 0/8 solved, rewards=[0.70,0.70,0.50,0.50,0.80,0.80,0.50,0.70] TRAIN std=0.122
    g3: 8/8 solved, rewards=[2.15,2.15,2.15,2.15,2.15,2.15,2.15,2.15] SKIP
    g4: 8/8 solved, rewards=[2.15,2.15,2.15,2.15,2.15,2.15,2.15,2.15] SKIP
    g5: 8/8 solved, rewards=[2.15,2.15,2.15,2.15,2.15,2.15,2.15,2.15] SKIP
    g6: 8/8 solved, rewards=[2.15,2.15,2.15,2.15,2.15,2.15,2.15,2.15] SKIP
    g7: 0/8 solved, rewards=[2.00,1.23,2.00,1.00,2.00,1.00,1.00,1.00] TRAIN std=0.467
  [step 38] training: 122 datums, 201597 comp tokens
  [step 38] train done: loss=-0.0046 in 34.8s
[step 38/200] solve=0.56 reward=1.58±0.76 loss=-0.0046 turns=2.4 disc=177 mast=7 skip=4/8 t=639.8s
  [step 39 t1] fired 64 (8 API calls)
    gen: 64 results in 107.5s (avg 1694 tok/ep)
    sandbox: 56.8s | pass=25 fail=39 no_code=0 | 25/64 done
  [step 39 t2] fired 39 (39 API calls)
    gen: 39 results in 37.8s (avg 903 tok/ep)
    sandbox: 56.4s | pass=4 fail=35 no_code=0 | 29/64 done
  [step 39 t3] fired 35 (35 API calls)
    gen: 35 results in 35.9s (avg 622 tok/ep)
    sandbox: 56.2s | pass=4 fail=31 no_code=0 | 33/64 done
  [step 39 t4] fired 31 (31 API calls)
    gen: 31 results in 43.4s (avg 546 tok/ep)
    sandbox: 55.4s | pass=1 fail=30 no_code=0 | 64/64 done
    g0: 0/8 solved, rewards=[0.00,0.70,0.00,0.00,0.00,0.00,0.00,0.00] TRAIN std=0.232
    g1: 8/8 solved, rewards=[2.15,2.15,2.15,2.15,2.15,2.15,2.15,2.15] SKIP
    g2: 2/8 solved, rewards=[0.00,2.29,0.00,2.15,0.50,0.73,0.50,2.15] TRAIN std=0.926
    g3: 5/8 solved, rewards=[0.84,2.33,2.33,3.03,2.38,0.84,0.84,2.15] TRAIN std=0.811
    g4: 3/8 solved, rewards=[2.40,1.20,1.20,2.53,1.20,1.20,2.47,1.20] TRAIN std=0.614
    g5: 8/8 solved, rewards=[2.15,2.15,2.15,2.15,2.32,2.15,2.15,2.37] TRAIN std=0.085
    g6: 8/8 solved, rewards=[2.15,2.15,2.15,2.15,2.15,2.15,2.15,2.15] SKIP
    g7: 0/8 solved, rewards=[1.45,1.45,1.45,0.75,0.75,0.75,0.75,0.75] TRAIN std=0.339
  [step 39] training: 153 datums, 170321 comp tokens
  [step 39] train done: loss=-0.0006 in 13.4s
[step 39/200] solve=0.53 reward=1.52±0.87 loss=-0.0006 turns=2.6 disc=181 mast=7 skip=2/8 t=463.9s
  [step 40 t1] fired 64 (8 API calls)
    gen: 64 results in 45.4s (avg 991 tok/ep)
    sandbox: 36.8s | pass=44 fail=20 no_code=0 | 44/64 done
  [step 40 t2] fired 20 (20 API calls)
    gen: 20 results in 33.3s (avg 912 tok/ep)
    sandbox: 30.0s | pass=5 fail=15 no_code=0 | 49/64 done
  [step 40 t3] fired 15 (15 API calls)
    gen: 15 results in 24.4s (avg 629 tok/ep)
    sandbox: 30.0s | pass=2 fail=13 no_code=0 | 51/64 done
  [step 40 t4] fired 13 (13 API calls)
    gen: 13 results in 37.9s (avg 672 tok/ep)
    sandbox: 29.4s | pass=0 fail=13 no_code=0 | 64/64 done
    g0: 4/8 solved, rewards=[0.97,0.97,0.21,0.75,2.35,2.30,2.30,2.35] TRAIN std=0.829
    g1: 8/8 solved, rewards=[2.15,2.15,2.15,2.15,2.15,2.15,2.15,2.15] SKIP
    g2: 8/8 solved, rewards=[2.15,2.15,2.15,2.15,2.15,2.15,2.15,2.15] SKIP
    g3: 8/8 solved, rewards=[2.15,2.15,2.15,2.15,2.15,2.15,2.15,2.15] SKIP
    g4: 7/8 solved, rewards=[2.15,2.35,2.15,2.15,2.35,0.75,2.15,2.35] TRAIN std=0.500
    g5: 7/8 solved, rewards=[2.15,2.15,2.15,2.15,0.86,2.15,2.15,2.15] TRAIN std=0.428
    g6: 1/8 solved, rewards=[2.15,1.40,1.40,1.40,1.40,1.40,1.40,1.40] TRAIN std=0.248
    g7: 8/8 solved, rewards=[2.15,2.15,2.15,2.15,2.15,2.15,2.15,2.15] SKIP
  [step 40] training: 80 datums, 82326 comp tokens
  [step 40] train done: loss=0.0422 in 15.1s
  [step 40] dumped 64 train trajectories to checkpoints/lcb_path_dep_lcbv5_s42/train_trajectories_step_0040.jsonl
[step 40/200] solve=0.80 reward=1.96±0.47 loss=0.0422 turns=1.8 disc=184 mast=10 skip=4/8 t=282.9s
[lcb] Checkpoint: tinker://ed7b10ca-5483-524f-91b7-826786ac0120:train:0/weights/step_0040
[eval] Running on 20 problems...
[eval] step=40: 11/20 = 0.55
[eval] Trajectories saved to checkpoints/lcb_path_dep_lcbv5_s42/eval_trajectories_step_0040.jsonl
  [step 41 t1] fired 64 (8 API calls)
    gen: 64 results in 138.1s (avg 1964 tok/ep)
    sandbox: 57.2s | pass=33 fail=31 no_code=0 | 33/64 done
  [step 41 t2] fired 31 (31 API calls)
    gen: 31 results in 91.3s (avg 1456 tok/ep)
    sandbox: 61.0s | pass=4 fail=27 no_code=0 | 37/64 done
  [step 41 t3] fired 27 (27 API calls)
    gen: 27 results in 96.3s (avg 1172 tok/ep)
    sandbox: 49.4s | pass=1 fail=26 no_code=0 | 38/64 done
  [step 41 t4] fired 26 (26 API calls)
    gen: 26 results in 55.2s (avg 738 tok/ep)
    sandbox: 49.4s | pass=2 fail=24 no_code=0 | 64/64 done
    g0: 8/8 solved, rewards=[3.13,2.53,2.50,2.15,2.15,2.15,2.53,2.15] TRAIN std=0.323
    g1: 0/8 solved, rewards=[0.30,0.40,0.97,1.20,0.40,0.50,0.60,1.33] TRAIN std=0.373
    g2: 8/8 solved, rewards=[2.15,2.15,2.15,2.15,2.15,2.15,2.15,2.15] SKIP
    g3: 4/8 solved, rewards=[2.15,0.96,0.96,2.15,2.15,0.96,0.96,2.15] TRAIN std=0.593
    g4: 1/8 solved, rewards=[0.30,0.30,0.30,2.28,0.47,0.30,0.30,0.30] TRAIN std=0.650
    g5: 8/8 solved, rewards=[2.15,2.15,2.15,2.15,2.15,2.15,2.15,2.15] SKIP
    g6: 8/8 solved, rewards=[2.15,2.15,2.15,2.15,2.15,2.15,2.15,2.15] SKIP
    g7: 3/8 solved, rewards=[0.54,0.54,3.50,2.15,1.40,2.28,0.54,3.43] TRAIN std=1.164
  [step 41] training: 124 datums, 201317 comp tokens
  [step 41] train done: loss=-0.0134 in 27.6s
[step 41/200] solve=0.62 reward=1.69±0.85 loss=-0.0134 turns=2.3 disc=188 mast=10 skip=3/8 t=626.3s
  [step 42 t1] fired 64 (8 API calls)
    gen: 64 results in 127.5s (avg 1949 tok/ep)
    sandbox: 98.1s | pass=34 fail=30 no_code=0 | 34/64 done
  [step 42 t2] fired 30 (30 API calls)
    gen: 30 results in 72.6s (avg 1115 tok/ep)
    sandbox: 96.5s | pass=3 fail=27 no_code=0 | 37/64 done
  [step 42 t3] fired 27 (27 API calls)
    gen: 27 results in 54.4s (avg 709 tok/ep)
    sandbox: 95.5s | pass=2 fail=25 no_code=0 | 39/64 done
  [step 42 t4] fired 25 (25 API calls)
    gen: 25 results in 32.7s (avg 499 tok/ep)
    sandbox: 59.3s | pass=1 fail=24 no_code=0 | 64/64 done
    g0: 4/8 solved, rewards=[2.15,0.70,2.25,0.60,2.15,1.11,0.60,2.33] TRAIN std=0.751
    g1: 1/8 solved, rewards=[0.43,0.00,0.00,0.00,2.00,0.16,0.00,0.16] TRAIN std=0.641
    g2: 0/8 solved, rewards=[0.00,0.00,0.00,0.00,0.00,0.00,0.00,0.00] SKIP
    g3: 8/8 solved, rewards=[2.15,2.15,2.15,2.50,2.15,2.50,2.15,2.15] TRAIN std=0.152
    g4: 8/8 solved, rewards=[2.15,2.15,2.15,2.15,2.15,2.15,2.15,2.15] SKIP
    g5: 8/8 solved, rewards=[2.15,2.15,2.15,2.15,2.15,2.15,2.15,2.15] SKIP
    g6: 3/8 solved, rewards=[1.24,0.43,2.15,0.64,0.43,2.05,2.15,0.64] TRAIN std=0.736
    g7: 8/8 solved, rewards=[2.15,2.15,2.15,2.15,2.15,2.15,2.15,2.15] SKIP
  [step 42] training: 90 datums, 142584 comp tokens
  [step 42] train done: loss=0.0130 in 13.0s
[step 42/200] solve=0.62 reward=1.47±0.94 loss=0.0130 turns=2.3 disc=192 mast=10 skip=4/8 t=650.8s
  [step 43 t1] fired 64 (8 API calls)
    gen: 64 results in 111.3s (avg 1591 tok/ep)
    sandbox: 9.7s | pass=47 fail=17 no_code=0 | 47/64 done
  [step 43 t2] fired 17 (17 API calls)
    gen: 17 results in 45.7s (avg 1050 tok/ep)
    sandbox: 12.3s | pass=2 fail=15 no_code=0 | 49/64 done
  [step 43 t3] fired 15 (15 API calls)
    gen: 15 results in 25.4s (avg 693 tok/ep)
    sandbox: 11.3s | pass=0 fail=15 no_code=0 | 49/64 done
  [step 43 t4] fired 15 (15 API calls)
    gen: 15 results in 16.2s (avg 544 tok/ep)
    sandbox: 12.0s | pass=0 fail=15 no_code=0 | 64/64 done
    g0: 8/8 solved, rewards=[2.15,2.15,2.15,2.15,2.15,2.15,2.15,2.15] SKIP
    g1: 8/8 solved, rewards=[2.15,2.15,2.15,2.15,2.15,2.15,2.15,2.15] SKIP
    g2: 8/8 solved, rewards=[2.15,2.15,2.15,2.15,2.15,2.15,2.15,2.30] TRAIN std=0.050
    g3: 0/8 solved, rewards=[0.00,0.00,0.00,0.00,0.00,0.05,0.29,0.00] TRAIN std=0.094
    g4: 8/8 solved, rewards=[2.15,2.15,2.15,2.15,2.15,2.15,2.15,2.15] SKIP
    g5: 8/8 solved, rewards=[2.15,2.15,2.15,2.25,2.15,2.15,2.15,2.15] TRAIN std=0.033
    g6: 1/8 solved, rewards=[0.40,0.50,2.15,0.40,0.40,0.50,0.40,0.60] TRAIN std=0.564
    g7: 8/8 solved, rewards=[2.15,2.15,2.15,2.15,2.15,2.15,2.15,2.15] SKIP
  [step 43] training: 79 datums, 115623 comp tokens
  [step 43] train done: loss=-0.0046 in 30.1s
[step 43/200] solve=0.77 reward=1.71±0.82 loss=-0.0046 turns=1.7 disc=196 mast=10 skip=4/8 t=274.6s
  [step 44 t1] fired 64 (8 API calls)
    gen: 64 results in 131.8s (avg 1956 tok/ep)
    sandbox: 41.1s | pass=27 fail=37 no_code=0 | 27/64 done
  [step 44 t2] fired 37 (37 API calls)
    gen: 37 results in 77.9s (avg 1145 tok/ep)
    sandbox: 41.1s | pass=4 fail=33 no_code=0 | 31/64 done
  [step 44 t3] fired 33 (33 API calls)
    gen: 33 results in 41.5s (avg 678 tok/ep)
    sandbox: 41.1s | pass=1 fail=32 no_code=0 | 32/64 done
  [step 44 t4] fired 32 (32 API calls)
    gen: 32 results in 28.6s (avg 542 tok/ep)
    sandbox: 32.9s | pass=1 fail=31 no_code=0 | 64/64 done
    g0: 1/8 solved, rewards=[0.00,1.30,1.00,0.60,2.15,0.00,0.00,0.00] TRAIN std=0.749
    g1: 0/8 solved, rewards=[0.65,0.95,0.81,0.81,0.81,0.81,2.21,0.81] TRAIN std=0.469
    g2: 8/8 solved, rewards=[2.15,2.15,2.15,2.15,2.15,2.15,2.15,2.15] SKIP
    g3: 8/8 solved, rewards=[2.15,2.15,2.15,2.15,2.15,2.15,2.15,2.15] SKIP
    g4: 6/8 solved, rewards=[2.43,2.15,2.43,2.33,2.47,2.15,2.60,1.30] TRAIN std=0.381
    g5: 8/8 solved, rewards=[2.15,2.15,2.15,2.15,2.15,2.15,2.15,2.15] SKIP
    g6: 0/8 solved, rewards=[0.28,0.28,0.28,0.28,0.28,0.56,1.31,0.28] TRAIN std=0.339
    g7: 2/8 solved, rewards=[1.15,0.88,1.19,0.88,3.19,0.68,1.46,3.44] TRAIN std=1.013
  [step 44] training: 142 datums, 174507 comp tokens
  [step 44] train done: loss=0.0001 in 20.5s
[step 44/200] solve=0.52 reward=1.54±0.87 loss=0.0001 turns=2.6 disc=200 mast=10 skip=3/8 t=457.4s
  [step 45 t1] fired 64 (8 API calls)
    gen: 64 results in 87.2s (avg 1413 tok/ep)
    sandbox: 172.1s | pass=44 fail=20 no_code=0 | 44/64 done
  [step 45 t2] fired 20 (20 API calls)
    gen: 20 results in 49.6s (avg 978 tok/ep)
    sandbox: 176.0s | pass=3 fail=17 no_code=0 | 47/64 done
  [step 45 t3] fired 17 (17 API calls)
    gen: 17 results in 43.5s (avg 802 tok/ep)
    sandbox: 176.2s | pass=0 fail=17 no_code=0 | 47/64 done
  [step 45 t4] fired 17 (17 API calls)
    gen: 17 results in 32.9s (avg 663 tok/ep)
    sandbox: 123.8s | pass=1 fail=16 no_code=0 | 64/64 done
    g0: 8/8 solved, rewards=[2.15,2.15,2.55,2.15,2.15,2.15,2.15,2.15] TRAIN std=0.132
    g1: 8/8 solved, rewards=[2.15,2.00,2.15,2.10,2.15,2.15,2.15,2.15] TRAIN std=0.050
    g2: 8/8 solved, rewards=[2.15,2.39,2.15,2.15,2.15,2.15,2.15,2.15] TRAIN std=0.079
    g3: 8/8 solved, rewards=[2.15,2.15,2.15,2.15,2.15,2.15,2.15,2.15] SKIP
    g4: 8/8 solved, rewards=[2.15,2.15,2.15,2.15,2.15,2.15,2.15,2.15] SKIP
    g5: 0/8 solved, rewards=[0.00,0.00,0.00,0.00,0.70,0.00,0.23,0.00] TRAIN std=0.233
    g6: 0/8 solved, rewards=[0.33,0.47,0.70,0.50,0.43,0.17,0.30,0.84] TRAIN std=0.205
    g7: 8/8 solved, rewards=[2.15,2.15,2.15,2.15,2.15,2.15,2.15,2.15] SKIP
  [step 45] training: 94 datums, 115765 comp tokens
  [step 45] train done: loss=-0.0015 in 11.7s
  [step 45] dumped 64 train trajectories to checkpoints/lcb_path_dep_lcbv5_s42/train_trajectories_step_0045.jsonl
[step 45/200] solve=0.75 reward=1.69±0.82 loss=-0.0015 turns=1.8 disc=203 mast=11 skip=3/8 t=873.8s
  [step 46 t1] fired 64 (8 API calls)
    gen: 64 results in 180.2s (avg 1607 tok/ep)
    sandbox: 117.8s | pass=30 fail=34 no_code=0 | 30/64 done
  [step 46 t2] fired 34 (34 API calls)
    gen: 34 results in 55.0s (avg 853 tok/ep)
    sandbox: 46.7s | pass=9 fail=25 no_code=0 | 39/64 done
  [step 46 t3] fired 25 (25 API calls)
    gen: 25 results in 38.5s (avg 823 tok/ep)
    sandbox: 47.3s | pass=2 fail=23 no_code=0 | 41/64 done
  [step 46 t4] fired 23 (23 API calls)
    gen: 23 results in 58.3s (avg 681 tok/ep)
    sandbox: 47.9s | pass=1 fail=22 no_code=0 | 64/64 done
    g0: 3/8 solved, rewards=[2.03,0.80,0.80,0.80,2.27,0.80,2.15,2.15] TRAIN std=0.678
    g1: 8/8 solved, rewards=[2.15,2.15,2.15,2.15,2.15,2.15,2.15,2.55] TRAIN std=0.131
    g2: 0/8 solved, rewards=[0.84,0.84,0.84,0.32,0.63,0.84,0.84,0.64] TRAIN std=0.176
    g3: 7/8 solved, rewards=[2.15,2.15,2.15,2.56,2.15,2.39,2.15,2.19] TRAIN std=0.145
    g4: 0/8 solved, rewards=[0.51,0.05,0.34,0.08,0.15,0.05,0.15,0.57] TRAIN std=0.196
    g5: 8/8 solved, rewards=[2.15,2.15,2.15,2.15,2.15,2.15,2.15,2.15] SKIP
    g6: 8/8 solved, rewards=[2.59,3.55,2.59,2.59,2.59,2.59,2.15,2.54] TRAIN std=0.369
    g7: 8/8 solved, rewards=[2.15,2.42,2.15,2.15,2.15,2.15,2.15,2.15] TRAIN std=0.090
  [step 46] training: 138 datums, 161366 comp tokens
  [step 46] train done: loss=-0.0051 in 29.6s
[step 46/200] solve=0.66 reward=1.73±0.85 loss=-0.0051 turns=2.3 disc=206 mast=12 skip=1/8 t=622.6s
  [step 47 t1] fired 64 (8 API calls)
    gen: 64 results in 94.9s (avg 1355 tok/ep)
    sandbox: 173.1s | pass=39 fail=25 no_code=0 | 39/64 done
  [step 47 t2] fired 25 (25 API calls)
    gen: 25 results in 49.0s (avg 930 tok/ep)
    sandbox: 172.7s | pass=3 fail=22 no_code=0 | 42/64 done
  [step 47 t3] fired 22 (22 API calls)
    gen: 22 results in 84.1s (avg 1003 tok/ep)
    sandbox: 172.6s | pass=2 fail=20 no_code=0 | 44/64 done
  [step 47 t4] fired 20 (20 API calls)
    gen: 20 results in 50.6s (avg 901 tok/ep)
    sandbox: 172.5s | pass=0 fail=20 no_code=0 | 64/64 done
    g0: 5/8 solved, rewards=[0.93,0.53,2.38,2.15,2.43,2.15,2.43,1.00] TRAIN std=0.739
    g1: 8/8 solved, rewards=[2.15,2.15,2.15,2.15,2.15,2.26,2.15,2.15] TRAIN std=0.038
    g2: 7/8 solved, rewards=[2.15,2.10,0.00,2.15,2.15,2.15,2.15,2.15] TRAIN std=0.709
    g3: 8/8 solved, rewards=[2.15,2.15,2.15,2.15,2.15,2.15,2.15,2.15] SKIP
    g4: 0/8 solved, rewards=[2.26,2.07,0.40,0.90,1.87,2.07,1.67,1.40] TRAIN std=0.603
    g5: 8/8 solved, rewards=[2.15,2.15,2.15,2.15,2.15,2.15,2.15,2.15] SKIP
    g6: 8/8 solved, rewards=[2.15,2.15,2.15,2.15,2.15,2.15,2.15,2.15] SKIP
    g7: 0/8 solved, rewards=[0.00,0.00,0.00,0.00,0.00,0.00,0.00,0.00] SKIP
  [step 47] training: 75 datums, 105273 comp tokens
  [step 47] train done: loss=0.0004 in 13.5s
[step 47/200] solve=0.69 reward=1.73±0.80 loss=0.0004 turns=2.0 disc=210 mast=12 skip=4/8 t=983.5s
  [step 48 t1] fired 64 (8 API calls)
    gen: 64 results in 162.4s (avg 2347 tok/ep)
    sandbox: 235.4s | pass=35 fail=26 no_code=3 | 35/64 done
  [step 48 t2] fired 29 (29 API calls)
    gen: 29 results in 87.9s (avg 1275 tok/ep)
    sandbox: 232.6s | pass=4 fail=25 no_code=0 | 39/64 done
  [step 48 t3] fired 25 (25 API calls)
    gen: 25 results in 49.0s (avg 817 tok/ep)
    sandbox: 156.1s | pass=5 fail=20 no_code=0 | 44/64 done
  [step 48 t4] fired 20 (20 API calls)
    gen: 20 results in 74.8s (avg 641 tok/ep)
    sandbox: 155.8s | pass=0 fail=20 no_code=0 | 64/64 done
    g0: 7/8 solved, rewards=[2.45,2.45,1.20,2.15,2.15,2.05,2.50,2.15] TRAIN std=0.390
    g1: 8/8 solved, rewards=[2.15,2.15,2.15,2.15,2.15,2.15,2.15,2.15] SKIP
    g2: 0/8 solved, rewards=[0.50,-0.10,0.00,0.00,0.38,0.38,0.00,-0.10] TRAIN std=0.227
    g3: 8/8 solved, rewards=[2.15,2.15,2.15,2.15,2.15,2.15,2.15,2.15] SKIP
    g4: 8/8 solved, rewards=[2.15,2.15,2.15,2.15,2.15,2.15,2.15,2.15] SKIP
    g5: 5/8 solved, rewards=[2.15,2.34,2.36,1.46,1.46,2.00,3.42,2.10] TRAIN std=0.579
    g6: 8/8 solved, rewards=[2.15,2.15,2.15,2.15,2.15,2.15,2.15,2.15] SKIP
    g7: 0/8 solved, rewards=[0.13,0.63,0.70,0.00,0.90,0.97,0.70,0.70] TRAIN std=0.323
  [step 48] training: 106 datums, 194723 comp tokens
  [step 48] train done: loss=0.0490 in 30.8s
[step 48/200] solve=0.69 reward=1.70±0.83 loss=0.0490 turns=2.2 disc=211 mast=13 skip=4/8 t=1186.0s
  [step 49 t1] fired 64 (8 API calls)
    gen: 64 results in 138.2s (avg 2071 tok/ep)
    sandbox: 189.9s | pass=43 fail=21 no_code=0 | 43/64 done
  [step 49 t2] fired 21 (21 API calls)
    gen: 21 results in 164.3s (avg 1452 tok/ep)
    sandbox: 180.1s | pass=4 fail=17 no_code=0 | 47/64 done
  [step 49 t3] fired 17 (17 API calls)
    gen: 17 results in 39.9s (avg 762 tok/ep)
    sandbox: 179.7s | pass=1 fail=16 no_code=0 | 48/64 done
  [step 49 t4] fired 16 (16 API calls)
    gen: 16 results in 46.4s (avg 659 tok/ep)
    sandbox: 178.7s | pass=0 fail=16 no_code=0 | 64/64 done
    g0: 8/8 solved, rewards=[2.15,2.15,2.15,2.15,2.15,2.15,2.15,2.15] SKIP
    g1: 8/8 solved, rewards=[2.20,2.15,2.20,2.15,2.15,2.15,2.15,2.15] TRAIN std=0.022
    g2: 6/8 solved, rewards=[2.05,2.15,0.59,2.15,2.15,0.59,2.15,2.15] TRAIN std=0.670
    g3: 8/8 solved, rewards=[2.15,2.15,2.15,2.15,2.15,2.15,2.15,2.15] SKIP
    g4: 5/8 solved, rewards=[2.15,2.19,2.15,2.15,1.07,2.15,2.15,0.54] TRAIN std=0.601
    g5: 5/8 solved, rewards=[2.15,0.70,2.15,2.15,0.83,1.02,2.33,2.33] TRAIN std=0.673
    g6: 0/8 solved, rewards=[0.00,1.32,0.00,0.00,0.00,0.00,0.00,0.25] TRAIN std=0.433
    g7: 8/8 solved, rewards=[2.15,2.15,2.15,2.15,2.15,2.15,2.15,2.15] SKIP
  [step 49] training: 94 datums, 172375 comp tokens
  [step 49] train done: loss=0.0273 in 17.5s
[step 49/200] solve=0.75 reward=1.76±0.75 loss=0.0273 turns=1.8 disc=215 mast=14 skip=3/8 t=1135.4s
  [step 50 t1] fired 64 (8 API calls)
    gen: 64 results in 115.3s (avg 2030 tok/ep)
    sandbox: 48.9s | pass=26 fail=38 no_code=0 | 26/64 done
  [step 50 t2] fired 38 (38 API calls)
    gen: 38 results in 101.4s (avg 1157 tok/ep)
    sandbox: 104.8s | pass=5 fail=33 no_code=0 | 31/64 done
  [step 50 t3] fired 33 (33 API calls)
    gen: 33 results in 49.6s (avg 973 tok/ep)
    sandbox: 47.4s | pass=1 fail=32 no_code=0 | 32/64 done
  [step 50 t4] fired 32 (32 API calls)
    gen: 32 results in 38.5s (avg 750 tok/ep)
    sandbox: 47.6s | pass=3 fail=29 no_code=0 | 64/64 done
    g0: 5/8 solved, rewards=[0.24,0.24,2.15,2.15,2.15,0.24,2.76,2.15] TRAIN std=1.001
    g1: 6/8 solved, rewards=[2.15,2.15,2.06,2.44,2.39,0.54,2.39,2.15] TRAIN std=0.582
    g2: 8/8 solved, rewards=[2.15,2.15,2.15,2.17,2.15,2.15,2.15,2.15] TRAIN std=0.007
    g3: 0/8 solved, rewards=[0.00,0.00,0.00,0.00,0.00,0.00,0.00,0.00] SKIP
    g4: 0/8 solved, rewards=[0.21,0.21,0.21,0.32,1.98,0.21,0.21,0.46] TRAIN std=0.573
    g5: 8/8 solved, rewards=[2.15,2.15,2.15,2.15,2.15,2.15,2.15,2.15] SKIP
    g6: 8/8 solved, rewards=[2.54,2.54,2.15,2.15,2.15,2.54,2.15,2.54] TRAIN std=0.194
    g7: 0/8 solved, rewards=[1.25,1.17,0.00,0.92,1.25,1.25,1.77,0.92] TRAIN std=0.472
  [step 50] training: 127 datums, 165071 comp tokens
  [step 50] train done: loss=0.0001 in 23.9s
  [step 50] dumped 64 train trajectories to checkpoints/lcb_path_dep_lcbv5_s42/train_trajectories_step_0050.jsonl
[step 50/200] solve=0.55 reward=1.47±0.95 loss=0.0001 turns=2.6 disc=220 mast=14 skip=2/8 t=578.5s
[eval] Running on 20 problems...
[eval] step=50: 10/20 = 0.50
[eval] Trajectories saved to checkpoints/lcb_path_dep_lcbv5_s42/eval_trajectories_step_0050.jsonl
  [step 51 t1] fired 64 (8 API calls)
    gen: 64 results in 150.0s (avg 2469 tok/ep)
    sandbox: 180.8s | pass=23 fail=41 no_code=0 | 23/64 done
  [step 51 t2] fired 41 (41 API calls)
    gen: 41 results in 47.6s (avg 1224 tok/ep)
    sandbox: 179.6s | pass=1 fail=40 no_code=0 | 24/64 done
  [step 51 t3] fired 40 (40 API calls)
    gen: 40 results in 30.4s (avg 728 tok/ep)
    sandbox: 178.6s | pass=1 fail=39 no_code=0 | 25/64 done
  [step 51 t4] fired 39 (39 API calls)
    gen: 39 results in 29.4s (avg 604 tok/ep)
    sandbox: 178.5s | pass=0 fail=39 no_code=0 | 64/64 done
    g0: 8/8 solved, rewards=[2.15,2.15,2.15,2.15,2.15,2.15,2.15,2.15] SKIP
    g1: 0/8 solved, rewards=[0.00,0.00,0.00,0.00,0.00,0.00,0.00,0.00] SKIP
    g2: 0/8 solved, rewards=[1.39,0.46,1.39,1.39,1.39,1.39,2.13,1.39] TRAIN std=0.419
    g3: 0/8 solved, rewards=[0.61,0.34,0.33,0.32,0.20,0.20,0.26,0.26] TRAIN std=0.124
    g4: 8/8 solved, rewards=[2.15,2.51,2.56,2.15,2.15,2.15,2.15,2.15] TRAIN std=0.169
    g5: 1/8 solved, rewards=[1.39,2.10,2.37,0.41,0.34,2.15,0.27,0.32] TRAIN std=0.874
    g6: 0/8 solved, rewards=[0.23,0.12,0.00,0.23,0.23,0.15,0.14,0.23] TRAIN std=0.077
    g7: 8/8 solved, rewards=[2.15,2.15,2.15,2.15,2.15,2.15,2.15,2.15] SKIP
  [step 51] training: 136 datums, 196553 comp tokens
  [step 51] train done: loss=-0.0017 in 96.3s
[step 51/200] solve=0.39 reward=1.20±0.95 loss=-0.0017 turns=2.9 disc=222 mast=16 skip=3/8 t=1072.9s
  [step 52 t1] fired 64 (8 API calls)
    gen: 64 results in 79.0s (avg 1176 tok/ep)
    sandbox: 177.9s | pass=36 fail=28 no_code=0 | 36/64 done
  [step 52 t2] fired 28 (28 API calls)
    gen: 28 results in 39.8s (avg 845 tok/ep)
    sandbox: 175.4s | pass=3 fail=25 no_code=0 | 39/64 done
  [step 52 t3] fired 25 (25 API calls)
    gen: 25 results in 63.6s (avg 624 tok/ep)
    sandbox: 175.3s | pass=0 fail=25 no_code=0 | 39/64 done
  [step 52 t4] fired 25 (25 API calls)
    gen: 25 results in 28.2s (avg 450 tok/ep)
    sandbox: 174.9s | pass=1 fail=24 no_code=0 | 64/64 done
    g0: 0/8 solved, rewards=[1.18,1.18,1.18,1.18,1.68,0.39,1.18,1.18] TRAIN std=0.327
    g1: 8/8 solved, rewards=[2.15,2.15,2.15,2.15,2.15,2.15,2.15,2.15] SKIP
    g2: 8/8 solved, rewards=[2.15,2.15,2.15,2.15,2.15,2.15,2.15,2.15] SKIP
    g3: 0/8 solved, rewards=[0.00,0.00,0.00,0.00,0.00,0.00,0.00,0.00] SKIP
    g4: 8/8 solved, rewards=[2.15,2.15,2.15,2.15,2.15,2.15,2.15,2.15] SKIP
    g5: 8/8 solved, rewards=[2.15,2.15,2.15,2.09,2.10,2.15,2.15,2.15] TRAIN std=0.023
    g6: 8/8 solved, rewards=[2.15,2.15,2.15,2.15,2.15,2.50,2.15,2.50] TRAIN std=0.152
    g7: 0/8 solved, rewards=[0.43,0.43,0.43,0.50,0.33,0.40,0.50,0.50] TRAIN std=0.055
  [step 52] training: 86 datums, 83189 comp tokens
  [step 52] train done: loss=-0.0019 in 7.6s
[step 52/200] solve=0.62 reward=1.55±0.85 loss=-0.0019 turns=2.2 disc=225 mast=16 skip=4/8 t=922.5s
  [step 53 t1] fired 64 (8 API calls)
    gen: 64 results in 193.4s (avg 1381 tok/ep)
    sandbox: 187.1s | pass=28 fail=36 no_code=0 | 28/64 done
  [step 53 t2] fired 36 (36 API calls)
    gen: 36 results in 117.7s (avg 1175 tok/ep)
    sandbox: 173.9s | pass=2 fail=34 no_code=0 | 30/64 done
  [step 53 t3] fired 34 (34 API calls)
    gen: 34 results in 35.8s (avg 654 tok/ep)
    sandbox: 176.5s | pass=0 fail=34 no_code=0 | 30/64 done
  [step 53 t4] fired 34 (34 API calls)
    gen: 34 results in 39.8s (avg 561 tok/ep)
    sandbox: 173.7s | pass=1 fail=33 no_code=0 | 64/64 done
    g0: 0/8 solved, rewards=[0.00,0.00,0.00,0.00,0.00,0.00,0.00,0.00] SKIP
    g1: 0/8 solved, rewards=[3.40,1.10,1.10,2.35,1.10,2.23,1.10,1.10] TRAIN std=0.821
    g2: 5/8 solved, rewards=[1.40,2.15,2.15,1.40,1.40,2.15,2.15,2.15] TRAIN std=0.363
    g3: 8/8 solved, rewards=[2.15,2.15,2.15,2.15,2.15,2.15,2.15,2.15] SKIP
    g4: 2/8 solved, rewards=[2.25,0.54,0.21,0.97,0.29,2.35,0.46,0.97] TRAIN std=0.792
    g5: 8/8 solved, rewards=[2.15,2.15,2.15,2.14,2.15,2.15,2.15,2.15] TRAIN std=0.005
    g6: 8/8 solved, rewards=[2.15,2.15,2.15,2.15,2.15,2.15,2.15,2.15] SKIP
    g7: 0/8 solved, rewards=[0.00,0.00,0.00,0.00,0.00,0.00,0.00,0.00] SKIP
  [step 53] training: 88 datums, 99606 comp tokens
  [step 53] train done: loss=0.0013 in 7.4s
[step 53/200] solve=0.48 reward=1.38±0.97 loss=0.0013 turns=2.6 disc=226 mast=16 skip=4/8 t=1106.2s
  [step 54 t1] fired 64 (8 API calls)
    gen: 64 results in 116.8s (avg 2295 tok/ep)
    sandbox: 105.6s | pass=24 fail=40 no_code=0 | 24/64 done
  [step 54 t2] fired 40 (40 API calls)
    gen: 40 results in 83.4s (avg 1216 tok/ep)
    sandbox: 108.5s | pass=1 fail=39 no_code=0 | 25/64 done
  [step 54 t3] fired 39 (39 API calls)
    gen: 39 results in 80.0s (avg 809 tok/ep)
    sandbox: 105.5s | pass=0 fail=39 no_code=0 | 25/64 done
  [step 54 t4] fired 39 (39 API calls)
    gen: 39 results in 30.9s (avg 544 tok/ep)
    sandbox: 105.7s | pass=0 fail=39 no_code=0 | 64/64 done
    g0: 6/8 solved, rewards=[2.15,2.15,2.15,2.15,0.84,2.15,0.94,2.15] TRAIN std=0.546
    g1: 0/8 solved, rewards=[0.37,0.14,0.05,0.16,0.91,0.48,0.46,0.16] TRAIN std=0.260
    g2: 2/8 solved, rewards=[2.35,1.87,0.21,0.97,1.04,0.64,1.26,2.15] TRAIN std=0.702
    g3: 6/8 solved, rewards=[2.15,2.15,2.15,0.40,2.15,2.15,2.15,0.40] TRAIN std=0.758
    g4: 0/8 solved, rewards=[0.00,0.00,0.00,0.00,0.00,0.26,0.00,0.00] TRAIN std=0.086
    g5: 1/8 solved, rewards=[1.30,1.30,1.40,2.07,1.20,2.15,1.30,1.23] TRAIN std=0.360
    g6: 2/8 solved, rewards=[0.39,0.59,0.39,2.15,0.52,1.04,0.39,2.15] TRAIN std=0.719
    g7: 8/8 solved, rewards=[2.15,2.15,2.15,2.15,2.15,2.15,2.15,2.15] SKIP
  [step 54] training: 174 datums, 242411 comp tokens
  [step 54] train done: loss=0.0013 in 17.0s
[step 54/200] solve=0.39 reward=1.23±0.86 loss=0.0013 turns=2.8 disc=229 mast=16 skip=1/8 t=755.2s
  [step 55 t1] fired 64 (8 API calls)
    gen: 64 results in 104.1s (avg 1708 tok/ep)
    sandbox: 118.4s | pass=39 fail=25 no_code=0 | 39/64 done
  [step 55 t2] fired 25 (25 API calls)
    gen: 25 results in 59.2s (avg 805 tok/ep)
    sandbox: 101.1s | pass=3 fail=22 no_code=0 | 42/64 done
  [step 55 t3] fired 22 (22 API calls)
    gen: 22 results in 25.8s (avg 468 tok/ep)
    sandbox: 100.8s | pass=1 fail=21 no_code=0 | 43/64 done
  [step 55 t4] fired 21 (21 API calls)
    gen: 21 results in 21.7s (avg 421 tok/ep)
    sandbox: 100.8s | pass=0 fail=21 no_code=0 | 64/64 done
    g0: 0/8 solved, rewards=[0.43,0.75,0.75,0.75,0.75,0.75,0.75,0.75] TRAIN std=0.106
    g1: 8/8 solved, rewards=[2.15,2.49,2.15,2.15,2.49,2.15,2.15,2.15] TRAIN std=0.148
    g2: 2/8 solved, rewards=[1.07,0.64,0.64,1.24,1.07,2.15,2.15,0.54] TRAIN std=0.602
    g3: 8/8 solved, rewards=[2.15,2.15,2.15,2.15,2.15,2.15,2.15,2.15] SKIP
    g4: 7/8 solved, rewards=[2.15,2.15,0.44,2.15,2.15,2.15,2.14,2.15] TRAIN std=0.563
    g5: 8/8 solved, rewards=[2.15,2.15,2.15,2.15,2.15,2.15,2.15,2.15] SKIP
    g6: 2/8 solved, rewards=[2.08,0.40,0.50,1.00,1.20,0.00,0.60,2.15] TRAIN std=0.734
    g7: 8/8 solved, rewards=[2.15,2.15,2.15,2.15,2.15,2.15,2.15,2.15] SKIP
  [step 55] training: 108 datums, 127140 comp tokens
  [step 55] train done: loss=-0.0009 in 18.7s
  [step 55] dumped 64 train trajectories to checkpoints/lcb_path_dep_lcbv5_s42/train_trajectories_step_0055.jsonl
[step 55/200] solve=0.67 reward=1.69±0.70 loss=-0.0009 turns=2.1 disc=233 mast=16 skip=3/8 t=651.6s
  [step 56 t1] fired 64 (8 API calls)
    gen: 64 results in 208.0s (avg 1995 tok/ep)
    sandbox: 135.8s | pass=24 fail=40 no_code=0 | 24/64 done
  [step 56 t2] fired 40 (40 API calls)
    gen: 40 results in 108.1s (avg 1288 tok/ep)
    sandbox: 110.6s | pass=2 fail=38 no_code=0 | 26/64 done
  [step 56 t3] fired 38 (38 API calls)
    gen: 38 results in 59.1s (avg 957 tok/ep)
    sandbox: 123.7s | pass=2 fail=36 no_code=0 | 28/64 done
  [step 56 t4] fired 36 (36 API calls)
    gen: 36 results in 65.1s (avg 725 tok/ep)
    sandbox: 120.6s | pass=0 fail=36 no_code=0 | 64/64 done
    g0: 2/8 solved, rewards=[1.21,1.73,2.36,1.24,2.38,2.44,2.03,2.26] TRAIN std=0.475
    g1: 0/8 solved, rewards=[1.43,1.18,1.18,1.18,1.18,1.18,1.18,1.18] TRAIN std=0.083
    g2: 8/8 solved, rewards=[2.15,2.15,2.15,2.15,2.15,2.15,2.15,2.15] SKIP
    g3: 0/8 solved, rewards=[0.00,0.31,0.00,0.35,0.16,0.85,0.00,0.41] TRAIN std=0.272
    g4: 1/8 solved, rewards=[2.07,1.40,2.07,2.52,1.40,1.00,1.90,1.57] TRAIN std=0.454
    g5: 8/8 solved, rewards=[2.15,2.15,2.15,2.15,2.15,2.15,2.15,2.15] SKIP
    g6: 8/8 solved, rewards=[2.15,2.15,2.15,2.15,2.15,2.15,2.15,2.15] SKIP
    g7: 1/8 solved, rewards=[0.19,1.42,2.16,0.88,0.38,2.02,1.92,2.31] TRAIN std=0.778
  [step 56] training: 154 datums, 222250 comp tokens
  [step 56] train done: loss=0.0032 in 13.3s
[step 56/200] solve=0.44 reward=1.63±0.72 loss=0.0032 turns=2.8 disc=234 mast=17 skip=3/8 t=945.8s
  [step 57 t1] fired 64 (8 API calls)
    gen: 64 results in 91.8s (avg 1157 tok/ep)
    sandbox: 49.0s | pass=41 fail=23 no_code=0 | 41/64 done
  [step 57 t2] fired 23 (23 API calls)
    gen: 23 results in 52.0s (avg 992 tok/ep)
    sandbox: 46.0s | pass=4 fail=19 no_code=0 | 45/64 done
  [step 57 t3] fired 19 (19 API calls)
    gen: 19 results in 75.5s (avg 776 tok/ep)
    sandbox: 45.3s | pass=1 fail=18 no_code=0 | 46/64 done
  [step 57 t4] fired 18 (18 API calls)
    gen: 18 results in 27.0s (avg 544 tok/ep)
    sandbox: 45.2s | pass=0 fail=18 no_code=0 | 64/64 done
    g0: 8/8 solved, rewards=[2.15,2.15,2.15,2.15,2.15,2.15,2.15,2.15] SKIP
    g1: 8/8 solved, rewards=[2.15,2.15,2.15,2.15,2.15,2.15,2.15,2.15] SKIP
    g2: 0/8 solved, rewards=[0.43,0.00,0.43,0.43,0.43,0.43,0.43,0.43] TRAIN std=0.142
    g3: 0/8 solved, rewards=[2.08,1.38,1.38,1.73,1.38,1.38,1.85,1.38] TRAIN std=0.259
    g4: 8/8 solved, rewards=[2.15,2.15,2.15,2.15,2.15,2.15,2.15,2.15] SKIP
    g5: 6/8 solved, rewards=[0.53,2.43,2.43,2.43,2.38,2.40,0.53,2.15] TRAIN std=0.801
    g6: 8/8 solved, rewards=[2.15,2.15,2.15,2.15,2.15,2.15,2.15,2.15] SKIP
    g7: 8/8 solved, rewards=[2.15,2.15,2.15,2.15,2.15,2.15,2.15,2.15] SKIP
  [step 57] training: 84 datums, 82547 comp tokens
  [step 57] train done: loss=0.0026 in 8.6s
[step 57/200] solve=0.72 reward=1.83±0.65 loss=0.0026 turns=1.9 disc=237 mast=19 skip=5/8 t=441.1s
  [step 58 t1] fired 64 (8 API calls)
    gen: 64 results in 124.0s (avg 1749 tok/ep)
    sandbox: 94.3s | pass=38 fail=26 no_code=0 | 38/64 done
  [step 58 t2] fired 26 (26 API calls)
    gen: 26 results in 53.9s (avg 1019 tok/ep)
    sandbox: 94.3s | pass=3 fail=23 no_code=0 | 41/64 done
  [step 58 t3] fired 23 (23 API calls)
    gen: 23 results in 42.7s (avg 729 tok/ep)
    sandbox: 94.3s | pass=0 fail=23 no_code=0 | 41/64 done
  [step 58 t4] fired 23 (23 API calls)
    gen: 23 results in 30.8s (avg 567 tok/ep)
    sandbox: 94.4s | pass=0 fail=23 no_code=0 | 64/64 done
    g0: 0/8 solved, rewards=[0.04,0.11,0.00,0.32,0.32,1.18,0.11,0.00] TRAIN std=0.368
    g1: 5/8 solved, rewards=[2.15,2.15,0.00,1.39,2.15,2.49,0.00,2.15] TRAIN std=0.946
    g2: 8/8 solved, rewards=[2.15,2.15,2.15,2.15,2.15,2.15,2.15,2.15] SKIP
    g3: 0/8 solved, rewards=[0.00,0.00,0.00,0.00,0.00,0.00,0.00,0.00] SKIP
    g4: 8/8 solved, rewards=[2.15,2.15,2.17,2.15,2.15,2.15,2.15,2.15] TRAIN std=0.006
    g5: 8/8 solved, rewards=[2.15,2.15,2.15,2.15,2.15,2.15,2.15,2.15] SKIP
    g6: 8/8 solved, rewards=[2.15,2.15,2.15,2.15,2.15,2.15,2.15,2.15] SKIP
    g7: 4/8 solved, rewards=[0.70,2.15,0.70,0.60,2.27,2.15,2.15,0.20] TRAIN std=0.828
  [step 58] training: 80 datums, 118410 comp tokens
  [step 58] train done: loss=0.0002 in 12.0s
[step 58/200] solve=0.64 reward=1.47±0.95 loss=0.0002 turns=2.1 disc=242 mast=19 skip=4/8 t=641.7s
  [step 59 t1] fired 64 (8 API calls)
    gen: 64 results in 188.2s (avg 1929 tok/ep)
    sandbox: 228.1s | pass=48 fail=16 no_code=0 | 48/64 done
  [step 59 t2] fired 16 (16 API calls)
    gen: 16 results in 67.9s (avg 1179 tok/ep)
    sandbox: 52.1s | pass=2 fail=14 no_code=0 | 50/64 done
  [step 59 t3] fired 14 (14 API calls)
    gen: 14 results in 54.4s (avg 816 tok/ep)
    sandbox: 50.5s | pass=1 fail=13 no_code=0 | 51/64 done
  [step 59 t4] fired 13 (13 API calls)
    gen: 13 results in 38.1s (avg 678 tok/ep)
    sandbox: 45.7s | pass=1 fail=12 no_code=0 | 64/64 done
    g0: 8/8 solved, rewards=[2.15,2.15,2.15,2.15,2.15,2.15,2.15,2.15] SKIP
    g1: 8/8 solved, rewards=[2.15,2.15,2.15,2.15,2.15,2.15,2.15,2.15] SKIP
    g2: 8/8 solved, rewards=[2.15,2.15,2.15,2.15,2.15,2.15,2.15,2.15] SKIP
    g3: 7/8 solved, rewards=[2.15,2.15,2.15,2.15,2.15,2.15,2.15,0.11] TRAIN std=0.676
    g4: 0/8 solved, rewards=[0.60,0.00,0.10,0.13,0.20,0.10,0.10,0.00] TRAIN std=0.179
    g5: 5/8 solved, rewards=[2.15,2.20,0.00,2.15,2.10,0.80,1.60,2.05] TRAIN std=0.759
    g6: 8/8 solved, rewards=[2.15,2.15,2.15,2.15,2.15,2.15,2.15,2.15] SKIP
    g7: 8/8 solved, rewards=[2.15,2.15,2.15,2.15,2.15,2.15,2.15,2.10] TRAIN std=0.017
  [step 59] training: 75 datums, 131424 comp tokens
  [step 59] train done: loss=0.0022 in 8.8s
[step 59/200] solve=0.81 reward=1.80±0.74 loss=0.0022 turns=1.7 disc=244 mast=20 skip=4/8 t=734.3s
  [step 60 t1] fired 64 (8 API calls)
    gen: 64 results in 152.2s (avg 1542 tok/ep)
    sandbox: 26.2s | pass=38 fail=26 no_code=0 | 38/64 done
  [step 60 t2] fired 26 (26 API calls)
    gen: 26 results in 196.8s (avg 1116 tok/ep)
    sandbox: 23.2s | pass=2 fail=24 no_code=0 | 40/64 done
  [step 60 t3] fired 24 (24 API calls)
    gen: 24 results in 168.0s (avg 982 tok/ep)
    sandbox: 22.5s | pass=1 fail=23 no_code=0 | 41/64 done
  [step 60 t4] fired 23 (23 API calls)
    gen: 23 results in 114.0s (avg 862 tok/ep)
    sandbox: 22.4s | pass=0 fail=23 no_code=0 | 64/64 done
    g0: 8/8 solved, rewards=[2.15,2.15,2.15,2.15,2.15,2.15,2.15,2.15] SKIP
    g1: 4/8 solved, rewards=[0.40,2.15,0.43,0.40,2.15,2.15,2.15,0.50] TRAIN std=0.859
    g2: 8/8 solved, rewards=[2.15,2.15,2.15,2.15,2.15,2.15,2.15,2.15] SKIP
    g3: 6/8 solved, rewards=[2.15,2.43,2.15,0.00,2.43,2.15,2.38,0.00] TRAIN std=0.996
    g4: 7/8 solved, rewards=[0.39,2.15,2.15,2.15,2.15,2.15,2.15,2.15] TRAIN std=0.582
    g5: 0/8 solved, rewards=[1.07,1.29,1.07,1.29,0.54,1.29,0.57,1.89] TRAIN std=0.406
    g6: 0/8 solved, rewards=[1.00,1.00,0.80,0.80,1.00,0.93,1.00,1.00] TRAIN std=0.085
    g7: 8/8 solved, rewards=[2.15,2.15,2.15,2.15,2.15,2.15,2.15,2.15] SKIP
  [step 60] training: 113 datums, 149604 comp tokens
  [step 60] train done: loss=0.0039 in 35.0s
  [step 60] dumped 64 train trajectories to checkpoints/lcb_path_dep_lcbv5_s42/train_trajectories_step_0060.jsonl
[step 60/200] solve=0.64 reward=1.68±0.70 loss=0.0039 turns=2.1 disc=247 mast=21 skip=3/8 t=761.1s
[lcb] Checkpoint: tinker://ed7b10ca-5483-524f-91b7-826786ac0120:train:0/weights/step_0060
[eval] Running on 20 problems...
[eval] step=60: 10/20 = 0.50
[eval] Trajectories saved to checkpoints/lcb_path_dep_lcbv5_s42/eval_trajectories_step_0060.jsonl
  [step 61 t1] fired 64 (8 API calls)
    gen: 64 results in 120.4s (avg 1267 tok/ep)
    sandbox: 32.9s | pass=45 fail=19 no_code=0 | 45/64 done
  [step 61 t2] fired 19 (19 API calls)
    gen: 19 results in 50.1s (avg 1100 tok/ep)
    sandbox: 31.0s | pass=3 fail=16 no_code=0 | 48/64 done
  [step 61 t3] fired 16 (16 API calls)
    gen: 16 results in 47.0s (avg 847 tok/ep)
    sandbox: 30.8s | pass=0 fail=16 no_code=0 | 48/64 done
  [step 61 t4] fired 16 (16 API calls)
    gen: 16 results in 53.5s (avg 578 tok/ep)
    sandbox: 30.9s | pass=0 fail=16 no_code=0 | 64/64 done
    g0: 8/8 solved, rewards=[2.15,2.15,2.15,2.15,2.15,2.15,2.42,2.15] TRAIN std=0.090
    g1: 2/8 solved, rewards=[0.30,2.15,2.33,2.15,0.80,1.07,0.80,2.26] TRAIN std=0.768
    g2: 6/8 solved, rewards=[1.31,2.15,2.15,1.31,2.54,2.15,2.15,2.15] TRAIN std=0.410
    g3: 8/8 solved, rewards=[2.15,2.15,2.15,2.15,2.15,2.15,2.15,2.15] SKIP
    g4: 0/8 solved, rewards=[2.10,0.40,0.80,0.90,0.80,0.96,0.60,0.80] TRAIN std=0.476
    g5: 8/8 solved, rewards=[2.15,2.15,2.15,2.15,2.15,2.21,2.15,2.15] TRAIN std=0.019
    g6: 8/8 solved, rewards=[2.15,2.15,2.15,2.15,2.15,2.15,2.15,2.15] SKIP
    g7: 8/8 solved, rewards=[2.15,2.15,2.15,2.15,2.15,2.15,2.15,2.15] SKIP
  [step 61] training: 91 datums, 108289 comp tokens
  [step 61] train done: loss=-0.0003 in 29.9s
[step 61/200] solve=0.75 reward=1.90±0.56 loss=-0.0003 turns=1.8 disc=250 mast=23 skip=3/8 t=427.2s
  [step 62 t1] fired 64 (8 API calls)
    gen: 64 results in 154.8s (avg 2270 tok/ep)
    sandbox: 37.4s | pass=29 fail=35 no_code=0 | 29/64 done
  [step 62 t2] fired 35 (35 API calls)
    gen: 35 results in 72.8s (avg 1143 tok/ep)
    sandbox: 34.2s | pass=3 fail=32 no_code=0 | 32/64 done
  [step 62 t3] fired 32 (32 API calls)
    gen: 32 results in 72.4s (avg 768 tok/ep)
    sandbox: 32.4s | pass=0 fail=32 no_code=0 | 32/64 done
  [step 62 t4] fired 32 (32 API calls)
    gen: 32 results in 31.1s (avg 578 tok/ep)
    sandbox: 34.7s | pass=0 fail=32 no_code=0 | 64/64 done
    g0: 7/8 solved, rewards=[2.15,2.15,0.75,2.15,2.35,2.35,2.15,2.35] TRAIN std=0.500
    g1: 0/8 solved, rewards=[0.00,0.00,0.53,0.03,0.83,0.00,0.00,0.00] TRAIN std=0.303
    g2: 0/8 solved, rewards=[1.10,1.10,1.00,1.10,1.10,1.10,1.10,1.10] TRAIN std=0.033
    g3: 8/8 solved, rewards=[2.15,2.15,2.15,2.15,2.15,2.15,2.15,2.15] SKIP
    g4: 8/8 solved, rewards=[2.15,2.15,2.15,2.15,2.15,2.15,2.15,2.15] SKIP
    g5: 0/8 solved, rewards=[0.94,0.94,0.94,0.75,0.94,0.94,0.94,0.94] TRAIN std=0.062
    g6: 7/8 solved, rewards=[2.15,2.15,2.15,0.00,2.15,2.15,2.15,2.15] TRAIN std=0.711
    g7: 2/8 solved, rewards=[2.15,0.60,0.90,0.90,0.93,2.15,0.90,1.23] TRAIN std=0.559
  [step 62] training: 147 datums, 216671 comp tokens
  [step 62] train done: loss=-0.0014 in 24.9s
[step 62/200] solve=0.50 reward=1.45±0.77 loss=-0.0014 turns=2.5 disc=254 mast=23 skip=2/8 t=496.3s
  [step 63 t1] fired 64 (8 API calls)
    gen: 64 results in 146.4s (avg 1918 tok/ep)
    sandbox: 509.6s | pass=24 fail=40 no_code=0 | 24/64 done
  [step 63 t2] fired 40 (40 API calls)
    gen: 40 results in 41.5s (avg 902 tok/ep)
    sandbox: 215.6s | pass=7 fail=33 no_code=0 | 31/64 done
  [step 63 t3] fired 33 (33 API calls)
    gen: 33 results in 84.0s (avg 702 tok/ep)
    sandbox: 74.9s | pass=1 fail=32 no_code=0 | 32/64 done
  [step 63 t4] fired 32 (32 API calls)
    gen: 32 results in 33.0s (avg 468 tok/ep)
    sandbox: 76.1s | pass=1 fail=31 no_code=0 | 64/64 done
    g0: 0/8 solved, rewards=[0.87,0.48,0.65,1.02,0.48,0.48,0.48,1.24] TRAIN std=0.276
    g1: 8/8 solved, rewards=[2.15,2.15,2.15,2.15,2.15,2.15,2.15,2.15] SKIP
    g2: 0/8 solved, rewards=[0.23,0.33,0.33,0.33,0.11,0.11,0.33,0.33] TRAIN std=0.095
    g3: 7/8 solved, rewards=[2.59,2.54,3.49,2.59,0.60,2.59,2.59,2.15] TRAIN std=0.763
    g4: 2/8 solved, rewards=[2.15,1.89,1.75,2.15,0.83,0.32,0.32,2.11] TRAIN std=0.761
    g5: 8/8 solved, rewards=[2.15,2.50,2.15,2.40,2.15,2.15,2.50,2.15] TRAIN std=0.156
    g6: 0/8 solved, rewards=[0.29,0.29,0.29,0.29,0.29,0.29,0.29,0.29] SKIP
    g7: 8/8 solved, rewards=[2.15,2.15,2.15,2.15,2.15,2.15,2.15,2.15] SKIP
  [step 63] training: 121 datums, 165407 comp tokens
  [step 63] train done: loss=-0.0045 in 36.4s
[step 63/200] solve=0.52 reward=1.46±0.94 loss=-0.0045 turns=2.6 disc=255 mast=24 skip=3/8 t=1219.2s
  [step 64 t1] fired 64 (8 API calls)
    gen: 64 results in 114.1s (avg 1406 tok/ep)
    sandbox: 112.1s | pass=33 fail=31 no_code=0 | 33/64 done
  [step 64 t2] fired 31 (31 API calls)
    gen: 31 results in 32.5s (avg 687 tok/ep)
    sandbox: 97.1s | pass=12 fail=19 no_code=0 | 45/64 done
  [step 64 t3] fired 19 (19 API calls)
    gen: 19 results in 31.7s (avg 495 tok/ep)
    sandbox: 94.5s | pass=0 fail=19 no_code=0 | 45/64 done
  [step 64 t4] fired 19 (19 API calls)
    gen: 19 results in 35.7s (avg 458 tok/ep)
    sandbox: 94.6s | pass=0 fail=19 no_code=0 | 64/64 done
    g0: 8/8 solved, rewards=[2.15,2.15,2.15,2.15,2.15,2.15,2.15,2.15] SKIP
    g1: 8/8 solved, rewards=[2.15,2.15,2.15,2.15,2.15,2.15,2.15,2.15] SKIP
    g2: 8/8 solved, rewards=[2.15,2.15,2.15,2.15,2.15,2.15,2.15,2.15] SKIP
    g3: 0/8 solved, rewards=[0.53,0.53,0.53,0.53,0.53,0.53,0.53,0.53] SKIP
    g4: 8/8 solved, rewards=[2.51,2.55,2.24,2.55,2.55,2.15,2.51,2.46] TRAIN std=0.148
    g5: 0/8 solved, rewards=[0.00,0.00,0.00,0.00,0.00,0.00,0.00,0.00] SKIP
    g6: 5/8 solved, rewards=[0.00,2.10,2.10,2.10,2.10,2.10,0.00,0.14] TRAIN std=0.996
    g7: 8/8 solved, rewards=[2.15,2.15,2.15,2.15,2.15,2.15,2.15,2.15] SKIP
  [step 64] training: 37 datums, 44548 comp tokens
  [step 64] train done: loss=-0.0003 in 11.9s
[step 64/200] solve=0.70 reward=1.61±0.92 loss=-0.0003 turns=2.1 disc=260 mast=24 skip=6/8 t=624.8s
  [step 65 t1] fired 64 (8 API calls)
    gen: 64 results in 67.4s (avg 1133 tok/ep)
    sandbox: 19.2s | pass=52 fail=12 no_code=0 | 52/64 done
  [step 65 t2] fired 12 (12 API calls)
    gen: 12 results in 58.2s (avg 1526 tok/ep)
    sandbox: 108.8s | pass=0 fail=12 no_code=0 | 52/64 done
  [step 65 t3] fired 12 (12 API calls)
    gen: 12 results in 35.1s (avg 1019 tok/ep)
    sandbox: 108.2s | pass=0 fail=12 no_code=0 | 52/64 done
  [step 65 t4] fired 12 (12 API calls)
    gen: 12 results in 39.8s (avg 912 tok/ep)
    sandbox: 107.1s | pass=0 fail=12 no_code=0 | 64/64 done
    g0: 0/8 solved, rewards=[0.34,0.37,0.13,0.34,1.00,1.98,1.65,0.34] TRAIN std=0.655
    g1: 8/8 solved, rewards=[2.15,2.15,2.15,2.15,2.15,2.15,2.15,2.15] SKIP
    g2: 4/8 solved, rewards=[0.43,0.43,0.43,2.15,2.15,2.15,2.15,0.43] TRAIN std=0.861
    g3: 8/8 solved, rewards=[2.15,2.15,2.15,2.15,2.15,2.15,2.15,2.15] SKIP
    g4: 8/8 solved, rewards=[2.15,2.15,2.15,2.15,2.15,2.15,2.15,2.15] SKIP
    g5: 8/8 solved, rewards=[2.15,2.15,2.15,2.15,2.15,2.15,2.15,2.15] SKIP
    g6: 8/8 solved, rewards=[2.15,2.15,2.15,2.15,2.15,2.15,2.15,2.15] SKIP
    g7: 8/8 solved, rewards=[2.15,2.15,2.15,2.15,2.15,2.15,2.15,2.15] SKIP
  [step 65] training: 52 datums, 74224 comp tokens
  [step 65] train done: loss=-0.0032 in 8.5s
  [step 65] dumped 64 train trajectories to checkpoints/lcb_path_dep_lcbv5_s42/train_trajectories_step_0065.jsonl
[step 65/200] solve=0.81 reward=1.87±0.63 loss=-0.0032 turns=1.6 disc=264 mast=25 skip=6/8 t=552.7s
  [step 66 t1] fired 64 (8 API calls)
    gen: 64 results in 221.9s (avg 2038 tok/ep)
    sandbox: 27.9s | pass=48 fail=16 no_code=0 | 48/64 done
  [step 66 t2] fired 16 (16 API calls)
    gen: 16 results in 63.5s (avg 1307 tok/ep)
    sandbox: 9.6s | pass=0 fail=16 no_code=0 | 48/64 done
  [step 66 t3] fired 16 (16 API calls)
    gen: 16 results in 49.3s (avg 958 tok/ep)
    sandbox: 9.7s | pass=0 fail=16 no_code=0 | 48/64 done
  [step 66 t4] fired 16 (16 API calls)
    gen: 16 results in 27.7s (avg 695 tok/ep)
    sandbox: 9.7s | pass=0 fail=16 no_code=0 | 64/64 done
    g0: 8/8 solved, rewards=[2.15,2.15,2.15,2.15,2.15,2.15,2.15,2.15] SKIP
    g1: 8/8 solved, rewards=[2.15,2.15,2.15,2.15,2.15,2.15,2.15,2.15] SKIP
    g2: 8/8 solved, rewards=[2.15,2.15,2.15,2.15,2.15,2.15,2.15,2.15] SKIP
    g3: 0/8 solved, rewards=[0.00,0.00,0.60,0.60,0.20,0.00,0.10,0.60] TRAIN std=0.269
    g4: 8/8 solved, rewards=[2.15,2.15,2.15,2.15,2.15,2.15,2.15,2.15] SKIP
    g5: 8/8 solved, rewards=[2.15,2.15,2.15,2.15,2.15,2.15,2.15,2.15] SKIP
    g6: 0/8 solved, rewards=[1.11,0.35,1.39,1.39,0.84,1.67,0.92,0.92] TRAIN std=0.385
    g7: 8/8 solved, rewards=[2.15,2.15,2.15,2.15,2.15,2.15,2.15,2.15] SKIP
  [step 66] training: 64 datums, 115141 comp tokens
  [step 66] train done: loss=-0.0001 in 14.6s
[step 66/200] solve=0.75 reward=1.78±0.69 loss=-0.0001 turns=1.8 disc=268 mast=25 skip=6/8 t=434.7s
  [step 67 t1] fired 64 (8 API calls)
    gen: 64 results in 130.4s (avg 1616 tok/ep)
    sandbox: 102.7s | pass=42 fail=22 no_code=0 | 42/64 done
  [step 67 t2] fired 22 (22 API calls)
    gen: 22 results in 47.1s (avg 1150 tok/ep)
    sandbox: 101.1s | pass=0 fail=22 no_code=0 | 42/64 done
  [step 67 t3] fired 22 (22 API calls)
    gen: 22 results in 37.7s (avg 712 tok/ep)
    sandbox: 101.2s | pass=0 fail=22 no_code=0 | 42/64 done
  [step 67 t4] fired 22 (22 API calls)
    gen: 22 results in 41.3s (avg 629 tok/ep)
    sandbox: 101.2s | pass=0 fail=22 no_code=0 | 64/64 done
    g0: 8/8 solved, rewards=[2.15,2.15,2.15,2.15,2.15,2.15,2.15,2.15] SKIP
    g1: 8/8 solved, rewards=[2.15,2.15,2.15,2.15,2.15,2.15,2.15,2.15] SKIP
    g2: 0/8 solved, rewards=[0.20,0.07,0.13,0.60,0.40,0.53,0.40,0.17] TRAIN std=0.185
    g3: 8/8 solved, rewards=[2.15,2.15,2.15,2.15,2.15,2.15,2.15,2.15] SKIP
    g4: 8/8 solved, rewards=[2.15,2.15,2.15,2.15,2.15,2.15,2.15,2.15] SKIP
    g5: 1/8 solved, rewards=[0.00,0.00,0.00,0.00,0.00,0.00,2.15,0.00] TRAIN std=0.711
    g6: 8/8 solved, rewards=[2.15,2.15,2.15,2.15,2.15,2.15,2.15,2.15] SKIP
    g7: 1/8 solved, rewards=[1.50,2.15,0.50,0.80,1.86,1.50,1.62,0.50] TRAIN std=0.586
  [step 67] training: 90 datums, 128748 comp tokens
  [step 67] train done: loss=-0.0144 in 31.7s
[step 67/200] solve=0.66 reward=1.58±0.86 loss=-0.0144 turns=2.0 disc=272 mast=26 skip=5/8 t=695.2s
  [step 68 t1] fired 64 (8 API calls)
    gen: 64 results in 175.8s (avg 1849 tok/ep)
    sandbox: 94.4s | pass=33 fail=31 no_code=0 | 33/64 done
  [step 68 t2] fired 31 (31 API calls)
    gen: 31 results in 66.1s (avg 992 tok/ep)
    sandbox: 94.6s | pass=6 fail=25 no_code=0 | 39/64 done
  [step 68 t3] fired 25 (25 API calls)
    gen: 25 results in 71.5s (avg 788 tok/ep)
    sandbox: 100.5s | pass=1 fail=24 no_code=0 | 40/64 done
  [step 68 t4] fired 24 (24 API calls)
    gen: 24 results in 57.4s (avg 539 tok/ep)
    sandbox: 100.5s | pass=1 fail=23 no_code=0 | 64/64 done
    g0: 2/8 solved, rewards=[2.10,0.00,0.64,2.31,0.43,0.64,0.00,0.21] TRAIN std=0.851
    g1: 8/8 solved, rewards=[2.15,2.15,2.15,2.15,2.15,2.15,2.15,2.15] SKIP
    g2: 8/8 solved, rewards=[2.15,2.15,2.15,2.15,2.15,2.15,2.15,2.15] SKIP
    g3: 0/8 solved, rewards=[0.27,0.60,0.00,0.00,0.70,1.03,0.30,0.80] TRAIN std=0.355
    g4: 0/8 solved, rewards=[0.21,0.21,0.21,0.21,0.21,0.21,0.21,0.21] SKIP
    g5: 7/8 solved, rewards=[2.15,2.15,2.15,2.15,2.15,2.15,2.25,0.07] TRAIN std=0.695
    g6: 8/8 solved, rewards=[2.39,2.15,2.15,2.49,2.15,2.49,2.49,2.44] TRAIN std=0.155
    g7: 8/8 solved, rewards=[2.15,2.15,2.15,2.15,2.15,2.15,2.15,2.15] SKIP
  [step 68] training: 88 datums, 132751 comp tokens
  [step 68] train done: loss=0.0007 in 21.6s
[step 68/200] solve=0.64 reward=1.52±0.92 loss=0.0007 turns=2.2 disc=275 mast=26 skip=4/8 t=783.4s
  [step 69 t1] fired 64 (8 API calls)
    gen: 64 results in 195.0s (avg 1729 tok/ep)
    sandbox: 79.0s | pass=38 fail=26 no_code=0 | 38/64 done
  [step 69 t2] fired 26 (26 API calls)
    gen: 26 results in 127.8s (avg 1207 tok/ep)
    sandbox: 79.1s | pass=5 fail=21 no_code=0 | 43/64 done
  [step 69 t3] fired 21 (21 API calls)
    gen: 21 results in 89.4s (avg 944 tok/ep)
    sandbox: 78.4s | pass=0 fail=21 no_code=0 | 43/64 done
  [step 69 t4] fired 21 (21 API calls)
    gen: 21 results in 99.4s (avg 836 tok/ep)
    sandbox: 94.0s | pass=0 fail=21 no_code=0 | 64/64 done
    g0: 4/8 solved, rewards=[2.15,2.33,2.15,0.90,2.33,0.70,0.63,0.70] TRAIN std=0.760
    g1: 0/8 solved, rewards=[0.76,0.53,0.66,0.46,0.64,0.69,0.30,0.21] TRAIN std=0.182
    g2: 7/8 solved, rewards=[2.15,0.70,2.15,2.15,2.15,2.15,2.15,2.15] TRAIN std=0.480
    g3: 8/8 solved, rewards=[2.15,2.15,2.15,2.15,2.15,2.15,2.15,2.15] SKIP
    g4: 8/8 solved, rewards=[2.15,2.15,2.15,2.47,2.15,2.15,2.15,2.15] TRAIN std=0.106
    g5: 8/8 solved, rewards=[2.50,2.15,2.15,2.15,2.15,2.15,2.15,2.53] TRAIN std=0.159
    g6: 8/8 solved, rewards=[2.15,2.15,2.15,2.15,2.15,2.15,2.15,2.15] SKIP
    g7: 0/8 solved, rewards=[1.14,1.20,1.07,1.13,0.75,1.07,0.64,1.07] TRAIN std=0.188
  [step 69] training: 116 datums, 168675 comp tokens
  [step 69] train done: loss=0.0004 in 25.0s
[step 69/200] solve=0.67 reward=1.72±0.69 loss=0.0004 turns=2.1 disc=277 mast=28 skip=2/8 t=868.0s
  [step 70 t1] fired 64 (8 API calls)
    gen: 64 results in 86.1s (avg 1207 tok/ep)
    sandbox: 28.4s | pass=45 fail=19 no_code=0 | 45/64 done
  [step 70 t2] fired 19 (19 API calls)
    gen: 19 results in 69.0s (avg 858 tok/ep)
    sandbox: 27.4s | pass=1 fail=18 no_code=0 | 46/64 done
  [step 70 t3] fired 18 (18 API calls)
    gen: 18 results in 43.5s (avg 811 tok/ep)
    sandbox: 25.3s | pass=0 fail=18 no_code=0 | 46/64 done
  [step 70 t4] fired 18 (18 API calls)
    gen: 18 results in 54.0s (avg 582 tok/ep)
    sandbox: 62.9s | pass=0 fail=18 no_code=0 | 64/64 done
    g0: 8/8 solved, rewards=[2.15,2.15,2.15,2.15,2.15,2.15,2.15,2.15] SKIP
    g1: 8/8 solved, rewards=[2.15,2.15,2.15,2.15,2.15,2.15,2.15,2.15] SKIP
    g2: 3/8 solved, rewards=[2.15,0.21,2.15,0.21,0.00,0.00,2.15,0.62] TRAIN std=0.956
    g3: 3/8 solved, rewards=[2.15,1.26,1.01,2.15,1.26,2.52,0.85,1.26] TRAIN std=0.580
    g4: 8/8 solved, rewards=[2.15,2.15,2.15,2.15,2.15,2.15,2.15,2.15] SKIP
    g5: 8/8 solved, rewards=[2.15,2.15,2.15,2.15,2.15,2.15,2.15,2.15] SKIP
    g6: 0/8 solved, rewards=[1.45,1.45,1.92,1.31,1.42,1.95,1.45,1.42] TRAIN std=0.229
    g7: 8/8 solved, rewards=[2.15,2.15,2.15,2.15,2.15,2.15,2.15,2.15] SKIP
  [step 70] training: 79 datums, 81971 comp tokens
  [step 70] train done: loss=0.0054 in 27.9s
  [step 70] dumped 64 train trajectories to checkpoints/lcb_path_dep_lcbv5_s42/train_trajectories_step_0070.jsonl
[step 70/200] solve=0.72 reward=1.85±0.59 loss=0.0054 turns=1.9 disc=283 mast=28 skip=5/8 t=424.9s
[eval] Running on 20 problems...
[eval] step=70: 11/20 = 0.55
[eval] Trajectories saved to checkpoints/lcb_path_dep_lcbv5_s42/eval_trajectories_step_0070.jsonl
  [step 71 t1] fired 64 (8 API calls)
    gen: 64 results in 510.8s (avg 1710 tok/ep)
    sandbox: 244.1s | pass=32 fail=32 no_code=0 | 32/64 done
  [step 71 t2] fired 32 (32 API calls)
    gen: 32 results in 55.2s (avg 1063 tok/ep)
    sandbox: 242.9s | pass=10 fail=22 no_code=0 | 42/64 done
  [step 71 t3] fired 22 (22 API calls)
    gen: 22 results in 45.3s (avg 741 tok/ep)
    sandbox: 26.8s | pass=0 fail=22 no_code=0 | 42/64 done
  [step 71 t4] fired 22 (22 API calls)
    gen: 22 results in 62.1s (avg 777 tok/ep)
    sandbox: 239.4s | pass=0 fail=22 no_code=0 | 64/64 done
    g0: 0/8 solved, rewards=[0.94,0.94,0.94,1.74,0.94,1.74,1.61,3.47] TRAIN std=0.811
    g1: 4/8 solved, rewards=[0.06,2.15,0.14,2.15,2.15,0.12,2.56,1.07] TRAIN std=1.005
    g2: 8/8 solved, rewards=[2.15,2.15,2.15,2.15,2.15,2.15,2.15,2.15] SKIP
    g3: 2/8 solved, rewards=[1.10,2.23,2.10,0.70,2.20,2.10,2.15,1.60] TRAIN std=0.546
    g4: 7/8 solved, rewards=[2.10,2.10,2.10,2.15,2.10,2.10,1.31,2.10] TRAIN std=0.266
    g5: 8/8 solved, rewards=[2.15,2.15,2.15,2.15,2.15,2.15,2.15,2.15] SKIP
    g6: 8/8 solved, rewards=[2.10,2.15,2.15,2.15,2.15,2.15,2.15,2.15] TRAIN std=0.017
    g7: 5/8 solved, rewards=[2.19,2.15,2.15,2.15,2.15,1.89,2.56,1.82] TRAIN std=0.208
  [step 71] training: 124 datums, 156740 comp tokens
  [step 71] train done: loss=0.0413 in 74.3s
[step 71/200] solve=0.66 reward=1.90±0.60 loss=0.0413 turns=2.2 disc=284 mast=30 skip=2/8 t=1501.6s
  [step 72 t1] fired 64 (8 API calls)
    gen: 64 results in 120.1s (avg 1481 tok/ep)
    sandbox: 57.7s | pass=42 fail=22 no_code=0 | 42/64 done
  [step 72 t2] fired 22 (22 API calls)
    gen: 22 results in 164.0s (avg 1059 tok/ep)
    sandbox: 40.2s | pass=2 fail=20 no_code=0 | 44/64 done
  [step 72 t3] fired 20 (20 API calls)
    gen: 20 results in 59.8s (avg 705 tok/ep)
    sandbox: 55.9s | pass=0 fail=20 no_code=0 | 44/64 done
  [step 72 t4] fired 20 (20 API calls)
    gen: 20 results in 35.1s (avg 648 tok/ep)
    sandbox: 55.7s | pass=0 fail=20 no_code=0 | 64/64 done
    g0: 8/8 solved, rewards=[2.15,2.15,2.15,2.15,2.15,2.15,2.15,2.15] SKIP
    g1: 8/8 solved, rewards=[2.15,2.15,2.15,2.15,2.15,2.15,2.15,2.15] SKIP
    g2: 8/8 solved, rewards=[2.15,2.15,2.15,2.15,2.15,2.15,2.15,2.15] SKIP
    g3: 8/8 solved, rewards=[2.15,2.15,2.15,2.15,2.15,2.15,2.15,2.15] SKIP
    g4: 8/8 solved, rewards=[2.15,2.15,2.15,2.15,2.15,2.15,2.15,2.15] SKIP
    g5: 1/8 solved, rewards=[0.32,0.00,0.32,2.21,0.11,0.41,0.00,0.00] TRAIN std=0.693
    g6: 3/8 solved, rewards=[1.24,0.21,0.39,0.21,2.24,2.15,0.64,2.15] TRAIN std=0.850
    g7: 0/8 solved, rewards=[0.90,0.90,0.90,0.80,1.36,0.90,1.40,1.20] TRAIN std=0.221
  [step 72] training: 86 datums, 110741 comp tokens
  [step 72] train done: loss=-0.0004 in 9.1s
[step 72/200] solve=0.69 reward=1.67±0.76 loss=-0.0004 turns=2.0 disc=287 mast=33 skip=5/8 t=598.3s
  [step 73 t1] fired 64 (8 API calls)
    gen: 64 results in 111.8s (avg 1549 tok/ep)
    sandbox: 233.3s | pass=36 fail=28 no_code=0 | 36/64 done
  [step 73 t2] fired 28 (28 API calls)
    gen: 28 results in 127.1s (avg 1053 tok/ep)
    sandbox: 233.5s | pass=4 fail=24 no_code=0 | 40/64 done
  [step 73 t3] fired 24 (24 API calls)
    gen: 24 results in 107.6s (avg 783 tok/ep)
    sandbox: 233.5s | pass=1 fail=23 no_code=0 | 41/64 done
  [step 73 t4] fired 23 (23 API calls)
    gen: 23 results in 30.2s (avg 492 tok/ep)
    sandbox: 233.7s | pass=0 fail=23 no_code=0 | 64/64 done
    g0: 7/8 solved, rewards=[2.15,0.57,2.15,2.15,2.15,2.46,2.15,2.15] TRAIN std=0.546
    g1: 8/8 solved, rewards=[2.15,2.15,2.15,2.15,2.15,2.15,2.15,2.15] SKIP
    g2: 8/8 solved, rewards=[2.15,2.15,2.15,2.15,2.15,2.15,2.15,2.15] SKIP
    g3: 0/8 solved, rewards=[0.00,0.00,0.00,0.00,0.00,0.00,0.00,0.00] SKIP
    g4: 4/8 solved, rewards=[2.15,2.10,2.15,1.31,1.03,2.39,2.15,1.34] TRAIN std=0.481
    g5: 8/8 solved, rewards=[2.15,2.15,2.15,2.15,2.15,2.15,2.15,2.15] SKIP
    g6: 6/8 solved, rewards=[2.35,0.53,2.43,1.47,2.43,2.15,2.15,2.15] TRAIN std=0.611
    g7: 0/8 solved, rewards=[1.10,1.30,0.97,1.10,1.10,1.10,2.17,1.10] TRAIN std=0.360
  [step 73] training: 83 datums, 105534 comp tokens
  [step 73] train done: loss=0.0006 in 6.8s
[step 73/200] solve=0.64 reward=1.68±0.78 loss=0.0006 turns=2.2 disc=288 mast=34 skip=4/8 t=1318.2s
  [step 74 t1] fired 64 (8 API calls)
    gen: 64 results in 76.0s (avg 1015 tok/ep)
    sandbox: 52.8s | pass=47 fail=17 no_code=0 | 47/64 done
  [step 74 t2] fired 17 (17 API calls)
    gen: 17 results in 60.0s (avg 890 tok/ep)
    sandbox: 51.0s | pass=1 fail=16 no_code=0 | 48/64 done
  [step 74 t3] fired 16 (16 API calls)
    gen: 16 results in 39.8s (avg 625 tok/ep)
    sandbox: 51.3s | pass=0 fail=16 no_code=0 | 48/64 done
  [step 74 t4] fired 16 (16 API calls)
    gen: 16 results in 44.8s (avg 564 tok/ep)
    sandbox: 50.9s | pass=0 fail=16 no_code=0 | 64/64 done
    g0: 8/8 solved, rewards=[2.15,2.15,2.15,2.15,2.10,2.15,2.15,2.15] TRAIN std=0.017
    g1: 8/8 solved, rewards=[2.15,2.15,2.15,2.15,2.15,2.15,2.15,2.15] SKIP
    g2: 8/8 solved, rewards=[2.15,2.15,2.15,2.15,2.15,2.15,2.15,2.15] SKIP
    g3: 8/8 solved, rewards=[2.15,2.15,2.15,2.15,2.15,2.15,2.15,2.15] SKIP
    g4: 0/8 solved, rewards=[0.21,0.04,0.11,0.11,0.11,0.11,0.18,0.21] TRAIN std=0.059
    g5: 0/8 solved, rewards=[0.40,0.60,0.50,0.60,0.43,0.50,0.40,0.40] TRAIN std=0.080
    g6: 8/8 solved, rewards=[2.15,2.15,2.15,2.15,2.15,2.15,2.15,2.15] SKIP
    g7: 8/8 solved, rewards=[2.15,2.15,2.15,2.15,2.15,2.15,2.15,2.15] SKIP
  [step 74] training: 73 datums, 65972 comp tokens
  [step 74] train done: loss=-0.0014 in 6.5s
[step 74/200] solve=0.75 reward=1.69±0.80 loss=-0.0014 turns=1.8 disc=292 mast=34 skip=5/8 t=433.6s
  [step 75 t1] fired 64 (8 API calls)
    gen: 64 results in 89.6s (avg 1132 tok/ep)
    sandbox: 94.9s | pass=47 fail=17 no_code=0 | 47/64 done
  [step 75 t2] fired 17 (17 API calls)
    gen: 17 results in 302.5s (avg 752 tok/ep)
    sandbox: 5.4s | pass=1 fail=16 no_code=0 | 48/64 done
  [step 75 t3] fired 16 (16 API calls)
    gen: 16 results in 21.3s (avg 531 tok/ep)
    sandbox: 3.2s | pass=1 fail=15 no_code=0 | 49/64 done
  [step 75 t4] fired 15 (15 API calls)
    gen: 15 results in 11.6s (avg 430 tok/ep)
    sandbox: 3.7s | pass=1 fail=14 no_code=0 | 64/64 done
    g0: 8/8 solved, rewards=[2.15,2.15,2.15,2.15,2.15,2.15,2.15,2.15] SKIP
    g1: 0/8 solved, rewards=[0.71,0.53,0.53,0.53,0.53,0.53,0.53,0.53] TRAIN std=0.062
    g2: 8/8 solved, rewards=[2.15,2.15,2.15,2.15,2.15,2.15,2.15,2.15] SKIP
    g3: 3/8 solved, rewards=[0.00,0.00,0.32,0.00,2.10,2.04,2.44,0.00] TRAIN std=1.041
    g4: 8/8 solved, rewards=[2.15,2.15,2.15,2.15,2.15,2.15,2.15,2.15] SKIP
    g5: 8/8 solved, rewards=[2.15,2.15,2.15,2.15,2.15,2.15,2.15,2.15] SKIP
    g6: 7/8 solved, rewards=[0.50,2.15,2.15,2.15,2.15,2.15,2.15,2.15] TRAIN std=0.546
    g7: 8/8 solved, rewards=[2.15,2.15,2.15,2.15,2.15,2.15,2.15,2.15] SKIP
  [step 75] training: 72 datums, 65456 comp tokens
  [step 75] train done: loss=0.0007 in 5.8s
  [step 75] dumped 64 train trajectories to checkpoints/lcb_path_dep_lcbv5_s42/train_trajectories_step_0075.jsonl
[step 75/200] solve=0.78 reward=1.76±0.75 loss=0.0007 turns=1.8 disc=295 mast=36 skip=5/8 t=538.5s
  [step 76 t1] fired 64 (8 API calls)
    gen: 64 results in 157.9s (avg 1944 tok/ep)
    sandbox: 176.5s | pass=27 fail=37 no_code=0 | 27/64 done
  [step 76 t2] fired 37 (37 API calls)
    gen: 37 results in 63.7s (avg 977 tok/ep)
    sandbox: 175.7s | pass=4 fail=33 no_code=0 | 31/64 done
  [step 76 t3] fired 33 (33 API calls)
    gen: 33 results in 44.1s (avg 673 tok/ep)
    sandbox: 162.9s | pass=3 fail=30 no_code=0 | 34/64 done
  [step 76 t4] fired 30 (30 API calls)
    gen: 30 results in 59.4s (avg 542 tok/ep)
    sandbox: 57.9s | pass=0 fail=30 no_code=0 | 64/64 done
    g0: 8/8 solved, rewards=[2.15,2.15,2.15,2.15,2.15,2.15,2.15,2.15] SKIP
    g1: 2/8 solved, rewards=[0.32,0.07,0.00,0.32,0.00,2.44,0.32,2.49] TRAIN std=1.002
    g2: 8/8 solved, rewards=[2.53,2.15,2.15,2.15,2.15,2.15,2.15,2.15] TRAIN std=0.125
    g3: 8/8 solved, rewards=[2.05,2.15,2.15,2.15,2.10,2.15,2.10,2.15] TRAIN std=0.035
    g4: 0/8 solved, rewards=[1.40,1.40,1.40,0.68,0.63,1.40,1.40,1.40] TRAIN std=0.325
    g5: 8/8 solved, rewards=[2.15,2.15,2.48,2.15,2.15,2.15,2.15,2.15] TRAIN std=0.109
    g6: 0/8 solved, rewards=[0.00,0.00,0.00,0.00,0.00,0.00,0.00,0.00] SKIP
    g7: 0/8 solved, rewards=[0.10,0.33,0.13,0.20,0.27,0.10,0.13,0.10] TRAIN std=0.082
  [step 76] training: 124 datums, 133859 comp tokens
  [step 76] train done: loss=-0.0001 in 9.8s
[step 76/200] solve=0.53 reward=1.35±0.96 loss=-0.0001 turns=2.6 disc=297 mast=36 skip=2/8 t=909.1s
  [step 77 t1] fired 64 (8 API calls)
    gen: 64 results in 998.2s (avg 1982 tok/ep)
    sandbox: 65.3s | pass=26 fail=38 no_code=0 | 26/64 done
  [step 77 t2] fired 38 (38 API calls)
    gen: 38 results in 165.5s (avg 1207 tok/ep)
    sandbox: 235.7s | pass=6 fail=32 no_code=0 | 32/64 done
  [step 77 t3] fired 32 (32 API calls)
    gen: 32 results in 53.4s (avg 968 tok/ep)
    sandbox: 60.5s | pass=3 fail=29 no_code=0 | 35/64 done
  [step 77 t4] fired 29 (29 API calls)
    gen: 29 results in 53.0s (avg 690 tok/ep)
    sandbox: 60.3s | pass=0 fail=29 no_code=0 | 64/64 done
    g0: 5/8 solved, rewards=[2.17,0.37,2.15,0.52,2.15,0.32,2.17,2.15] TRAIN std=0.851
    g1: 1/8 solved, rewards=[0.80,0.33,0.40,0.40,0.40,2.23,0.40,0.40] TRAIN std=0.606
    g2: 0/8 solved, rewards=[0.67,1.62,1.25,1.25,1.25,1.96,1.00,1.25] TRAIN std=0.360
    g3: 8/8 solved, rewards=[2.15,2.15,2.15,2.15,2.15,2.15,2.15,2.15] SKIP
    g4: 8/8 solved, rewards=[2.15,2.46,2.15,2.15,2.15,2.51,2.15,2.15] TRAIN std=0.147
    g5: 4/8 solved, rewards=[2.13,0.11,0.08,0.08,0.08,2.15,2.08,2.15] TRAIN std=1.019
    g6: 8/8 solved, rewards=[2.15,2.15,2.15,2.15,2.15,2.15,2.15,2.21] TRAIN std=0.020
    g7: 1/8 solved, rewards=[0.87,0.92,1.74,0.50,2.93,1.03,0.84,1.85] TRAIN std=0.743
  [step 77] training: 155 datums, 218501 comp tokens
  [step 77] train done: loss=0.0013 in 16.2s
[step 77/200] solve=0.55 reward=1.55±0.80 loss=0.0013 turns=2.5 disc=302 mast=36 skip=1/8 t=1709.4s
  [step 78 t1] fired 64 (8 API calls)
    gen: 64 results in 449.8s (avg 1753 tok/ep)
    sandbox: 77.9s | pass=39 fail=25 no_code=0 | 39/64 done
  [step 78 t2] fired 25 (25 API calls)
    gen: 25 results in 182.8s (avg 1315 tok/ep)
    sandbox: 77.4s | pass=0 fail=25 no_code=0 | 39/64 done
  [step 78 t3] fired 25 (25 API calls)
    gen: 25 results in 79.9s (avg 808 tok/ep)
    sandbox: 77.5s | pass=0 fail=25 no_code=0 | 39/64 done
  [step 78 t4] fired 25 (25 API calls)
    gen: 25 results in 32.9s (avg 580 tok/ep)
    sandbox: 77.8s | pass=0 fail=25 no_code=0 | 64/64 done
    g0: 8/8 solved, rewards=[2.15,2.15,2.15,2.15,2.15,2.15,2.15,2.15] SKIP
    g1: 8/8 solved, rewards=[2.15,2.15,2.15,2.15,2.15,2.15,2.15,2.15] SKIP
    g2: 0/8 solved, rewards=[0.26,0.76,0.66,0.67,0.26,1.04,0.26,0.46] TRAIN std=0.267
    g3: 0/8 solved, rewards=[0.33,0.00,0.23,0.40,0.33,0.00,0.27,0.40] TRAIN std=0.152
    g4: 7/8 solved, rewards=[2.15,1.23,2.15,2.15,2.15,2.15,2.15,2.15] TRAIN std=0.306
    g5: 8/8 solved, rewards=[2.15,2.15,2.15,2.15,2.15,2.15,2.15,2.15] SKIP
    g6: 0/8 solved, rewards=[1.20,1.20,1.90,1.20,1.20,1.20,0.20,0.63] TRAIN std=0.463
    g7: 8/8 solved, rewards=[2.15,2.15,2.15,2.15,2.15,2.15,2.15,2.15] SKIP
  [step 78] training: 107 datums, 157489 comp tokens
  [step 78] train done: loss=-0.0196 in 11.8s
[step 78/200] solve=0.61 reward=1.56±0.79 loss=-0.0196 turns=2.2 disc=303 mast=37 skip=4/8 t=1068.7s
  [step 79 t1] fired 64 (8 API calls)
    gen: 64 results in 109.4s (avg 1569 tok/ep)
    sandbox: 52.8s | pass=28 fail=36 no_code=0 | 28/64 done
  [step 79 t2] fired 36 (36 API calls)
    gen: 36 results in 91.4s (avg 953 tok/ep)
    sandbox: 50.3s | pass=2 fail=34 no_code=0 | 30/64 done
  [step 79 t3] fired 34 (34 API calls)
    gen: 34 results in 130.0s (avg 694 tok/ep)
    sandbox: 49.8s | pass=3 fail=31 no_code=0 | 33/64 done
  [step 79 t4] fired 31 (31 API calls)
    gen: 31 results in 316.1s (avg 530 tok/ep)
    sandbox: 50.8s | pass=1 fail=30 no_code=0 | 64/64 done
    g0: 0/8 solved, rewards=[1.20,0.83,0.47,0.10,1.10,1.20,2.30,0.10] TRAIN std=0.676
    g1: 6/8 solved, rewards=[3.50,2.15,2.17,0.43,2.15,2.17,0.20,2.15] TRAIN std=0.995
    g2: 5/8 solved, rewards=[2.18,0.80,2.15,0.40,2.15,2.15,0.40,2.70] TRAIN std=0.864
    g3: 8/8 solved, rewards=[2.15,2.15,2.15,2.15,2.15,2.15,2.15,2.15] SKIP
    g4: 7/8 solved, rewards=[2.15,2.15,1.30,2.15,2.15,2.15,2.15,2.15] TRAIN std=0.281
    g5: 0/8 solved, rewards=[0.40,1.20,1.20,0.60,0.40,1.20,1.20,0.20] TRAIN std=0.412
    g6: 8/8 solved, rewards=[2.15,2.15,2.15,2.15,2.15,2.15,2.15,2.15] SKIP
    g7: 0/8 solved, rewards=[1.30,1.30,1.30,1.30,1.30,1.30,1.30,1.30] SKIP
  [step 79] training: 117 datums, 132060 comp tokens
  [step 79] train done: loss=0.0055 in 7.6s
[step 79/200] solve=0.53 reward=1.60±0.75 loss=0.0055 turns=2.6 disc=306 mast=37 skip=3/8 t=859.3s
  [step 80 t1] fired 64 (8 API calls)
    gen: 64 results in 1455.6s (avg 3036 tok/ep)
    sandbox: 134.9s | pass=16 fail=44 no_code=4 | 16/64 done
  [step 80 t2] fired 48 (48 API calls)
    gen: 48 results in 582.7s (avg 1565 tok/ep)
    sandbox: 144.9s | pass=0 fail=48 no_code=0 | 16/64 done
  [step 80 t3] fired 48 (48 API calls)
    gen: 48 results in 217.2s (avg 903 tok/ep)
    sandbox: 138.2s | pass=1 fail=47 no_code=0 | 17/64 done
  [step 80 t4] fired 47 (47 API calls)
    gen: 47 results in 499.2s (avg 801 tok/ep)
    sandbox: 133.8s | pass=0 fail=47 no_code=0 | 64/64 done
    g0: 8/8 solved, rewards=[2.15,2.15,2.15,2.15,2.15,2.15,2.15,2.15] SKIP
    g1: 0/8 solved, rewards=[0.00,0.00,0.00,0.00,0.00,0.00,0.00,0.00] SKIP
    g2: 1/8 solved, rewards=[1.18,1.25,1.08,1.39,2.51,1.29,1.18,1.18] TRAIN std=0.437
    g3: 0/8 solved, rewards=[1.09,0.96,1.81,1.91,0.96,2.25,1.54,0.81] TRAIN std=0.499
    g4: 0/8 solved, rewards=[0.94,1.74,1.24,1.74,0.94,0.31,0.94,0.94] TRAIN std=0.441
    g5: 0/8 solved, rewards=[0.38,0.13,0.00,0.25,0.00,0.45,0.00,0.45] TRAIN std=0.189
    g6: 8/8 solved, rewards=[2.15,2.15,2.15,2.15,2.15,2.15,2.15,2.15] SKIP
    g7: 0/8 solved, rewards=[1.18,0.30,0.80,0.20,1.62,0.80,0.50,0.80] TRAIN std=0.435
  [step 80] training: 159 datums, 294136 comp tokens
  [step 80] train done: loss=0.0018 in 112.8s
  [step 80] dumped 64 train trajectories to checkpoints/lcb_path_dep_lcbv5_s42/train_trajectories_step_0080.jsonl
[step 80/200] solve=0.27 reward=1.15±0.82 loss=0.0018 turns=3.2 disc=308 mast=37 skip=3/8 t=3420.9s
[lcb] Checkpoint: tinker://ed7b10ca-5483-524f-91b7-826786ac0120:train:0/weights/step_0080
[eval] Running on 20 problems...
[eval] step=80: 10/20 = 0.50
[eval] Trajectories saved to checkpoints/lcb_path_dep_lcbv5_s42/eval_trajectories_step_0080.jsonl
  [step 81 t1] fired 64 (8 API calls)
    gen: 64 results in 857.3s (avg 1353 tok/ep)
    sandbox: 96.8s | pass=37 fail=27 no_code=0 | 37/64 done
  [step 81 t2] fired 27 (27 API calls)
    gen: 27 results in 852.3s (avg 1426 tok/ep)
    sandbox: 95.1s | pass=3 fail=24 no_code=0 | 40/64 done
  [step 81 t3] fired 24 (24 API calls)
    gen: 24 results in 400.1s (avg 889 tok/ep)
    sandbox: 94.8s | pass=0 fail=24 no_code=0 | 40/64 done
  [step 81 t4] fired 24 (24 API calls)
    gen: 24 results in 400.0s (avg 647 tok/ep)
    sandbox: 94.9s | pass=1 fail=23 no_code=0 | 64/64 done
    g0: 8/8 solved, rewards=[2.15,2.10,2.15,2.15,2.15,2.15,2.15,2.15] TRAIN std=0.017
    g1: 1/8 solved, rewards=[1.12,1.03,1.33,2.15,1.12,1.06,1.12,1.03] TRAIN std=0.352
    g2: 7/8 solved, rewards=[2.15,2.15,2.15,2.00,2.15,2.15,1.00,2.43] TRAIN std=0.403
    g3: 0/8 solved, rewards=[0.00,0.00,0.00,0.00,0.00,0.00,0.00,0.00] SKIP
    g4: 8/8 solved, rewards=[2.15,2.15,2.15,2.15,2.15,2.15,2.15,2.15] SKIP
    g5: 8/8 solved, rewards=[2.15,2.43,2.15,2.15,2.15,2.15,2.15,2.15] TRAIN std=0.094
    g6: 6/8 solved, rewards=[2.15,2.15,0.00,2.15,2.15,0.64,2.15,2.15] TRAIN std=0.808
    g7: 3/8 solved, rewards=[0.30,0.30,0.80,2.15,0.30,2.15,2.15,0.60] TRAIN std=0.834
  [step 81] training: 99 datums, 132577 comp tokens
  [step 81] train done: loss=0.0020 in 55.4s
[step 81/200] solve=0.64 reward=1.57±0.84 loss=0.0020 turns=2.2 disc=310 mast=39 skip=2/8 t=2947.4s
  [step 82 t1] fired 64 (8 API calls)
    gen: 64 results in 629.7s (avg 1485 tok/ep)
    sandbox: 95.5s | pass=28 fail=36 no_code=0 | 28/64 done
  [step 82 t2] fired 36 (36 API calls)
    gen: 36 results in 484.5s (avg 763 tok/ep)
    sandbox: 95.3s | pass=1 fail=35 no_code=0 | 29/64 done
  [step 82 t3] fired 35 (35 API calls)
    gen: 35 results in 519.8s (avg 546 tok/ep)
    sandbox: 95.2s | pass=0 fail=35 no_code=0 | 29/64 done
  [step 82 t4] fired 35 (35 API calls)
    gen: 35 results in 170.2s (avg 450 tok/ep)
    sandbox: 95.2s | pass=0 fail=35 no_code=0 | 64/64 done
    g0: 1/8 solved, rewards=[0.96,0.96,0.96,0.64,0.96,2.15,0.00,0.00] TRAIN std=0.635
    g1: 0/8 solved, rewards=[0.30,0.40,0.40,0.60,0.50,0.30,0.30,0.30] TRAIN std=0.105
    g2: 8/8 solved, rewards=[2.15,2.15,2.15,2.15,2.15,2.15,2.15,2.15] SKIP
    g3: 8/8 solved, rewards=[2.15,2.15,2.15,2.15,2.15,2.15,2.15,2.15] SKIP
    g4: 0/8 solved, rewards=[0.75,1.45,0.75,0.93,0.75,1.45,0.75,1.45] TRAIN std=0.327
    g5: 2/8 solved, rewards=[1.30,1.30,1.33,1.40,2.15,2.15,1.40,1.10] TRAIN std=0.376
    g6: 4/8 solved, rewards=[2.15,1.04,1.04,2.15,1.04,1.04,2.15,2.15] TRAIN std=0.556
    g7: 6/8 solved, rewards=[0.70,2.15,2.15,2.57,2.15,2.15,1.40,2.15] TRAIN std=0.552
  [step 82] training: 154 datums, 143864 comp tokens
  [step 82] train done: loss=0.0001 in 125.3s
[step 82/200] solve=0.45 reward=1.45±0.72 loss=0.0001 turns=2.7 disc=312 mast=40 skip=2/8 t=2311.9s
  [step 83 t1] fired 64 (8 API calls)
    gen: 64 results in 1225.0s (avg 1740 tok/ep)
    sandbox: 98.2s | pass=37 fail=25 no_code=2 | 37/64 done
  [step 83 t2] fired 27 (27 API calls)
    gen: 27 results in 386.1s (avg 1082 tok/ep)
    sandbox: 97.7s | pass=4 fail=23 no_code=0 | 41/64 done
  [step 83 t3] fired 23 (23 API calls)
    gen: 23 results in 934.0s (avg 782 tok/ep)
    sandbox: 94.6s | pass=1 fail=22 no_code=0 | 42/64 done
  [step 83 t4] fired 22 (22 API calls)
    gen: 22 results in 558.8s (avg 534 tok/ep)
    sandbox: 95.0s | pass=0 fail=22 no_code=0 | 64/64 done
    g0: 8/8 solved, rewards=[2.15,2.15,2.15,2.15,2.15,2.15,2.15,2.15] SKIP
    g1: 8/8 solved, rewards=[2.15,2.15,2.15,2.15,2.15,2.15,2.15,2.15] SKIP
    g2: 2/8 solved, rewards=[2.10,0.40,2.05,0.20,0.61,0.30,0.30,-0.10] TRAIN std=0.797
    g3: 8/8 solved, rewards=[2.10,2.15,2.15,2.10,2.15,2.43,2.15,2.15] TRAIN std=0.101
    g4: 0/8 solved, rewards=[0.00,0.00,0.00,0.00,0.04,0.00,0.00,0.00] TRAIN std=0.012
    g5: 0/8 solved, rewards=[0.66,0.46,0.76,0.66,0.66,0.28,0.76,0.53] TRAIN std=0.152
    g6: 8/8 solved, rewards=[2.15,2.15,2.15,2.15,2.15,2.15,2.15,2.15] SKIP
    g7: 8/8 solved, rewards=[2.15,2.15,2.15,2.15,2.15,2.15,2.15,2.15] SKIP
  [step 83] training: 104 datums, 136301 comp tokens
  [step 83] train done: loss=0.0016 in 52.3s
[step 83/200] solve=0.66 reward=1.51±0.90 loss=0.0016 turns=2.1 disc=314 mast=41 skip=4/8 t=3542.6s
  [step 84 t1] fired 64 (8 API calls)
    gen: 64 results in 500.0s (avg 1496 tok/ep)
    sandbox: 68.5s | pass=43 fail=21 no_code=0 | 43/64 done
  [step 84 t2] fired 21 (21 API calls)
    gen: 21 results in 378.2s (avg 1313 tok/ep)
    sandbox: 52.1s | pass=1 fail=20 no_code=0 | 44/64 done
  [step 84 t3] fired 20 (20 API calls)
    gen: 20 results in 269.1s (avg 836 tok/ep)
    sandbox: 52.1s | pass=3 fail=17 no_code=0 | 47/64 done
  [step 84 t4] fired 17 (17 API calls)
    gen: 17 results in 267.4s (avg 622 tok/ep)
    sandbox: 51.2s | pass=0 fail=17 no_code=0 | 64/64 done
    g0: 0/8 solved, rewards=[1.63,1.30,1.50,1.30,2.63,0.60,1.00,1.69] TRAIN std=0.555
    g1: 8/8 solved, rewards=[2.15,2.15,2.15,2.15,2.15,2.15,2.15,2.15] SKIP
    g2: 8/8 solved, rewards=[2.15,2.15,2.15,2.15,2.15,2.15,2.15,2.15] SKIP
    g3: 8/8 solved, rewards=[2.15,2.15,2.15,2.15,2.15,2.15,2.15,2.15] SKIP
    g4: 4/8 solved, rewards=[0.00,0.23,2.45,0.10,2.15,2.45,0.30,2.10] TRAIN std=1.074
    g5: 3/8 solved, rewards=[1.07,2.15,0.96,2.15,2.15,0.76,0.83,1.44] TRAIN std=0.583
    g6: 8/8 solved, rewards=[2.15,2.15,2.15,2.15,2.15,2.15,2.15,2.15] SKIP
    g7: 8/8 solved, rewards=[2.15,2.15,2.15,2.15,2.15,2.15,2.15,2.15] SKIP
  [step 84] training: 82 datums, 117407 comp tokens
  [step 84] train done: loss=0.0034 in 9.5s
[step 84/200] solve=0.73 reward=1.86±0.61 loss=0.0034 turns=1.9 disc=316 mast=42 skip=5/8 t=1648.8s
  [step 85 t1] fired 64 (8 API calls)
    gen: 64 results in 430.8s (avg 1360 tok/ep)
    sandbox: 4.2s | pass=44 fail=20 no_code=0 | 44/64 done
  [step 85 t2] fired 20 (20 API calls)
    gen: 20 results in 176.2s (avg 798 tok/ep)
    sandbox: 1.1s | pass=1 fail=19 no_code=0 | 45/64 done
  [step 85 t3] fired 19 (19 API calls)
    gen: 19 results in 83.6s (avg 606 tok/ep)
    sandbox: 1.2s | pass=0 fail=19 no_code=0 | 45/64 done
  [step 85 t4] fired 19 (19 API calls)
    gen: 19 results in 51.0s (avg 415 tok/ep)
    sandbox: 1.2s | pass=0 fail=19 no_code=0 | 64/64 done
    g0: 8/8 solved, rewards=[2.15,2.15,2.15,2.15,2.15,2.15,2.15,2.15] SKIP
    g1: 8/8 solved, rewards=[2.15,2.15,2.15,2.15,2.15,2.15,2.15,2.15] SKIP
    g2: 8/8 solved, rewards=[2.15,2.15,2.15,2.15,2.15,2.15,2.15,2.15] SKIP
    g3: 5/8 solved, rewards=[1.23,1.23,2.15,2.15,2.15,2.15,2.47,1.23] TRAIN std=0.487
    g4: 0/8 solved, rewards=[0.11,0.33,0.11,0.11,0.06,0.33,0.33,0.33] TRAIN std=0.119
    g5: 8/8 solved, rewards=[2.15,2.15,2.15,2.15,2.15,2.15,2.15,2.15] SKIP
    g6: 8/8 solved, rewards=[2.15,2.15,2.15,2.15,2.15,2.15,2.15,2.15] SKIP
    g7: 0/8 solved, rewards=[0.31,0.32,0.27,0.89,0.36,0.32,0.00,0.00] TRAIN std=0.259
  [step 85] training: 82 datums, 87639 comp tokens
  [step 85] train done: loss=-0.0013 in 6.8s
  [step 85] dumped 64 train trajectories to checkpoints/lcb_path_dep_lcbv5_s42/train_trajectories_step_0085.jsonl
[step 85/200] solve=0.70 reward=1.64±0.83 loss=-0.0013 turns=1.9 disc=319 mast=43 skip=5/8 t=756.8s
  [step 86 t1] fired 64 (8 API calls)
    gen: 64 results in 268.1s (avg 1463 tok/ep)
    sandbox: 8.4s | pass=48 fail=16 no_code=0 | 48/64 done
  [step 86 t2] fired 16 (16 API calls)
    gen: 16 results in 292.5s (avg 1165 tok/ep)
    sandbox: 5.7s | pass=1 fail=15 no_code=0 | 49/64 done
  [step 86 t3] fired 15 (15 API calls)
    gen: 15 results in 42.1s (avg 809 tok/ep)
    sandbox: 5.5s | pass=2 fail=13 no_code=0 | 51/64 done
  [step 86 t4] fired 13 (13 API calls)
    gen: 13 results in 50.3s (avg 577 tok/ep)
    sandbox: 4.1s | pass=1 fail=12 no_code=0 | 64/64 done
    g0: 8/8 solved, rewards=[2.15,2.15,2.15,2.15,2.15,2.15,2.56,2.15] TRAIN std=0.136
    g1: 8/8 solved, rewards=[2.15,2.15,2.15,2.15,2.15,2.15,2.15,2.15] SKIP
    g2: 0/8 solved, rewards=[0.48,0.48,0.60,0.88,0.98,1.59,0.48,0.84] TRAIN std=0.355
    g3: 8/8 solved, rewards=[2.15,2.15,2.15,2.15,2.15,2.15,2.15,2.15] SKIP
    g4: 8/8 solved, rewards=[2.15,2.15,2.15,2.15,2.15,2.15,2.15,2.15] SKIP
    g5: 8/8 solved, rewards=[2.15,2.15,2.15,2.15,2.15,2.15,2.15,2.15] SKIP
    g6: 8/8 solved, rewards=[2.15,2.15,2.15,2.15,2.15,2.26,2.15,2.15] TRAIN std=0.038
    g7: 4/8 solved, rewards=[2.47,1.40,1.40,2.15,1.40,1.40,2.15,2.52] TRAIN std=0.476
  [step 86] training: 76 datums, 97729 comp tokens
  [step 86] train done: loss=0.0135 in 9.0s
[step 86/200] solve=0.81 reward=1.95±0.50 loss=0.0135 turns=1.7 disc=319 mast=44 skip=4/8 t=686.1s
  [step 87 t1] fired 64 (8 API calls)
    gen: 64 results in 797.0s (avg 1811 tok/ep)
    sandbox: 91.5s | pass=34 fail=29 no_code=1 | 34/64 done
  [step 87 t2] fired 30 (30 API calls)
    gen: 30 results in 237.1s (avg 1257 tok/ep)
    sandbox: 81.4s | pass=8 fail=22 no_code=0 | 42/64 done
  [step 87 t3] fired 22 (22 API calls)
    gen: 22 results in 311.5s (avg 1022 tok/ep)
    sandbox: 79.2s | pass=2 fail=20 no_code=0 | 44/64 done
  [step 87 t4] fired 20 (20 API calls)
    gen: 20 results in 175.6s (avg 864 tok/ep)
    sandbox: 95.1s | pass=0 fail=20 no_code=0 | 64/64 done
    g0: 8/8 solved, rewards=[2.15,2.15,2.15,2.22,2.15,2.15,2.22,2.15] TRAIN std=0.029
    g1: 0/8 solved, rewards=[1.07,1.07,1.07,1.07,0.26,1.07,1.07,1.07] TRAIN std=0.269
    g2: 8/8 solved, rewards=[2.15,2.15,2.15,2.15,2.15,2.15,2.15,2.15] SKIP
    g3: 1/8 solved, rewards=[1.15,1.18,0.64,2.67,0.64,1.15,0.23,2.31] TRAIN std=0.786
    g4: 8/8 solved, rewards=[2.15,2.15,2.15,2.15,2.15,2.15,2.15,2.15] SKIP
    g5: 8/8 solved, rewards=[2.23,2.15,2.23,2.23,2.15,2.15,2.23,2.15] TRAIN std=0.042
    g6: 8/8 solved, rewards=[2.15,2.15,2.15,2.15,2.15,2.15,2.15,2.15] SKIP
    g7: 3/8 solved, rewards=[0.26,2.33,2.26,2.21,0.32,2.66,0.16,0.48] TRAIN std=1.042
  [step 87] training: 112 datums, 172630 comp tokens
  [step 87] train done: loss=0.0245 in 97.2s
[step 87/200] solve=0.69 reward=1.80±0.67 loss=0.0245 turns=2.1 disc=324 mast=44 skip=3/8 t=1966.5s
  [step 88 t1] fired 64 (8 API calls)
    gen: 64 results in 130.5s (avg 1158 tok/ep)
    sandbox: 234.3s | pass=33 fail=31 no_code=0 | 33/64 done
  [step 88 t2] fired 31 (31 API calls)
    gen: 31 results in 148.1s (avg 1086 tok/ep)
    sandbox: 194.5s | pass=2 fail=29 no_code=0 | 35/64 done
  [step 88 t3] fired 29 (29 API calls)
    gen: 29 results in 824.4s (avg 744 tok/ep)
    sandbox: 185.8s | pass=5 fail=24 no_code=0 | 40/64 done
  [step 88 t4] fired 24 (24 API calls)
    gen: 24 results in 87.4s (avg 628 tok/ep)
    sandbox: 177.8s | pass=0 fail=24 no_code=0 | 64/64 done
    g0: 8/8 solved, rewards=[2.15,2.15,2.15,2.15,2.15,2.15,2.15,2.15] SKIP
    g1: 0/8 solved, rewards=[1.43,1.61,1.14,1.13,1.27,1.27,1.07,1.07] TRAIN std=0.179
    g2: 8/8 solved, rewards=[2.15,2.15,2.15,2.15,2.15,2.15,2.15,2.15] SKIP
    g3: 8/8 solved, rewards=[2.15,2.15,2.15,2.15,2.15,2.15,2.15,2.15] SKIP
    g4: 8/8 solved, rewards=[2.15,2.15,2.15,2.15,2.15,2.15,2.15,2.15] SKIP
    g5: 0/8 solved, rewards=[0.53,0.43,0.63,0.63,0.21,0.83,0.43,0.43] TRAIN std=0.172
    g6: 1/8 solved, rewards=[2.70,0.74,1.25,0.74,0.74,0.32,0.54,0.74] TRAIN std=0.698
    g7: 7/8 solved, rewards=[2.05,2.15,2.05,2.10,2.10,0.00,2.05,2.05] TRAIN std=0.688
  [step 88] training: 116 datums, 112314 comp tokens
  [step 88] train done: loss=-0.0017 in 62.9s
[step 88/200] solve=0.62 reward=1.64±0.70 loss=-0.0017 turns=2.3 disc=327 mast=45 skip=4/8 t=2046.5s
  [step 89 t1] fired 64 (8 API calls)
    gen: 64 results in 180.2s (avg 1513 tok/ep)
    sandbox: 243.5s | pass=29 fail=35 no_code=0 | 29/64 done
  [step 89 t2] fired 35 (35 API calls)
    gen: 35 results in 157.9s (avg 926 tok/ep)
    sandbox: 233.9s | pass=6 fail=29 no_code=0 | 35/64 done
  [step 89 t3] fired 29 (29 API calls)
    gen: 29 results in 558.0s (avg 785 tok/ep)
    sandbox: 233.4s | pass=0 fail=29 no_code=0 | 35/64 done
  [step 89 t4] fired 29 (29 API calls)
    gen: 29 results in 114.7s (avg 657 tok/ep)
    sandbox: 233.4s | pass=0 fail=29 no_code=0 | 64/64 done
    g0: 8/8 solved, rewards=[2.15,2.15,2.28,2.15,2.28,2.44,2.15,2.15] TRAIN std=0.100
    g1: 8/8 solved, rewards=[2.15,2.15,2.15,2.15,2.15,2.15,2.15,2.15] SKIP
    g2: 7/8 solved, rewards=[2.15,2.56,2.15,2.15,2.15,2.15,1.29,2.15] TRAIN std=0.334
    g3: 0/8 solved, rewards=[0.37,0.28,0.38,0.28,0.09,0.28,0.28,0.28] TRAIN std=0.081
    g4: 8/8 solved, rewards=[2.15,2.15,2.15,2.15,2.15,2.15,2.15,2.15] SKIP
    g5: 0/8 solved, rewards=[0.00,0.00,0.00,0.00,0.00,0.00,0.00,0.00] SKIP
    g6: 0/8 solved, rewards=[0.33,0.33,0.33,0.33,0.11,0.28,0.33,0.11] TRAIN std=0.094
    g7: 4/8 solved, rewards=[0.71,2.46,1.07,2.15,1.07,2.46,1.07,2.15] TRAIN std=0.678
  [step 89] training: 109 datums, 133858 comp tokens
  [step 89] train done: loss=-0.0011 in 134.2s
[step 89/200] solve=0.55 reward=1.35±0.96 loss=-0.0011 turns=2.5 disc=331 mast=45 skip=3/8 t=2090.0s
  [step 90 t1] fired 64 (8 API calls)
    gen: 64 results in 346.3s (avg 1795 tok/ep)
    sandbox: 100.7s | pass=37 fail=27 no_code=0 | 37/64 done
  [step 90 t2] fired 27 (27 API calls)
    gen: 27 results in 141.6s (avg 990 tok/ep)
    sandbox: 101.6s | pass=5 fail=22 no_code=0 | 42/64 done
  [step 90 t3] fired 22 (22 API calls)
    gen: 22 results in 112.1s (avg 661 tok/ep)
    sandbox: 101.8s | pass=1 fail=21 no_code=0 | 43/64 done
  [step 90 t4] fired 21 (21 API calls)
    gen: 21 results in 200.8s (avg 394 tok/ep)
    sandbox: 101.9s | pass=1 fail=20 no_code=0 | 64/64 done
    g0: 8/8 solved, rewards=[2.15,2.15,2.15,2.15,2.15,2.15,2.15,2.15] SKIP
    g1: 7/8 solved, rewards=[2.15,2.15,2.15,2.15,2.15,0.00,2.15,2.15] TRAIN std=0.711
    g2: 8/8 solved, rewards=[2.15,2.15,2.15,2.15,2.15,2.15,2.15,2.15] SKIP
    g3: 8/8 solved, rewards=[2.15,2.15,2.15,2.15,2.15,2.15,2.15,2.15] SKIP
    g4: 4/8 solved, rewards=[2.15,2.19,0.43,0.43,2.15,0.43,2.15,0.43] TRAIN std=0.866
    g5: 2/8 solved, rewards=[0.22,1.39,0.06,2.15,1.39,2.15,0.39,0.67] TRAIN std=0.783
    g6: 0/8 solved, rewards=[0.29,0.29,0.29,0.29,0.29,0.29,0.29,0.29] SKIP
    g7: 7/8 solved, rewards=[2.40,2.98,2.15,2.56,0.72,2.34,2.40,2.38] TRAIN std=0.618
  [step 90] training: 78 datums, 121420 comp tokens
  [step 90] train done: loss=-0.0020 in 31.5s
  [step 90] dumped 64 train trajectories to checkpoints/lcb_path_dep_lcbv5_s42/train_trajectories_step_0090.jsonl
[step 90/200] solve=0.69 reward=1.65±0.85 loss=-0.0020 turns=2.1 disc=332 mast=46 skip=4/8 t=1239.3s
[eval] Running on 20 problems...
[eval] step=90: 9/20 = 0.45
[eval] Trajectories saved to checkpoints/lcb_path_dep_lcbv5_s42/eval_trajectories_step_0090.jsonl
  [step 91 t1] fired 64 (8 API calls)
    gen: 64 results in 379.7s (avg 1593 tok/ep)
    sandbox: 239.9s | pass=44 fail=19 no_code=1 | 44/64 done
  [step 91 t2] fired 20 (20 API calls)
    gen: 20 results in 203.0s (avg 1169 tok/ep)
    sandbox: 239.3s | pass=3 fail=17 no_code=0 | 47/64 done
  [step 91 t3] fired 17 (17 API calls)
    gen: 17 results in 143.3s (avg 801 tok/ep)
    sandbox: 238.8s | pass=0 fail=17 no_code=0 | 47/64 done
  [step 91 t4] fired 17 (17 API calls)
    gen: 17 results in 1013.0s (avg 625 tok/ep)
    sandbox: 239.0s | pass=1 fail=16 no_code=0 | 64/64 done
    g0: 8/8 solved, rewards=[2.15,2.15,2.15,2.15,2.15,2.15,2.15,2.15] SKIP
    g1: 5/8 solved, rewards=[2.10,1.61,2.10,0.00,2.15,2.00,2.15,0.00] TRAIN std=0.889
    g2: 8/8 solved, rewards=[2.15,2.15,2.15,2.15,2.15,2.15,2.15,2.15] SKIP
    g3: 8/8 solved, rewards=[2.15,2.15,2.15,2.15,2.15,2.15,2.15,2.15] SKIP
    g4: 2/8 solved, rewards=[2.15,0.11,2.35,1.07,0.11,0.11,1.07,0.54] TRAIN std=0.846
    g5: 1/8 solved, rewards=[0.98,2.15,0.30,0.40,0.40,0.50,0.40,0.50] TRAIN std=0.580
    g6: 8/8 solved, rewards=[2.15,2.15,2.15,2.15,2.15,2.15,2.15,2.15] SKIP
    g7: 8/8 solved, rewards=[2.15,2.15,2.15,2.15,2.15,2.15,2.15,2.15] SKIP
  [step 91] training: 78 datums, 105258 comp tokens
  [step 91] train done: loss=0.0007 in 73.3s
[step 91/200] solve=0.75 reward=1.74±0.75 loss=0.0007 turns=1.8 disc=333 mast=49 skip=5/8 t=2769.8s
  [step 92 t1] fired 64 (8 API calls)
    gen: 64 results in 266.6s (avg 1277 tok/ep)
    sandbox: 9.0s | pass=54 fail=10 no_code=0 | 54/64 done
  [step 92 t2] fired 10 (10 API calls)
    gen: 10 results in 64.0s (avg 845 tok/ep)
    sandbox: 0.4s | pass=1 fail=9 no_code=0 | 55/64 done
  [step 92 t3] fired 9 (9 API calls)
    gen: 9 results in 65.8s (avg 861 tok/ep)
    sandbox: 0.3s | pass=0 fail=9 no_code=0 | 55/64 done
  [step 92 t4] fired 9 (9 API calls)
    gen: 9 results in 65.2s (avg 838 tok/ep)
    sandbox: 0.4s | pass=0 fail=9 no_code=0 | 64/64 done
    g0: 7/8 solved, rewards=[0.64,2.15,2.15,2.15,2.15,2.15,2.15,2.15] TRAIN std=0.498
    g1: 8/8 solved, rewards=[2.15,2.10,2.15,2.15,2.15,2.15,2.15,2.15] TRAIN std=0.017
    g2: 8/8 solved, rewards=[2.15,2.15,2.15,2.15,2.15,2.15,2.15,2.15] SKIP
    g3: 8/8 solved, rewards=[2.15,2.15,2.15,2.15,2.15,2.15,2.15,2.15] SKIP
    g4: 8/8 solved, rewards=[2.15,2.15,2.15,2.15,2.15,2.15,2.15,2.15] SKIP
    g5: 8/8 solved, rewards=[2.15,2.15,2.15,2.15,2.15,2.15,2.15,2.15] SKIP
    g6: 0/8 solved, rewards=[1.20,1.20,1.27,1.20,1.13,1.20,1.20,1.20] TRAIN std=0.033
    g7: 8/8 solved, rewards=[2.15,2.15,2.15,2.15,2.15,2.15,2.15,2.15] SKIP
  [step 92] training: 28 datums, 37827 comp tokens
  [step 92] train done: loss=0.0002 in 4.0s
[step 92/200] solve=0.86 reward=2.01±0.36 loss=0.0002 turns=1.4 disc=335 mast=49 skip=5/8 t=475.9s
  [step 93 t1] fired 64 (8 API calls)
    gen: 64 results in 289.8s (avg 1436 tok/ep)
    sandbox: 39.2s | pass=37 fail=27 no_code=0 | 37/64 done
  [step 93 t2] fired 27 (27 API calls)
    gen: 27 results in 72.8s (avg 748 tok/ep)
    sandbox: 29.0s | pass=1 fail=26 no_code=0 | 38/64 done
  [step 93 t3] fired 26 (26 API calls)
    gen: 26 results in 57.2s (avg 554 tok/ep)
    sandbox: 29.2s | pass=4 fail=22 no_code=0 | 42/64 done
  [step 93 t4] fired 22 (22 API calls)
    gen: 22 results in 55.9s (avg 500 tok/ep)
    sandbox: 35.0s | pass=0 fail=22 no_code=0 | 64/64 done
    g0: 8/8 solved, rewards=[2.15,2.15,2.15,2.15,2.42,2.15,2.15,2.15] TRAIN std=0.091
    g1: 0/8 solved, rewards=[0.50,0.40,0.40,0.50,0.40,0.40,0.40,0.40] TRAIN std=0.043
    g2: 8/8 solved, rewards=[2.15,2.15,2.15,2.15,2.15,2.15,2.15,2.15] SKIP
    g3: 3/8 solved, rewards=[0.84,0.84,2.33,0.84,0.84,3.03,0.84,2.33] TRAIN std=0.857
    g4: 0/8 solved, rewards=[0.32,0.24,0.66,0.28,0.28,0.32,0.66,0.32] TRAIN std=0.160
    g5: 7/8 solved, rewards=[2.15,2.15,2.15,2.15,2.15,2.15,2.35,0.75] TRAIN std=0.477
    g6: 8/8 solved, rewards=[2.15,2.15,2.15,2.15,2.15,2.15,2.15,2.15] SKIP
    g7: 8/8 solved, rewards=[2.15,2.15,2.15,2.15,2.15,2.15,2.15,2.15] SKIP
  [step 93] training: 115 datums, 121699 comp tokens
  [step 93] train done: loss=-0.0061 in 10.9s
[step 93/200] solve=0.66 reward=1.62±0.81 loss=-0.0061 turns=2.2 disc=338 mast=50 skip=3/8 t=619.7s
  [step 94 t1] fired 64 (8 API calls)
    gen: 64 results in 266.8s (avg 2113 tok/ep)
    sandbox: 59.2s | pass=42 fail=20 no_code=2 | 42/64 done
  [step 94 t2] fired 22 (22 API calls)
    gen: 22 results in 92.2s (avg 1060 tok/ep)
    sandbox: 623.2s | pass=2 fail=20 no_code=0 | 44/64 done
  [step 94 t3] fired 20 (20 API calls)
    gen: 20 results in 119.9s (avg 734 tok/ep)
    sandbox: 23.0s | pass=1 fail=19 no_code=0 | 45/64 done
  [step 94 t4] fired 19 (19 API calls)
    gen: 19 results in 66.1s (avg 623 tok/ep)
    sandbox: 623.2s | pass=1 fail=18 no_code=0 | 64/64 done
    g0: 3/8 solved, rewards=[0.79,2.00,1.03,0.50,1.02,2.15,2.30,0.60] TRAIN std=0.684
    g1: 8/8 solved, rewards=[2.15,2.15,2.15,2.15,2.15,2.15,2.15,2.15] SKIP
    g2: 8/8 solved, rewards=[2.15,2.15,2.15,2.15,2.15,2.15,2.15,2.15] SKIP
    g3: 0/8 solved, rewards=[1.10,1.10,1.98,1.10,1.33,1.10,1.10,1.10] TRAIN std=0.291
    g4: 7/8 solved, rewards=[2.15,2.15,1.66,2.15,2.15,2.15,2.15,2.15] TRAIN std=0.160
    g5: 8/8 solved, rewards=[2.15,2.15,2.15,2.15,2.15,2.15,2.15,2.15] SKIP
    g6: 4/8 solved, rewards=[2.08,0.13,0.10,0.10,0.10,2.15,2.15,2.03] TRAIN std=0.999
    g7: 8/8 solved, rewards=[2.15,2.15,2.15,2.15,2.15,2.15,2.15,2.15] SKIP
  [step 94] training: 93 datums, 161022 comp tokens
  [step 94] train done: loss=0.0051 in 81.2s
[step 94/200] solve=0.72 reward=1.79±0.63 loss=0.0051 turns=2.0 disc=340 mast=50 skip=4/8 t=1955.8s
  [step 95 t1] fired 64 (8 API calls)
    gen: 64 results in 207.9s (avg 1404 tok/ep)
    sandbox: 175.1s | pass=40 fail=24 no_code=0 | 40/64 done
  [step 95 t2] fired 24 (24 API calls)
    gen: 24 results in 211.0s (avg 1060 tok/ep)
    sandbox: 173.3s | pass=7 fail=17 no_code=0 | 47/64 done
  [step 95 t3] fired 17 (17 API calls)
    gen: 17 results in 63.6s (avg 668 tok/ep)
    sandbox: 173.1s | pass=3 fail=14 no_code=0 | 50/64 done
  [step 95 t4] fired 14 (14 API calls)
    gen: 14 results in 45.1s (avg 471 tok/ep)
    sandbox: 622.4s | pass=0 fail=14 no_code=0 | 64/64 done
    g0: 8/8 solved, rewards=[2.15,2.15,2.15,2.15,2.15,2.15,2.15,2.15] SKIP
    g1: 8/8 solved, rewards=[2.15,2.15,2.15,2.15,2.15,2.15,2.15,2.15] SKIP
    g2: 7/8 solved, rewards=[2.15,1.03,2.15,2.15,2.15,2.15,2.15,2.15] TRAIN std=0.372
    g3: 7/8 solved, rewards=[2.05,2.10,2.10,0.00,2.10,3.38,2.15,2.10] TRAIN std=0.863
    g4: 7/8 solved, rewards=[2.15,2.10,2.50,2.15,0.00,2.45,2.15,2.15] TRAIN std=0.753
    g5: 4/8 solved, rewards=[1.04,2.15,1.04,1.04,2.15,2.15,1.04,2.15] TRAIN std=0.556
    g6: 8/8 solved, rewards=[2.15,2.15,2.15,2.15,2.15,2.15,2.15,2.15] SKIP
    g7: 1/8 solved, rewards=[1.40,1.40,1.40,1.40,1.10,2.40,1.10,1.40] TRAIN std=0.381
  [step 95] training: 95 datums, 112318 comp tokens
  [step 95] train done: loss=0.0061 in 8.9s
  [step 95] dumped 64 train trajectories to checkpoints/lcb_path_dep_lcbv5_s42/train_trajectories_step_0095.jsonl
[step 95/200] solve=0.78 reward=1.93±0.55 loss=0.0061 turns=1.9 disc=342 mast=51 skip=3/8 t=1681.0s
  [step 96 t1] fired 64 (8 API calls)
    gen: 64 results in 361.6s (avg 1803 tok/ep)
    sandbox: 98.5s | pass=39 fail=24 no_code=1 | 39/64 done
  [step 96 t2] fired 25 (25 API calls)
    gen: 25 results in 611.6s (avg 1106 tok/ep)
    sandbox: 94.6s | pass=1 fail=24 no_code=0 | 40/64 done
  [step 96 t3] fired 24 (24 API calls)
    gen: 24 results in 214.7s (avg 750 tok/ep)
    sandbox: 94.3s | pass=0 fail=24 no_code=0 | 40/64 done
  [step 96 t4] fired 24 (24 API calls)
    gen: 24 results in 123.2s (avg 515 tok/ep)
    sandbox: 94.2s | pass=0 fail=24 no_code=0 | 64/64 done
    g0: 8/8 solved, rewards=[2.10,2.15,2.15,2.15,2.15,2.15,2.15,2.15] TRAIN std=0.017
    g1: 8/8 solved, rewards=[2.15,2.15,2.15,2.15,2.15,2.15,2.15,2.15] SKIP
    g2: 8/8 solved, rewards=[2.15,2.15,2.15,2.15,2.15,2.15,2.15,2.15] SKIP
    g3: 0/8 solved, rewards=[1.07,1.07,1.07,1.07,1.07,1.07,-0.10,1.07] TRAIN std=0.387
    g4: 0/8 solved, rewards=[1.67,1.29,1.77,1.58,1.29,1.39,1.29,0.00] TRAIN std=0.517
    g5: 8/8 solved, rewards=[2.15,2.15,2.15,2.15,2.15,2.15,2.15,2.15] SKIP
    g6: 0/8 solved, rewards=[1.40,1.40,1.40,0.63,1.40,1.40,1.40,1.40] TRAIN std=0.256
    g7: 8/8 solved, rewards=[2.15,2.15,2.15,2.15,2.15,2.15,2.15,2.15] SKIP
  [step 96] training: 105 datums, 140661 comp tokens
  [step 96] train done: loss=0.0017 in 9.5s
[step 96/200] solve=0.62 reward=1.78±0.54 loss=0.0017 turns=2.1 disc=346 mast=51 skip=4/8 t=1703.2s
  [step 97 t1] fired 64 (8 API calls)
    gen: 64 results in 305.0s (avg 1642 tok/ep)
    sandbox: 69.9s | pass=41 fail=23 no_code=0 | 41/64 done
  [step 97 t2] fired 23 (23 API calls)
    gen: 23 results in 325.4s (avg 1389 tok/ep)
    sandbox: 2.0s | pass=3 fail=20 no_code=0 | 44/64 done
  [step 97 t3] fired 20 (20 API calls)
    gen: 20 results in 359.8s (avg 842 tok/ep)
    sandbox: 2.1s | pass=3 fail=17 no_code=0 | 47/64 done
  [step 97 t4] fired 17 (17 API calls)
    gen: 17 results in 81.7s (avg 538 tok/ep)
    sandbox: 2.0s | pass=0 fail=17 no_code=0 | 64/64 done
    g0: 8/8 solved, rewards=[2.15,2.15,2.15,2.15,2.15,2.15,2.15,2.15] SKIP
    g1: 4/8 solved, rewards=[2.12,2.09,0.20,0.20,0.26,2.19,0.26,2.09] TRAIN std=0.948
    g2: 8/8 solved, rewards=[2.15,2.15,2.15,2.15,2.15,2.15,2.15,2.15] SKIP
    g3: 8/8 solved, rewards=[2.15,2.15,2.15,2.15,2.15,2.15,2.15,2.15] SKIP
    g4: 1/8 solved, rewards=[1.20,1.00,1.20,1.20,2.13,2.15,1.20,1.20] TRAIN std=0.427
    g5: 2/8 solved, rewards=[0.79,0.39,2.15,2.15,0.13,0.13,0.39,0.59] TRAIN std=0.783
    g6: 8/8 solved, rewards=[2.15,2.15,2.15,2.15,2.15,2.15,2.15,2.15] SKIP
    g7: 8/8 solved, rewards=[2.10,2.15,2.15,2.15,2.15,2.15,2.15,2.10] TRAIN std=0.022
  [step 97] training: 92 datums, 136925 comp tokens
  [step 97] train done: loss=0.0048 in 8.7s
[step 97/200] solve=0.73 reward=1.77±0.69 loss=0.0048 turns=1.9 disc=351 mast=53 skip=4/8 t=1157.4s
  [step 98 t1] fired 64 (8 API calls)
    gen: 64 results in 458.5s (avg 1871 tok/ep)
    sandbox: 64.5s | pass=39 fail=25 no_code=0 | 39/64 done
  [step 98 t2] fired 25 (25 API calls)
    gen: 25 results in 339.9s (avg 1271 tok/ep)
    sandbox: 6.5s | pass=3 fail=22 no_code=0 | 42/64 done
  [step 98 t3] fired 22 (22 API calls)
    gen: 22 results in 85.8s (avg 1001 tok/ep)
    sandbox: 6.3s | pass=0 fail=22 no_code=0 | 42/64 done
  [step 98 t4] fired 22 (22 API calls)
    gen: 22 results in 52.2s (avg 822 tok/ep)
    sandbox: 17.1s | pass=0 fail=22 no_code=0 | 64/64 done
    g0: 3/8 solved, rewards=[0.80,0.80,0.80,2.37,1.07,0.80,2.15,2.37] TRAIN std=0.706
    g1: 1/8 solved, rewards=[1.00,1.27,0.50,1.63,0.00,0.40,2.15,0.00] TRAIN std=0.730
    g2: 4/8 solved, rewards=[2.15,0.20,2.15,0.33,2.15,0.60,0.60,2.15] TRAIN std=0.867
    g3: 8/8 solved, rewards=[2.15,2.15,2.15,2.15,2.15,2.15,2.15,2.15] SKIP
    g4: 3/8 solved, rewards=[1.30,0.83,2.15,2.15,2.15,1.30,0.70,0.70] TRAIN std=0.613
    g5: 8/8 solved, rewards=[2.15,2.15,2.15,2.15,2.15,2.15,2.15,2.15] SKIP
    g6: 8/8 solved, rewards=[2.15,2.15,2.15,2.15,2.15,2.15,2.15,2.15] SKIP
    g7: 7/8 solved, rewards=[0.11,2.15,2.15,2.15,2.15,2.14,2.15,2.15] TRAIN std=0.675
  [step 98] training: 109 datums, 168845 comp tokens
  [step 98] train done: loss=-0.0004 in 9.4s
[step 98/200] solve=0.66 reward=1.66±0.73 loss=-0.0004 turns=2.1 disc=354 mast=55 skip=3/8 t=1041.2s
  [step 99 t1] fired 64 (8 API calls)
    gen: 64 results in 246.9s (avg 1878 tok/ep)
    sandbox: 34.3s | pass=49 fail=15 no_code=0 | 49/64 done
  [step 99 t2] fired 15 (15 API calls)
    gen: 15 results in 213.1s (avg 1706 tok/ep)
    sandbox: 1.1s | pass=2 fail=13 no_code=0 | 51/64 done
  [step 99 t3] fired 13 (13 API calls)
    gen: 13 results in 88.5s (avg 959 tok/ep)
    sandbox: 1.1s | pass=1 fail=12 no_code=0 | 52/64 done
  [step 99 t4] fired 12 (12 API calls)
    gen: 12 results in 50.7s (avg 695 tok/ep)
    sandbox: 0.8s | pass=0 fail=12 no_code=0 | 64/64 done
    g0: 3/8 solved, rewards=[0.20,2.15,0.08,0.08,2.15,2.15,0.08,0.43] TRAIN std=0.965
    g1: 8/8 solved, rewards=[2.15,2.15,2.15,2.15,2.15,2.15,2.15,2.15] SKIP
    g2: 3/8 solved, rewards=[0.00,0.26,0.06,0.06,2.10,0.06,2.15,2.15] TRAIN std=0.993
    g3: 6/8 solved, rewards=[2.15,1.23,2.15,1.12,2.15,2.15,2.40,2.15] TRAIN std=0.447
    g4: 8/8 solved, rewards=[2.15,2.15,2.15,2.15,2.24,2.15,2.15,2.15] TRAIN std=0.029
    g5: 8/8 solved, rewards=[2.15,2.15,2.15,2.15,2.15,2.15,2.15,2.15] SKIP
    g6: 8/8 solved, rewards=[2.15,2.15,2.15,2.15,2.15,2.15,2.15,2.15] SKIP
    g7: 8/8 solved, rewards=[2.15,2.15,2.15,2.15,2.15,2.15,2.15,2.15] SKIP
  [step 99] training: 72 datums, 139533 comp tokens
  [step 99] train done: loss=0.0004 in 8.8s
[step 99/200] solve=0.81 reward=1.81±0.74 loss=0.0004 turns=1.6 disc=357 mast=56 skip=4/8 t=646.2s
  [step 100 t1] fired 64 (8 API calls)
    gen: 64 results in 285.5s (avg 1183 tok/ep)
    sandbox: 192.6s | pass=39 fail=25 no_code=0 | 39/64 done
  [step 100 t2] fired 25 (25 API calls)
    gen: 25 results in 126.9s (avg 931 tok/ep)
    sandbox: 55.1s | pass=1 fail=24 no_code=0 | 40/64 done
  [step 100 t3] fired 24 (24 API calls)
    gen: 24 results in 82.5s (avg 596 tok/ep)
    sandbox: 45.5s | pass=0 fail=24 no_code=0 | 40/64 done
  [step 100 t4] fired 24 (24 API calls)
    gen: 24 results in 82.9s (avg 527 tok/ep)
    sandbox: 45.1s | pass=0 fail=24 no_code=0 | 64/64 done
    g0: 8/8 solved, rewards=[2.15,2.15,2.15,2.15,2.15,2.15,2.15,2.15] SKIP
    g1: 8/8 solved, rewards=[2.15,2.15,2.15,2.15,2.15,2.15,2.15,2.15] SKIP
    g2: 0/8 solved, rewards=[1.41,1.21,0.70,0.92,0.92,0.92,0.92,1.64] TRAIN std=0.292
    g3: 0/8 solved, rewards=[1.07,1.07,1.07,1.07,1.07,1.07,1.07,1.07] SKIP
    g4: 8/8 solved, rewards=[2.15,2.15,2.15,2.15,2.15,2.15,2.15,2.15] SKIP
    g5: 0/8 solved, rewards=[0.05,0.00,0.17,0.00,0.00,0.00,0.16,0.00] TRAIN std=0.070
    g6: 8/8 solved, rewards=[2.15,2.15,2.15,2.53,2.15,2.15,2.15,2.15] TRAIN std=0.125
    g7: 8/8 solved, rewards=[2.15,2.15,2.15,2.15,2.15,2.15,2.15,2.15] SKIP
  [step 100] training: 73 datums, 79168 comp tokens
  [step 100] train done: loss=-0.0010 in 7.7s
  [step 100] dumped 64 train trajectories to checkpoints/lcb_path_dep_lcbv5_s42/train_trajectories_step_0100.jsonl
[step 100/200] solve=0.62 reward=1.62±0.76 loss=-0.0010 turns=2.1 disc=359 mast=57 skip=5/8 t=924.7s
[lcb] Checkpoint: tinker://ed7b10ca-5483-524f-91b7-826786ac0120:train:0/weights/step_0100
[eval] Running on 20 problems...
[eval] step=100: 11/20 = 0.55
[eval] Trajectories saved to checkpoints/lcb_path_dep_lcbv5_s42/eval_trajectories_step_0100.jsonl
  [step 101 t1] fired 64 (8 API calls)
    gen: 64 results in 178.6s (avg 1318 tok/ep)
    sandbox: 180.4s | pass=54 fail=10 no_code=0 | 54/64 done
  [step 101 t2] fired 10 (10 API calls)
    gen: 10 results in 103.6s (avg 871 tok/ep)
    sandbox: 0.4s | pass=0 fail=10 no_code=0 | 54/64 done
  [step 101 t3] fired 10 (10 API calls)
    gen: 10 results in 155.3s (avg 668 tok/ep)
    sandbox: 0.4s | pass=0 fail=10 no_code=0 | 54/64 done
  [step 101 t4] fired 10 (10 API calls)
    gen: 10 results in 134.6s (avg 592 tok/ep)
    sandbox: 0.4s | pass=0 fail=10 no_code=0 | 64/64 done
    g0: 8/8 solved, rewards=[2.15,2.15,2.15,2.15,2.15,2.15,2.15,2.15] SKIP
    g1: 8/8 solved, rewards=[2.15,2.15,2.15,2.15,2.15,2.15,2.15,2.15] SKIP
    g2: 8/8 solved, rewards=[2.15,2.15,2.15,2.15,2.15,2.15,2.15,2.15] SKIP
    g3: 8/8 solved, rewards=[2.15,2.15,2.15,2.15,2.15,2.15,2.15,2.15] SKIP
    g4: 8/8 solved, rewards=[2.15,2.15,2.15,2.15,2.15,2.15,2.15,2.15] SKIP
    g5: 0/8 solved, rewards=[0.54,0.21,0.69,0.00,0.32,0.00,0.59,0.59] TRAIN std=0.257
    g6: 8/8 solved, rewards=[2.15,2.15,2.15,2.15,2.15,2.15,2.15,2.15] SKIP
    g7: 6/8 solved, rewards=[2.15,2.15,1.23,1.23,2.15,2.15,2.15,2.15] TRAIN std=0.397
  [step 101] training: 46 datums, 59687 comp tokens
  [step 101] train done: loss=0.0016 in 103.1s
[step 101/200] solve=0.84 reward=1.90±0.61 loss=0.0016 turns=1.5 disc=361 mast=59 skip=6/8 t=857.2s
  [step 102 t1] fired 64 (8 API calls)
    gen: 64 results in 613.0s (avg 2007 tok/ep)
    sandbox: 180.1s | pass=48 fail=16 no_code=0 | 48/64 done
  [step 102 t2] fired 16 (16 API calls)
Failed to send telemetry batch
Traceback (most recent call last):
  File "/workspace/venv/lib/python3.11/site-packages/httpx/_transports/default.py", line 101, in map_httpcore_exceptions
    yield
  File "/workspace/venv/lib/python3.11/site-packages/httpx/_transports/default.py", line 394, in handle_async_request
    resp = await self._pool.handle_async_request(req)
           ^^^^^^^^^^^^^^^^^^^^^^^^^^^^^^^^^^^^^^^^^^
  File "/workspace/venv/lib/python3.11/site-packages/httpcore/_async/connection_pool.py", line 256, in handle_async_request
    raise exc from None
  File "/workspace/venv/lib/python3.11/site-packages/httpcore/_async/connection_pool.py", line 236, in handle_async_request
    response = await connection.handle_async_request(
               ^^^^^^^^^^^^^^^^^^^^^^^^^^^^^^^^^^^^^^
  File "/workspace/venv/lib/python3.11/site-packages/httpcore/_async/connection.py", line 103, in handle_async_request
    return await self._connection.handle_async_request(request)
           ^^^^^^^^^^^^^^^^^^^^^^^^^^^^^^^^^^^^^^^^^^^^^^^^^^^^
  File "/workspace/venv/lib/python3.11/site-packages/httpcore/_async/http2.py", line 187, in handle_async_request
    raise exc
  File "/workspace/venv/lib/python3.11/site-packages/httpcore/_async/http2.py", line 150, in handle_async_request
    status, headers = await self._receive_response(
                      ^^^^^^^^^^^^^^^^^^^^^^^^^^^^^
  File "/workspace/venv/lib/python3.11/site-packages/httpcore/_async/http2.py", line 294, in _receive_response
    event = await self._receive_stream_event(request, stream_id)
            ^^^^^^^^^^^^^^^^^^^^^^^^^^^^^^^^^^^^^^^^^^^^^^^^^^^^
  File "/workspace/venv/lib/python3.11/site-packages/httpcore/_async/http2.py", line 336, in _receive_stream_event
    await self._receive_events(request, stream_id)
  File "/workspace/venv/lib/python3.11/site-packages/httpcore/_async/http2.py", line 364, in _receive_events
    events = await self._read_incoming_data(request)
             ^^^^^^^^^^^^^^^^^^^^^^^^^^^^^^^^^^^^^^^
  File "/workspace/venv/lib/python3.11/site-packages/httpcore/_async/http2.py", line 455, in _read_incoming_data
    raise exc
  File "/workspace/venv/lib/python3.11/site-packages/httpcore/_async/http2.py", line 441, in _read_incoming_data
    data = await self._network_stream.read(self.READ_NUM_BYTES, timeout)
           ^^^^^^^^^^^^^^^^^^^^^^^^^^^^^^^^^^^^^^^^^^^^^^^^^^^^^^^^^^^^^
  File "/workspace/venv/lib/python3.11/site-packages/httpcore/_backends/anyio.py", line 32, in read
    with map_exceptions(exc_map):
  File "/usr/lib/python3.11/contextlib.py", line 158, in __exit__
    self.gen.throw(typ, value, traceback)
  File "/workspace/venv/lib/python3.11/site-packages/httpcore/_exceptions.py", line 14, in map_exceptions
    raise to_exc(exc) from exc
httpcore.ReadTimeout

The above exception was the direct cause of the following exception:

Traceback (most recent call last):
  File "/workspace/venv/lib/python3.11/site-packages/tinker/_base_client.py", line 967, in request
    response = await self._client.send(
               ^^^^^^^^^^^^^^^^^^^^^^^^
  File "/workspace/venv/lib/python3.11/site-packages/httpx/_client.py", line 1629, in send
    response = await self._send_handling_auth(
               ^^^^^^^^^^^^^^^^^^^^^^^^^^^^^^^
  File "/workspace/venv/lib/python3.11/site-packages/httpx/_client.py", line 1657, in _send_handling_auth
    response = await self._send_handling_redirects(
               ^^^^^^^^^^^^^^^^^^^^^^^^^^^^^^^^^^^^
  File "/workspace/venv/lib/python3.11/site-packages/httpx/_client.py", line 1694, in _send_handling_redirects
    response = await self._send_single_request(request)
               ^^^^^^^^^^^^^^^^^^^^^^^^^^^^^^^^^^^^^^^^
  File "/workspace/venv/lib/python3.11/site-packages/httpx/_client.py", line 1730, in _send_single_request
    response = await transport.handle_async_request(request)
               ^^^^^^^^^^^^^^^^^^^^^^^^^^^^^^^^^^^^^^^^^^^^^
  File "/workspace/venv/lib/python3.11/site-packages/httpx/_transports/default.py", line 393, in handle_async_request
    with map_httpcore_exceptions():
  File "/usr/lib/python3.11/contextlib.py", line 158, in __exit__
    self.gen.throw(typ, value, traceback)
  File "/workspace/venv/lib/python3.11/site-packages/httpx/_transports/default.py", line 118, in map_httpcore_exceptions
    raise mapped_exc(message) from exc
httpx.ReadTimeout

The above exception was the direct cause of the following exception:

Traceback (most recent call last):
  File "/workspace/venv/lib/python3.11/site-packages/tinker/lib/telemetry.py", line 133, in _send_batch_with_retry
    return await self._send_batch(batch)
           ^^^^^^^^^^^^^^^^^^^^^^^^^^^^^
  File "/workspace/venv/lib/python3.11/site-packages/tinker/lib/telemetry.py", line 142, in _send_batch
    return await client.telemetry.send(request=request, timeout=HTTP_TIMEOUT_SECONDS)
           ^^^^^^^^^^^^^^^^^^^^^^^^^^^^^^^^^^^^^^^^^^^^^^^^^^^^^^^^^^^^^^^^^^^^^^^^^^
  File "/workspace/venv/lib/python3.11/site-packages/tinker/resources/telemetry.py", line 68, in send
    return await self._post(
           ^^^^^^^^^^^^^^^^^
  File "/workspace/venv/lib/python3.11/site-packages/tinker/_base_client.py", line 1230, in post
    return await self.request(cast_to, opts, stream=stream, stream_cls=stream_cls)
           ^^^^^^^^^^^^^^^^^^^^^^^^^^^^^^^^^^^^^^^^^^^^^^^^^^^^^^^^^^^^^^^^^^^^^^^
  File "/workspace/venv/lib/python3.11/site-packages/tinker/_base_client.py", line 985, in request
    raise APITimeoutError(request=request) from err
tinker.APITimeoutError: Request timed out.
    gen: 16 results in 216.0s (avg 1318 tok/ep)
Failed to send telemetry batch
Traceback (most recent call last):
  File "/workspace/venv/lib/python3.11/site-packages/httpx/_transports/default.py", line 101, in map_httpcore_exceptions
    yield
  File "/workspace/venv/lib/python3.11/site-packages/httpx/_transports/default.py", line 394, in handle_async_request
    resp = await self._pool.handle_async_request(req)
           ^^^^^^^^^^^^^^^^^^^^^^^^^^^^^^^^^^^^^^^^^^
  File "/workspace/venv/lib/python3.11/site-packages/httpcore/_async/connection_pool.py", line 256, in handle_async_request
    raise exc from None
  File "/workspace/venv/lib/python3.11/site-packages/httpcore/_async/connection_pool.py", line 236, in handle_async_request
    response = await connection.handle_async_request(
               ^^^^^^^^^^^^^^^^^^^^^^^^^^^^^^^^^^^^^^
  File "/workspace/venv/lib/python3.11/site-packages/httpcore/_async/connection.py", line 103, in handle_async_request
    return await self._connection.handle_async_request(request)
           ^^^^^^^^^^^^^^^^^^^^^^^^^^^^^^^^^^^^^^^^^^^^^^^^^^^^
  File "/workspace/venv/lib/python3.11/site-packages/httpcore/_async/http2.py", line 187, in handle_async_request
    raise exc
  File "/workspace/venv/lib/python3.11/site-packages/httpcore/_async/http2.py", line 150, in handle_async_request
    status, headers = await self._receive_response(
                      ^^^^^^^^^^^^^^^^^^^^^^^^^^^^^
  File "/workspace/venv/lib/python3.11/site-packages/httpcore/_async/http2.py", line 294, in _receive_response
    event = await self._receive_stream_event(request, stream_id)
            ^^^^^^^^^^^^^^^^^^^^^^^^^^^^^^^^^^^^^^^^^^^^^^^^^^^^
  File "/workspace/venv/lib/python3.11/site-packages/httpcore/_async/http2.py", line 336, in _receive_stream_event
    await self._receive_events(request, stream_id)
  File "/workspace/venv/lib/python3.11/site-packages/httpcore/_async/http2.py", line 364, in _receive_events
    events = await self._read_incoming_data(request)
             ^^^^^^^^^^^^^^^^^^^^^^^^^^^^^^^^^^^^^^^
  File "/workspace/venv/lib/python3.11/site-packages/httpcore/_async/http2.py", line 455, in _read_incoming_data
    raise exc
  File "/workspace/venv/lib/python3.11/site-packages/httpcore/_async/http2.py", line 441, in _read_incoming_data
    data = await self._network_stream.read(self.READ_NUM_BYTES, timeout)
           ^^^^^^^^^^^^^^^^^^^^^^^^^^^^^^^^^^^^^^^^^^^^^^^^^^^^^^^^^^^^^
  File "/workspace/venv/lib/python3.11/site-packages/httpcore/_backends/anyio.py", line 32, in read
    with map_exceptions(exc_map):
  File "/usr/lib/python3.11/contextlib.py", line 158, in __exit__
    self.gen.throw(typ, value, traceback)
  File "/workspace/venv/lib/python3.11/site-packages/httpcore/_exceptions.py", line 14, in map_exceptions
    raise to_exc(exc) from exc
httpcore.ReadTimeout

The above exception was the direct cause of the following exception:

Traceback (most recent call last):
  File "/workspace/venv/lib/python3.11/site-packages/tinker/_base_client.py", line 967, in request
    response = await self._client.send(
               ^^^^^^^^^^^^^^^^^^^^^^^^
  File "/workspace/venv/lib/python3.11/site-packages/httpx/_client.py", line 1629, in send
    response = await self._send_handling_auth(
               ^^^^^^^^^^^^^^^^^^^^^^^^^^^^^^^
  File "/workspace/venv/lib/python3.11/site-packages/httpx/_client.py", line 1657, in _send_handling_auth
    response = await self._send_handling_redirects(
               ^^^^^^^^^^^^^^^^^^^^^^^^^^^^^^^^^^^^
  File "/workspace/venv/lib/python3.11/site-packages/httpx/_client.py", line 1694, in _send_handling_redirects
    response = await self._send_single_request(request)
               ^^^^^^^^^^^^^^^^^^^^^^^^^^^^^^^^^^^^^^^^
  File "/workspace/venv/lib/python3.11/site-packages/httpx/_client.py", line 1730, in _send_single_request
    response = await transport.handle_async_request(request)
               ^^^^^^^^^^^^^^^^^^^^^^^^^^^^^^^^^^^^^^^^^^^^^
  File "/workspace/venv/lib/python3.11/site-packages/httpx/_transports/default.py", line 393, in handle_async_request
    with map_httpcore_exceptions():
  File "/usr/lib/python3.11/contextlib.py", line 158, in __exit__
    self.gen.throw(typ, value, traceback)
  File "/workspace/venv/lib/python3.11/site-packages/httpx/_transports/default.py", line 118, in map_httpcore_exceptions
    raise mapped_exc(message) from exc
httpx.ReadTimeout

The above exception was the direct cause of the following exception:

Traceback (most recent call last):
  File "/workspace/venv/lib/python3.11/site-packages/tinker/lib/telemetry.py", line 133, in _send_batch_with_retry
    return await self._send_batch(batch)
           ^^^^^^^^^^^^^^^^^^^^^^^^^^^^^
  File "/workspace/venv/lib/python3.11/site-packages/tinker/lib/telemetry.py", line 142, in _send_batch
    return await client.telemetry.send(request=request, timeout=HTTP_TIMEOUT_SECONDS)
           ^^^^^^^^^^^^^^^^^^^^^^^^^^^^^^^^^^^^^^^^^^^^^^^^^^^^^^^^^^^^^^^^^^^^^^^^^^
  File "/workspace/venv/lib/python3.11/site-packages/tinker/resources/telemetry.py", line 68, in send
    return await self._post(
           ^^^^^^^^^^^^^^^^^
  File "/workspace/venv/lib/python3.11/site-packages/tinker/_base_client.py", line 1230, in post
    return await self.request(cast_to, opts, stream=stream, stream_cls=stream_cls)
           ^^^^^^^^^^^^^^^^^^^^^^^^^^^^^^^^^^^^^^^^^^^^^^^^^^^^^^^^^^^^^^^^^^^^^^^
  File "/workspace/venv/lib/python3.11/site-packages/tinker/_base_client.py", line 985, in request
    raise APITimeoutError(request=request) from err
tinker.APITimeoutError: Request timed out.
    sandbox: 179.0s | pass=0 fail=16 no_code=0 | 48/64 done
  [step 102 t3] fired 16 (16 API calls)
    gen: 16 results in 86.8s (avg 793 tok/ep)
    sandbox: 178.9s | pass=0 fail=16 no_code=0 | 48/64 done
  [step 102 t4] fired 16 (16 API calls)
    gen: 16 results in 78.8s (avg 670 tok/ep)
    sandbox: 178.8s | pass=0 fail=16 no_code=0 | 64/64 done
    g0: 0/8 solved, rewards=[0.00,0.00,0.00,0.00,0.00,0.00,0.00,0.00] SKIP
    g1: 8/8 solved, rewards=[2.15,2.15,2.15,2.15,2.15,2.15,2.15,2.15] SKIP
    g2: 8/8 solved, rewards=[2.15,2.15,2.15,2.15,2.15,2.15,2.15,2.15] SKIP
    g3: 8/8 solved, rewards=[2.15,2.15,2.15,2.15,2.15,2.15,2.15,2.15] SKIP
    g4: 0/8 solved, rewards=[0.00,0.00,0.00,0.30,0.00,0.05,0.00,0.00] TRAIN std=0.097
    g5: 8/8 solved, rewards=[2.15,2.15,2.15,2.15,2.15,2.15,2.15,2.15] SKIP
    g6: 8/8 solved, rewards=[2.15,2.15,2.15,2.15,2.15,2.15,2.15,2.15] SKIP
    g7: 8/8 solved, rewards=[2.15,2.15,2.15,2.15,2.15,2.15,2.15,2.15] SKIP
  [step 102] training: 32 datums, 58851 comp tokens
  [step 102] train done: loss=-0.0001 in 7.1s
[step 102/200] solve=0.75 reward=1.62±0.92 loss=-0.0001 turns=1.8 disc=364 mast=60 skip=7/8 t=1719.3s
  [step 103 t1] fired 64 (8 API calls)
    gen: 64 results in 302.6s (avg 1568 tok/ep)
    sandbox: 178.5s | pass=27 fail=37 no_code=0 | 27/64 done
  [step 103 t2] fired 37 (37 API calls)
    gen: 37 results in 101.3s (avg 954 tok/ep)
    sandbox: 71.4s | pass=0 fail=37 no_code=0 | 27/64 done
  [step 103 t3] fired 37 (37 API calls)
    gen: 37 results in 67.0s (avg 622 tok/ep)
    sandbox: 71.7s | pass=1 fail=36 no_code=0 | 28/64 done
  [step 103 t4] fired 36 (36 API calls)
    gen: 36 results in 104.2s (avg 528 tok/ep)
    sandbox: 71.5s | pass=3 fail=33 no_code=0 | 64/64 done
    g0: 4/8 solved, rewards=[0.40,0.40,2.13,2.33,2.05,2.13,0.40,0.40] TRAIN std=0.884
    g1: 1/8 solved, rewards=[0.16,2.15,0.00,0.21,0.11,0.00,0.00,0.00] TRAIN std=0.693
    g2: 8/8 solved, rewards=[2.15,2.15,2.15,2.15,2.15,2.15,2.15,2.15] SKIP
    g3: 0/8 solved, rewards=[0.29,0.29,0.29,0.29,0.29,0.29,0.29,0.29] SKIP
    g4: 0/8 solved, rewards=[0.10,0.23,1.20,1.20,1.20,1.20,0.20,0.20] TRAIN std=0.510
    g5: 8/8 solved, rewards=[2.15,2.15,2.15,2.15,2.15,2.15,2.15,2.15] SKIP
    g6: 8/8 solved, rewards=[2.15,2.15,2.15,2.15,2.15,2.15,2.15,2.15] SKIP
    g7: 2/8 solved, rewards=[2.15,2.03,1.10,2.15,0.80,0.80,1.30,0.80] TRAIN std=0.582
  [step 103] training: 118 datums, 139335 comp tokens
  [step 103] train done: loss=0.0021 in 9.1s
[step 103/200] solve=0.48 reward=1.30±0.89 loss=0.0021 turns=2.7 disc=367 mast=63 skip=4/8 t=978.5s
  [step 104 t1] fired 64 (8 API calls)
    gen: 64 results in 563.6s (avg 2318 tok/ep)
    sandbox: 207.0s | pass=37 fail=27 no_code=0 | 37/64 done
  [step 104 t2] fired 27 (27 API calls)
    gen: 27 results in 235.7s (avg 1581 tok/ep)
    sandbox: 184.4s | pass=3 fail=24 no_code=0 | 40/64 done
  [step 104 t3] fired 24 (24 API calls)
    gen: 24 results in 115.4s (avg 1138 tok/ep)
    sandbox: 180.3s | pass=0 fail=24 no_code=0 | 40/64 done
  [step 104 t4] fired 24 (24 API calls)
    gen: 24 results in 166.6s (avg 737 tok/ep)
    sandbox: 179.9s | pass=0 fail=24 no_code=0 | 64/64 done
    g0: 0/8 solved, rewards=[0.79,1.25,1.18,1.55,1.18,0.91,1.18,1.18] TRAIN std=0.213
    g1: 8/8 solved, rewards=[2.15,2.15,2.15,2.15,2.15,2.15,2.15,2.15] SKIP
    g2: 5/8 solved, rewards=[2.21,0.47,2.15,2.15,2.15,0.44,0.53,2.15] TRAIN std=0.815
    g3: 8/8 solved, rewards=[2.15,2.15,2.15,2.15,2.15,2.15,2.15,2.15] SKIP
    g4: 6/8 solved, rewards=[2.30,2.15,1.07,2.15,2.15,2.15,2.15,2.15] TRAIN std=0.367
    g5: 4/8 solved, rewards=[2.15,2.15,0.64,1.39,2.15,1.84,2.15,1.39] TRAIN std=0.516
    g6: 8/8 solved, rewards=[2.15,2.15,2.15,2.15,2.15,2.15,2.15,2.57] TRAIN std=0.138
    g7: 1/8 solved, rewards=[0.00,2.10,1.12,1.19,0.55,0.00,0.47,0.00] TRAIN std=0.700
  [step 104] training: 123 datums, 221757 comp tokens
  [step 104] train done: loss=-1.0107 in 37.5s
[step 104/200] solve=0.62 reward=1.70±0.69 loss=-1.0107 turns=2.2 disc=369 mast=65 skip=2/8 t=1871.5s
  [step 105 t1] fired 64 (8 API calls)
    gen: 64 results in 323.9s (avg 2158 tok/ep)
    sandbox: 104.9s | pass=34 fail=30 no_code=0 | 34/64 done
  [step 105 t2] fired 30 (30 API calls)
    gen: 30 results in 301.8s (avg 1192 tok/ep)
    sandbox: 96.8s | pass=2 fail=28 no_code=0 | 36/64 done
  [step 105 t3] fired 28 (28 API calls)
    gen: 28 results in 434.4s (avg 834 tok/ep)
    sandbox: 46.0s | pass=1 fail=27 no_code=0 | 37/64 done
  [step 105 t4] fired 27 (27 API calls)
    gen: 27 results in 532.4s (avg 577 tok/ep)
    sandbox: 45.6s | pass=2 fail=25 no_code=0 | 64/64 done
    g0: 7/8 solved, rewards=[2.15,2.15,2.15,2.15,2.15,2.15,2.15,0.75] TRAIN std=0.463
    g1: 4/8 solved, rewards=[1.40,2.47,1.40,3.32,0.90,2.47,1.40,2.15] TRAIN std=0.746
    g2: 8/8 solved, rewards=[2.15,2.15,2.15,2.15,2.15,2.15,2.15,2.15] SKIP
    g3: 5/8 solved, rewards=[2.15,0.93,2.15,2.15,2.15,0.60,2.15,0.60] TRAIN std=0.703
    g4: 0/8 solved, rewards=[0.43,0.43,0.43,0.43,0.43,0.43,0.43,0.43] SKIP
    g5: 4/8 solved, rewards=[0.14,2.10,2.10,0.00,0.64,1.24,2.15,2.15] TRAIN std=0.879
    g6: 3/8 solved, rewards=[1.04,1.77,1.30,0.70,1.87,2.15,2.15,2.15] TRAIN std=0.525
    g7: 8/8 solved, rewards=[2.15,2.15,2.15,2.15,2.15,2.15,2.15,2.15] SKIP
  [step 105] training: 101 datums, 166420 comp tokens
  [step 105] train done: loss=0.0011 in 44.9s
  [step 105] dumped 64 train trajectories to checkpoints/lcb_path_dep_lcbv5_s42/train_trajectories_step_0105.jsonl
[step 105/200] solve=0.61 reward=1.65±0.76 loss=0.0011 turns=2.3 disc=370 mast=68 skip=3/8 t=1931.8s
  [step 106 t1] fired 64 (8 API calls)
    gen: 64 results in 154.1s (avg 2536 tok/ep)
    sandbox: 109.6s | pass=22 fail=39 no_code=3 | 22/64 done
  [step 106 t2] fired 42 (42 API calls)
    gen: 42 results in 205.6s (avg 1232 tok/ep)
    sandbox: 112.0s | pass=3 fail=39 no_code=0 | 25/64 done
  [step 106 t3] fired 39 (39 API calls)
    gen: 39 results in 128.4s (avg 825 tok/ep)
    sandbox: 115.6s | pass=0 fail=39 no_code=0 | 25/64 done
  [step 106 t4] fired 39 (39 API calls)
    gen: 39 results in 61.8s (avg 650 tok/ep)
    sandbox: 124.7s | pass=1 fail=38 no_code=0 | 64/64 done
    g0: 0/8 solved, rewards=[0.11,0.82,0.75,0.31,0.18,0.00,0.01,0.90] TRAIN std=0.354
    g1: 7/8 solved, rewards=[2.15,2.15,2.07,2.15,2.15,2.15,2.57,2.15] TRAIN std=0.144
    g2: 0/8 solved, rewards=[0.21,0.21,0.21,0.35,0.21,0.21,0.21,0.21] TRAIN std=0.045
    g3: 0/8 solved, rewards=[1.13,0.80,1.20,2.15,1.40,0.70,1.87,1.61] TRAIN std=0.470
    g4: 8/8 solved, rewards=[2.15,2.15,2.15,2.15,2.42,2.15,2.48,2.15] TRAIN std=0.130
    g5: 8/8 solved, rewards=[2.15,2.15,2.15,2.15,2.15,2.10,2.15,2.15] TRAIN std=0.017
    g6: 0/8 solved, rewards=[0.26,0.26,0.26,0.26,0.26,0.26,0.26,0.26] SKIP
    g7: 3/8 solved, rewards=[2.15,1.18,-0.10,1.08,2.15,1.29,1.25,2.15] TRAIN std=0.718
  [step 106] training: 152 datums, 248113 comp tokens
  [step 106] train done: loss=-0.0001 in 12.7s
[step 106/200] solve=0.41 reward=1.27±0.89 loss=-0.0001 turns=2.9 disc=371 mast=69 skip=1/8 t=1025.9s
  [step 107 t1] fired 64 (8 API calls)
    gen: 64 results in 272.5s (avg 2148 tok/ep)
    sandbox: 286.3s | pass=19 fail=44 no_code=1 | 19/64 done
  [step 107 t2] fired 45 (45 API calls)
    gen: 45 results in 136.2s (avg 1396 tok/ep)
    sandbox: 107.8s | pass=1 fail=44 no_code=0 | 20/64 done
  [step 107 t3] fired 44 (44 API calls)
    gen: 44 results in 112.1s (avg 892 tok/ep)
    sandbox: 105.8s | pass=0 fail=44 no_code=0 | 20/64 done
  [step 107 t4] fired 44 (44 API calls)
    gen: 44 results in 75.4s (avg 615 tok/ep)
    sandbox: 105.3s | pass=0 fail=44 no_code=0 | 64/64 done
    g0: 0/8 solved, rewards=[0.32,0.32,0.32,1.39,0.32,1.18,0.32,1.18] TRAIN std=0.454
    g1: 0/8 solved, rewards=[0.07,1.67,0.07,0.47,0.20,0.20,0.20,0.00] TRAIN std=0.512
    g2: 0/8 solved, rewards=[2.44,0.94,1.74,0.94,0.94,0.94,1.74,0.88] TRAIN std=0.546
    g3: 8/8 solved, rewards=[2.15,2.15,2.15,2.15,2.15,2.15,2.15,2.15] SKIP
    g4: 0/8 solved, rewards=[0.20,0.20,0.20,0.20,0.16,0.20,0.20,0.20] TRAIN std=0.015
    g5: 0/8 solved, rewards=[0.39,0.46,0.72,0.39,0.49,0.59,0.59,0.79] TRAIN std=0.138
    g6: 4/8 solved, rewards=[2.10,0.08,0.08,2.15,0.08,1.63,2.15,2.15] TRAIN std=0.960
    g7: 8/8 solved, rewards=[2.15,2.15,2.15,2.15,2.15,2.15,2.15,2.15] SKIP
  [step 107] training: 181 datums, 250402 comp tokens
  [step 107] train done: loss=0.0013 in 13.5s
[step 107/200] solve=0.31 reward=1.09±0.85 loss=0.0013 turns=3.1 disc=372 mast=69 skip=2/8 t=1216.5s
  [step 108 t1] fired 64 (8 API calls)
    gen: 64 results in 244.8s (avg 1728 tok/ep)
    sandbox: 162.6s | pass=41 fail=23 no_code=0 | 41/64 done
  [step 108 t2] fired 23 (23 API calls)
    gen: 23 results in 101.8s (avg 1013 tok/ep)
    sandbox: 14.3s | pass=1 fail=22 no_code=0 | 42/64 done
  [step 108 t3] fired 22 (22 API calls)
    gen: 22 results in 63.9s (avg 742 tok/ep)
    sandbox: 13.1s | pass=0 fail=22 no_code=0 | 42/64 done
  [step 108 t4] fired 22 (22 API calls)
    gen: 22 results in 46.6s (avg 598 tok/ep)
    sandbox: 95.0s | pass=0 fail=22 no_code=0 | 64/64 done
    g0: 0/8 solved, rewards=[0.00,0.00,0.00,0.00,0.00,0.00,0.00,0.00] SKIP
    g1: 8/8 solved, rewards=[2.15,2.15,2.15,2.15,2.15,2.15,2.15,2.15] SKIP
    g2: 8/8 solved, rewards=[2.15,2.15,2.15,2.15,2.15,2.15,2.15,2.15] SKIP
    g3: 8/8 solved, rewards=[2.15,2.15,2.15,2.15,2.15,2.15,2.15,2.15] SKIP
    g4: 8/8 solved, rewards=[2.15,2.15,2.15,2.10,2.15,2.15,2.15,2.15] TRAIN std=0.017
    g5: 2/8 solved, rewards=[0.54,0.64,0.36,0.64,0.96,2.15,0.64,2.15] TRAIN std=0.676
    g6: 8/8 solved, rewards=[2.15,2.15,2.15,2.15,2.15,2.15,2.15,2.15] SKIP
    g7: 0/8 solved, rewards=[2.29,2.15,0.86,2.29,0.86,1.18,0.32,1.39] TRAIN std=0.701
  [step 108] training: 67 datums, 66896 comp tokens
  [step 108] train done: loss=-0.0000 in 5.4s
[step 108/200] solve=0.66 reward=1.65±0.82 loss=-0.0000 turns=2.0 disc=374 mast=70 skip=5/8 t=748.2s
  [step 109 t1] fired 64 (8 API calls)
    gen: 64 results in 279.2s (avg 2222 tok/ep)
    sandbox: 83.9s | pass=41 fail=23 no_code=0 | 41/64 done
  [step 109 t2] fired 23 (23 API calls)
    gen: 23 results in 162.3s (avg 1253 tok/ep)
    sandbox: 83.0s | pass=3 fail=20 no_code=0 | 44/64 done
  [step 109 t3] fired 20 (20 API calls)
    gen: 20 results in 56.4s (avg 814 tok/ep)
    sandbox: 11.5s | pass=1 fail=19 no_code=0 | 45/64 done
  [step 109 t4] fired 19 (19 API calls)
    gen: 19 results in 42.5s (avg 613 tok/ep)
    sandbox: 10.5s | pass=0 fail=19 no_code=0 | 64/64 done
    g0: 0/8 solved, rewards=[0.00,0.00,0.00,0.00,0.00,0.00,0.00,0.00] SKIP
    g1: 2/8 solved, rewards=[1.05,2.52,1.26,1.26,1.26,1.26,2.15,1.26] TRAIN std=0.493
    g2: 8/8 solved, rewards=[2.15,2.15,2.15,2.15,2.15,2.15,2.15,2.15] SKIP
    g3: 8/8 solved, rewards=[2.15,2.15,2.15,2.15,2.15,2.15,2.15,2.15] SKIP
    g4: 8/8 solved, rewards=[2.15,2.15,2.15,2.15,2.15,2.15,2.15,2.15] SKIP
    g5: 4/8 solved, rewards=[1.23,2.50,2.15,2.15,1.50,2.43,2.15,1.83] TRAIN std=0.414
    g6: 7/8 solved, rewards=[2.15,0.07,2.15,2.30,2.17,2.15,2.15,2.15] TRAIN std=0.698
    g7: 8/8 solved, rewards=[2.15,2.15,2.15,2.15,2.15,2.15,2.15,2.15] SKIP
  [step 109] training: 62 datums, 103724 comp tokens
  [step 109] train done: loss=-0.0005 in 7.0s
[step 109/200] solve=0.70 reward=1.75±0.77 loss=-0.0005 turns=2.0 disc=379 mast=71 skip=5/8 t=737.2s
  [step 110 t1] fired 64 (8 API calls)
    gen: 64 results in 275.0s (avg 2568 tok/ep)
    sandbox: 184.1s | pass=29 fail=33 no_code=2 | 29/64 done
  [step 110 t2] fired 35 (35 API calls)
    gen: 35 results in 96.2s (avg 1240 tok/ep)
    sandbox: 180.9s | pass=3 fail=32 no_code=0 | 32/64 done
  [step 110 t3] fired 32 (32 API calls)
    gen: 32 results in 101.2s (avg 822 tok/ep)
    sandbox: 179.8s | pass=2 fail=30 no_code=0 | 34/64 done
  [step 110 t4] fired 30 (30 API calls)
    gen: 30 results in 66.4s (avg 656 tok/ep)
    sandbox: 179.8s | pass=0 fail=30 no_code=0 | 64/64 done
    g0: 6/8 solved, rewards=[2.15,2.15,2.49,1.29,2.19,2.15,2.15,2.15] TRAIN std=0.323
    g1: 8/8 solved, rewards=[2.15,2.15,2.15,2.15,2.15,2.15,2.15,2.15] SKIP
    g2: 0/8 solved, rewards=[0.52,0.00,0.00,0.27,0.00,0.00,0.00,0.27] TRAIN std=0.186
    g3: 8/8 solved, rewards=[2.15,2.15,2.15,2.15,2.15,2.15,2.15,2.15] SKIP
    g4: 5/8 solved, rewards=[0.97,2.15,2.32,2.49,1.56,2.15,2.94,1.33] TRAIN std=0.611
    g5: 1/8 solved, rewards=[0.67,1.02,0.59,0.83,1.50,0.39,2.15,0.59] TRAIN std=0.548
    g6: 5/8 solved, rewards=[2.15,2.15,0.50,0.50,1.43,2.15,2.15,2.15] TRAIN std=0.702
    g7: 1/8 solved, rewards=[2.05,0.86,1.95,3.23,0.82,2.32,3.59,1.95] TRAIN std=0.919
  [step 110] training: 145 datums, 240037 comp tokens
  [step 110] train done: loss=0.0045 in 13.3s
  [step 110] dumped 64 train trajectories to checkpoints/lcb_path_dep_lcbv5_s42/train_trajectories_step_0110.jsonl
[step 110/200] solve=0.53 reward=1.65±0.86 loss=0.0045 turns=2.5 disc=382 mast=73 skip=2/8 t=1278.7s
[eval] Running on 20 problems...
[eval] step=110: 10/20 = 0.50
[eval] Trajectories saved to checkpoints/lcb_path_dep_lcbv5_s42/eval_trajectories_step_0110.jsonl
  [step 111 t1] fired 64 (8 API calls)
    gen: 64 results in 175.0s (avg 1761 tok/ep)
    sandbox: 107.6s | pass=24 fail=40 no_code=0 | 24/64 done
  [step 111 t2] fired 40 (40 API calls)
    gen: 40 results in 84.0s (avg 911 tok/ep)
    sandbox: 106.8s | pass=2 fail=38 no_code=0 | 26/64 done
  [step 111 t3] fired 38 (38 API calls)
    gen: 38 results in 75.3s (avg 731 tok/ep)
    sandbox: 106.3s | pass=1 fail=37 no_code=0 | 27/64 done
  [step 111 t4] fired 37 (37 API calls)
    gen: 37 results in 59.0s (avg 542 tok/ep)
    sandbox: 106.5s | pass=0 fail=37 no_code=0 | 64/64 done
    g0: 8/8 solved, rewards=[2.15,2.15,2.15,2.15,2.15,2.15,2.15,2.15] SKIP
    g1: 0/8 solved, rewards=[1.40,1.40,0.63,1.40,1.40,1.40,1.40,0.79] TRAIN std=0.303
    g2: 7/8 solved, rewards=[2.32,0.80,2.15,2.15,2.15,2.15,2.15,2.15] TRAIN std=0.458
    g3: 0/8 solved, rewards=[0.00,0.00,0.00,0.00,0.00,0.00,0.00,0.00] SKIP
    g4: 2/8 solved, rewards=[0.00,0.11,2.24,0.25,0.00,0.00,2.15,0.54] TRAIN std=0.903
    g5: 2/8 solved, rewards=[0.30,2.15,1.20,0.27,2.15,0.00,0.40,0.40] TRAIN std=0.812
    g6: 8/8 solved, rewards=[2.49,2.15,2.15,2.15,2.15,2.15,2.15,2.15] TRAIN std=0.111
    g7: 0/8 solved, rewards=[0.96,1.07,1.02,0.96,0.96,1.00,0.54,0.96] TRAIN std=0.155
  [step 111] training: 139 datums, 170043 comp tokens
  [step 111] train done: loss=0.0010 in 74.1s
[step 111/200] solve=0.42 reward=1.25±0.88 loss=0.0010 turns=2.8 disc=382 mast=73 skip=2/8 t=895.6s
  [step 112 t1] fired 64 (8 API calls)
    gen: 64 results in 194.4s (avg 1240 tok/ep)
    sandbox: 119.3s | pass=54 fail=10 no_code=0 | 54/64 done
  [step 112 t2] fired 10 (10 API calls)
    gen: 10 results in 43.5s (avg 670 tok/ep)
    sandbox: 77.2s | pass=6 fail=4 no_code=0 | 60/64 done
  [step 112 t3] fired 4 (4 API calls)
    gen: 4 results in 25.3s (avg 787 tok/ep)
    sandbox: 79.2s | pass=2 fail=2 no_code=0 | 62/64 done
  [step 112 t4] fired 2 (2 API calls)
    gen: 2 results in 15.8s (avg 684 tok/ep)
    sandbox: 4.4s | pass=1 fail=1 no_code=0 | 64/64 done
    g0: 7/8 solved, rewards=[1.23,2.50,2.31,2.15,2.15,2.15,2.24,2.24] TRAIN std=0.354
    g1: 8/8 solved, rewards=[2.15,2.15,2.15,2.32,2.47,2.32,2.15,2.27] TRAIN std=0.112
    g2: 8/8 solved, rewards=[2.15,2.15,2.15,2.15,2.15,2.15,2.15,2.15] SKIP
    g3: 8/8 solved, rewards=[2.15,2.15,2.15,2.15,2.15,2.15,2.15,2.15] SKIP
    g4: 8/8 solved, rewards=[2.15,2.15,2.15,2.15,2.15,2.15,2.15,2.15] SKIP
    g5: 8/8 solved, rewards=[2.15,2.15,2.15,2.15,2.15,2.15,2.15,2.10] TRAIN std=0.017
    g6: 8/8 solved, rewards=[2.15,2.15,2.15,2.15,2.15,2.15,2.15,2.15] SKIP
    g7: 8/8 solved, rewards=[2.15,2.15,2.15,2.15,2.15,2.15,2.15,2.15] SKIP
  [step 112] training: 40 datums, 61153 comp tokens
  [step 112] train done: loss=-0.0173 in 5.3s
[step 112/200] solve=0.98 reward=2.16±0.14 loss=-0.0173 turns=1.2 disc=385 mast=75 skip=5/8 t=564.8s
  [step 113 t1] fired 64 (8 API calls)
    gen: 64 results in 179.5s (avg 1552 tok/ep)
    sandbox: 178.7s | pass=45 fail=19 no_code=0 | 45/64 done
  [step 113 t2] fired 19 (19 API calls)
    gen: 19 results in 97.5s (avg 949 tok/ep)
    sandbox: 178.7s | pass=1 fail=18 no_code=0 | 46/64 done
  [step 113 t3] fired 18 (18 API calls)
    gen: 18 results in 70.0s (avg 763 tok/ep)
    sandbox: 178.7s | pass=0 fail=18 no_code=0 | 46/64 done
  [step 113 t4] fired 18 (18 API calls)
    gen: 18 results in 29.1s (avg 600 tok/ep)
    sandbox: 178.5s | pass=1 fail=17 no_code=0 | 64/64 done
    g0: 8/8 solved, rewards=[2.15,2.15,2.15,2.15,2.15,2.15,2.15,2.15] SKIP
    g1: 8/8 solved, rewards=[2.15,2.15,2.15,2.15,2.15,2.15,2.15,2.15] SKIP
    g2: 0/8 solved, rewards=[0.00,0.00,0.25,0.21,0.00,0.00,0.00,0.00] TRAIN std=0.101
    g3: 8/8 solved, rewards=[2.15,2.15,2.15,2.15,2.15,2.15,2.15,2.15] SKIP
    g4: 8/8 solved, rewards=[2.15,2.15,2.15,2.15,2.15,2.15,2.15,2.15] SKIP
    g5: 0/8 solved, rewards=[0.69,1.38,1.38,1.38,1.27,1.27,1.27,1.27] TRAIN std=0.214
    g6: 7/8 solved, rewards=[2.15,1.10,2.15,2.15,2.47,2.15,2.15,2.57] TRAIN std=0.413
    g7: 8/8 solved, rewards=[2.15,2.15,2.15,2.15,2.15,2.15,2.15,2.15] SKIP
  [step 113] training: 79 datums, 97574 comp tokens
  [step 113] train done: loss=0.0035 in 11.4s
[step 113/200] solve=0.73 reward=1.77±0.73 loss=0.0035 turns=1.9 disc=385 mast=76 skip=5/8 t=1102.7s
  [step 114 t1] fired 64 (8 API calls)
    gen: 64 results in 183.3s (avg 1361 tok/ep)
    sandbox: 94.4s | pass=46 fail=18 no_code=0 | 46/64 done
  [step 114 t2] fired 18 (18 API calls)
    gen: 18 results in 100.0s (avg 1201 tok/ep)
    sandbox: 96.0s | pass=5 fail=13 no_code=0 | 51/64 done
  [step 114 t3] fired 13 (13 API calls)
    gen: 13 results in 43.8s (avg 636 tok/ep)
    sandbox: 95.8s | pass=2 fail=11 no_code=0 | 53/64 done
  [step 114 t4] fired 11 (11 API calls)
    gen: 11 results in 32.0s (avg 480 tok/ep)
    sandbox: 95.9s | pass=1 fail=10 no_code=0 | 64/64 done
    g0: 6/8 solved, rewards=[2.10,2.30,2.05,2.15,0.00,2.10,0.00,2.10] TRAIN std=0.926
    g1: 7/8 solved, rewards=[2.15,2.15,2.15,2.28,2.15,1.07,2.15,2.15] TRAIN std=0.365
    g2: 8/8 solved, rewards=[2.15,2.15,2.15,2.15,2.15,2.15,2.15,2.15] SKIP
    g3: 8/8 solved, rewards=[2.15,2.15,2.15,2.15,2.15,2.15,2.15,2.15] SKIP
    g4: 1/8 solved, rewards=[2.43,2.73,1.30,2.73,1.30,1.30,1.30,1.30] TRAIN std=0.651
    g5: 8/8 solved, rewards=[2.15,2.15,2.15,2.15,2.48,2.15,2.15,2.15] TRAIN std=0.110
    g6: 8/8 solved, rewards=[2.15,2.15,2.15,2.15,2.15,2.15,2.15,2.15] SKIP
    g7: 8/8 solved, rewards=[2.15,2.15,2.15,2.15,2.15,2.15,2.15,2.15] SKIP
  [step 114] training: 74 datums, 82680 comp tokens
  [step 114] train done: loss=-0.0010 in 10.6s
[step 114/200] solve=0.84 reward=2.03±0.47 loss=-0.0010 turns=1.7 disc=386 mast=78 skip=4/8 t=752.1s
  [step 115 t1] fired 64 (8 API calls)
    gen: 64 results in 103.2s (avg 1011 tok/ep)
    sandbox: 10.7s | pass=58 fail=6 no_code=0 | 58/64 done
  [step 115 t2] fired 6 (6 API calls)
    gen: 6 results in 33.7s (avg 990 tok/ep)
    sandbox: 5.2s | pass=3 fail=3 no_code=0 | 61/64 done
  [step 115 t3] fired 3 (3 API calls)
    gen: 3 results in 25.0s (avg 841 tok/ep)
    sandbox: 0.3s | pass=1 fail=2 no_code=0 | 62/64 done
  [step 115 t4] fired 2 (2 API calls)
    gen: 2 results in 27.1s (avg 704 tok/ep)
    sandbox: 0.2s | pass=1 fail=1 no_code=0 | 64/64 done
    g0: 8/8 solved, rewards=[2.15,2.15,2.30,2.15,2.15,2.15,2.15,2.15] TRAIN std=0.050
    g1: 7/8 solved, rewards=[2.15,2.15,2.21,1.67,2.56,2.15,2.15,2.48] TRAIN std=0.250
    g2: 8/8 solved, rewards=[2.15,2.15,2.15,2.15,2.15,2.15,2.15,2.15] SKIP
    g3: 8/8 solved, rewards=[2.15,2.15,2.15,2.15,2.15,2.15,2.15,2.15] SKIP
    g4: 8/8 solved, rewards=[2.15,2.15,2.15,2.15,2.15,2.15,2.15,2.15] SKIP
    g5: 8/8 solved, rewards=[2.15,2.15,2.15,2.15,2.15,2.15,2.15,2.15] SKIP
    g6: 8/8 solved, rewards=[2.15,2.15,2.15,2.15,2.15,2.15,2.15,2.15] SKIP
    g7: 8/8 solved, rewards=[2.15,2.15,2.15,2.15,2.15,2.15,2.43,2.15] TRAIN std=0.094
  [step 115] training: 35 datums, 37736 comp tokens
  [step 115] train done: loss=-0.0009 in 5.0s
  [step 115] dumped 64 train trajectories to checkpoints/lcb_path_dep_lcbv5_s42/train_trajectories_step_0115.jsonl
[step 115/200] solve=0.98 reward=2.16±0.10 loss=-0.0009 turns=1.2 disc=388 mast=78 skip=5/8 t=210.6s
  [step 116 t1] fired 64 (8 API calls)
    gen: 64 results in 240.0s (avg 1389 tok/ep)
    sandbox: 173.0s | pass=32 fail=32 no_code=0 | 32/64 done
  [step 116 t2] fired 32 (32 API calls)
    gen: 32 results in 138.1s (avg 1030 tok/ep)
    sandbox: 172.7s | pass=1 fail=31 no_code=0 | 33/64 done
  [step 116 t3] fired 31 (31 API calls)
    gen: 31 results in 108.7s (avg 649 tok/ep)
    sandbox: 173.1s | pass=1 fail=30 no_code=0 | 34/64 done
  [step 116 t4] fired 30 (30 API calls)
    gen: 30 results in 32.9s (avg 457 tok/ep)
    sandbox: 172.8s | pass=0 fail=30 no_code=0 | 64/64 done
    g0: 8/8 solved, rewards=[2.15,2.15,2.15,2.15,2.15,2.15,2.15,2.15] SKIP
    g1: 0/8 solved, rewards=[0.00,0.00,0.00,0.00,0.00,0.00,0.00,0.00] SKIP
    g2: 1/8 solved, rewards=[0.89,0.21,0.00,0.43,0.21,2.16,0.27,0.00] TRAIN std=0.672
    g3: 8/8 solved, rewards=[2.15,2.15,2.15,2.15,2.15,2.15,2.15,2.15] SKIP
    g4: 8/8 solved, rewards=[2.15,2.15,2.15,2.15,2.15,2.15,2.15,2.15] SKIP
    g5: 1/8 solved, rewards=[2.53,1.30,1.20,1.30,1.30,1.30,1.30,2.73] TRAIN std=0.588
    g6: 0/8 solved, rewards=[0.33,0.11,0.33,0.37,0.28,0.33,0.33,0.28] TRAIN std=0.075
    g7: 8/8 solved, rewards=[2.15,2.15,2.15,2.15,2.15,2.15,2.15,2.15] SKIP
  [step 116] training: 93 datums, 105430 comp tokens
  [step 116] train done: loss=-0.0008 in 13.5s
[step 116/200] solve=0.53 reward=1.38±0.94 loss=-0.0008 turns=2.5 disc=390 mast=78 skip=5/8 t=1225.8s
  [step 117 t1] fired 64 (8 API calls)
    gen: 64 results in 258.3s (avg 1817 tok/ep)
    sandbox: 135.9s | pass=27 fail=37 no_code=0 | 27/64 done
  [step 117 t2] fired 37 (37 API calls)
    gen: 37 results in 138.6s (avg 1374 tok/ep)
    sandbox: 115.2s | pass=4 fail=33 no_code=0 | 31/64 done
  [step 117 t3] fired 33 (33 API calls)
    gen: 33 results in 201.9s (avg 1032 tok/ep)
    sandbox: 104.7s | pass=1 fail=32 no_code=0 | 32/64 done
  [step 117 t4] fired 32 (32 API calls)
    gen: 32 results in 102.4s (avg 673 tok/ep)
    sandbox: 100.9s | pass=0 fail=32 no_code=0 | 64/64 done
    g0: 8/8 solved, rewards=[2.15,2.15,2.15,2.15,2.15,2.15,2.15,2.39] TRAIN std=0.079
    g1: 0/8 solved, rewards=[2.48,1.10,2.66,1.52,1.65,1.89,0.92,0.00] TRAIN std=0.808
    g2: 8/8 solved, rewards=[2.15,2.33,2.33,2.54,2.15,2.15,2.15,2.15] TRAIN std=0.136
    g3: 0/8 solved, rewards=[0.00,0.98,2.75,1.75,0.48,1.30,2.54,1.83] TRAIN std=0.895
    g4: 8/8 solved, rewards=[2.15,2.15,2.15,2.15,2.15,2.15,2.15,2.15] SKIP
    g5: 8/8 solved, rewards=[2.43,2.15,2.15,2.15,2.15,2.15,2.15,2.15] TRAIN std=0.094
    g6: 0/8 solved, rewards=[1.18,1.18,1.18,1.18,1.18,1.18,1.18,1.18] SKIP
    g7: 0/8 solved, rewards=[1.34,1.73,1.34,1.15,1.22,1.91,1.09,0.73] TRAIN std=0.347
  [step 117] training: 126 datums, 197731 comp tokens
  [step 117] train done: loss=-0.0040 in 16.7s
[step 117/200] solve=0.50 reward=1.78±0.62 loss=-0.0040 turns=2.6 disc=391 mast=79 skip=2/8 t=1175.6s
  [step 118 t1] fired 64 (8 API calls)
    gen: 64 results in 226.6s (avg 1667 tok/ep)
    sandbox: 183.6s | pass=40 fail=24 no_code=0 | 40/64 done
  [step 118 t2] fired 24 (24 API calls)
    gen: 24 results in 146.2s (avg 1162 tok/ep)
    sandbox: 178.4s | pass=0 fail=24 no_code=0 | 40/64 done
  [step 118 t3] fired 24 (24 API calls)
    gen: 24 results in 81.5s (avg 735 tok/ep)
    sandbox: 178.3s | pass=0 fail=24 no_code=0 | 40/64 done
  [step 118 t4] fired 24 (24 API calls)
    gen: 24 results in 47.9s (avg 580 tok/ep)
    sandbox: 178.3s | pass=0 fail=24 no_code=0 | 64/64 done
    g0: 8/8 solved, rewards=[2.15,2.15,2.15,2.15,2.15,2.15,2.15,2.15] SKIP
    g1: 0/8 solved, rewards=[1.07,1.07,1.07,1.07,1.07,0.00,1.07,1.07] TRAIN std=0.354
    g2: 8/8 solved, rewards=[2.15,2.15,2.15,2.15,2.15,2.15,2.15,2.15] SKIP
    g3: 0/8 solved, rewards=[0.00,0.16,0.00,0.00,0.00,0.00,0.63,0.25] TRAIN std=0.210
    g4: 0/8 solved, rewards=[0.78,0.00,0.59,0.00,0.00,0.36,0.20,0.00] TRAIN std=0.287
    g5: 8/8 solved, rewards=[2.15,2.15,2.15,2.15,2.15,2.15,2.15,2.15] SKIP
    g6: 8/8 solved, rewards=[2.15,2.15,2.15,2.15,2.15,2.15,2.15,2.15] SKIP
    g7: 8/8 solved, rewards=[2.15,2.15,2.15,2.15,2.15,2.15,2.15,2.15] SKIP
  [step 118] training: 96 datums, 118751 comp tokens
  [step 118] train done: loss=0.0001 in 12.7s
[step 118/200] solve=0.62 reward=1.51±0.88 loss=0.0001 turns=2.1 disc=391 mast=83 skip=5/8 t=1234.5s
  [step 119 t1] fired 64 (8 API calls)
    gen: 64 results in 63.9s (avg 1142 tok/ep)
    sandbox: 51.4s | pass=44 fail=20 no_code=0 | 44/64 done
  [step 119 t2] fired 20 (20 API calls)
    gen: 20 results in 100.1s (avg 844 tok/ep)
    sandbox: 50.5s | pass=6 fail=14 no_code=0 | 50/64 done
  [step 119 t3] fired 14 (14 API calls)
    gen: 14 results in 38.9s (avg 785 tok/ep)
    sandbox: 50.3s | pass=1 fail=13 no_code=0 | 51/64 done
  [step 119 t4] fired 13 (13 API calls)
    gen: 13 results in 83.9s (avg 610 tok/ep)
    sandbox: 14.0s | pass=0 fail=13 no_code=0 | 64/64 done
    g0: 8/8 solved, rewards=[2.15,2.15,2.15,2.15,2.15,2.15,2.15,2.15] SKIP
    g1: 5/8 solved, rewards=[0.80,0.80,2.53,2.37,2.37,2.15,2.15,0.80] TRAIN std=0.742
    g2: 3/8 solved, rewards=[0.63,2.20,0.17,0.77,0.50,2.20,2.15,0.77] TRAIN std=0.802
    g3: 8/8 solved, rewards=[2.15,2.15,2.15,2.15,2.15,2.15,2.15,2.15] SKIP
    g4: 7/8 solved, rewards=[2.15,0.54,2.15,2.15,2.15,2.15,2.15,2.15] TRAIN std=0.534
    g5: 4/8 solved, rewards=[2.41,2.15,1.79,2.15,0.94,1.55,0.94,2.15] TRAIN std=0.534
    g6: 8/8 solved, rewards=[2.15,2.15,2.15,2.15,2.15,2.15,2.15,2.15] SKIP
    g7: 8/8 solved, rewards=[2.15,2.15,2.15,2.15,2.15,2.15,2.15,2.15] SKIP
  [step 119] training: 79 datums, 77202 comp tokens
  [step 119] train done: loss=0.0066 in 9.4s
[step 119/200] solve=0.80 reward=1.90±0.57 loss=0.0066 turns=1.7 disc=392 mast=84 skip=4/8 t=463.0s
  [step 120 t1] fired 64 (8 API calls)
    gen: 64 results in 487.5s (avg 2923 tok/ep)
    sandbox: 82.8s | pass=24 fail=35 no_code=5 | 24/64 done
  [step 120 t2] fired 40 (40 API calls)
    gen: 40 results in 251.9s (avg 1571 tok/ep)
    sandbox: 95.2s | pass=4 fail=36 no_code=0 | 28/64 done
  [step 120 t3] fired 36 (36 API calls)
    gen: 36 results in 142.6s (avg 985 tok/ep)
    sandbox: 96.9s | pass=0 fail=36 no_code=0 | 28/64 done
  [step 120 t4] fired 36 (36 API calls)
    gen: 36 results in 91.9s (avg 695 tok/ep)
    sandbox: 118.8s | pass=1 fail=35 no_code=0 | 64/64 done
    g0: 0/8 solved, rewards=[1.10,0.60,1.11,1.40,1.03,0.70,0.60,0.98] TRAIN std=0.265
    g1: 8/8 solved, rewards=[2.15,2.15,2.15,2.40,2.15,2.15,2.37,2.15] TRAIN std=0.101
    g2: 8/8 solved, rewards=[2.15,2.15,2.15,2.15,2.15,2.15,2.15,2.15] SKIP
    g3: 0/8 solved, rewards=[0.40,-0.00,0.20,-0.00,0.30,0.40,0.10,0.40] TRAIN std=0.164
    g4: 8/8 solved, rewards=[2.15,2.15,2.15,2.15,2.15,2.15,2.15,2.15] SKIP
    g5: 0/8 solved, rewards=[0.30,0.80,0.53,0.00,0.33,0.53,-0.00,-0.10] TRAIN std=0.296
    g6: 0/8 solved, rewards=[0.43,0.91,1.61,0.13,0.30,0.70,0.91,1.77] TRAIN std=0.553
    g7: 5/8 solved, rewards=[2.10,2.74,0.10,0.70,2.15,2.23,2.15,0.03] TRAIN std=1.002
  [step 120] training: 156 datums, 288651 comp tokens
  [step 120] train done: loss=-0.0039 in 22.2s
  [step 120] dumped 64 train trajectories to checkpoints/lcb_path_dep_lcbv5_s42/train_trajectories_step_0120.jsonl
[step 120/200] solve=0.45 reward=1.29±0.89 loss=-0.0039 turns=2.8 disc=394 mast=85 skip=2/8 t=1391.4s
[lcb] Checkpoint: tinker://ed7b10ca-5483-524f-91b7-826786ac0120:train:0/weights/step_0120
[eval] Running on 20 problems...
[eval] step=120: 11/20 = 0.55
[eval] Trajectories saved to checkpoints/lcb_path_dep_lcbv5_s42/eval_trajectories_step_0120.jsonl
  [step 121 t1] fired 64 (8 API calls)
    gen: 64 results in 119.6s (avg 1083 tok/ep)
    sandbox: 3.8s | pass=39 fail=25 no_code=0 | 39/64 done
  [step 121 t2] fired 25 (25 API calls)
    gen: 25 results in 114.2s (avg 1252 tok/ep)
    sandbox: 1.4s | pass=2 fail=23 no_code=0 | 41/64 done
  [step 121 t3] fired 23 (23 API calls)
    gen: 23 results in 48.4s (avg 764 tok/ep)
    sandbox: 1.3s | pass=4 fail=19 no_code=0 | 45/64 done
  [step 121 t4] fired 19 (19 API calls)
    gen: 19 results in 33.4s (avg 571 tok/ep)
    sandbox: 1.2s | pass=0 fail=19 no_code=0 | 64/64 done
    g0: 2/8 solved, rewards=[0.20,0.40,0.13,2.05,0.00,0.00,0.27,2.18] TRAIN std=0.854
    g1: 0/8 solved, rewards=[1.20,1.93,2.90,1.20,2.60,2.07,1.20,2.07] TRAIN std=0.614
    g2: 8/8 solved, rewards=[2.15,2.15,2.15,2.15,2.15,2.15,2.15,2.15] SKIP
    g3: 6/8 solved, rewards=[0.00,2.15,2.15,2.15,2.10,0.50,2.15,2.05] TRAIN std=0.822
    g4: 8/8 solved, rewards=[2.15,2.15,2.15,2.15,2.15,2.15,2.15,2.15] SKIP
    g5: 7/8 solved, rewards=[2.15,2.15,2.15,2.15,2.15,2.15,2.05,0.00] TRAIN std=0.707
    g6: 8/8 solved, rewards=[2.15,2.15,2.15,2.15,2.15,2.15,2.15,2.15] SKIP
    g7: 6/8 solved, rewards=[2.10,2.15,0.00,0.00,2.15,2.15,2.15,2.15] TRAIN std=0.928
  [step 121] training: 107 datums, 109077 comp tokens
  [step 121] train done: loss=0.0022 in 25.2s
[step 121/200] solve=0.70 reward=1.77±0.78 loss=0.0022 turns=2.0 disc=396 mast=85 skip=3/8 t=349.0s
  [step 122 t1] fired 64 (8 API calls)
    gen: 64 results in 191.7s (avg 1693 tok/ep)
    sandbox: 623.2s | pass=43 fail=20 no_code=1 | 43/64 done
  [step 122 t2] fired 21 (21 API calls)
    gen: 21 results in 93.5s (avg 1333 tok/ep)
    sandbox: 567.2s | pass=6 fail=15 no_code=0 | 49/64 done
  [step 122 t3] fired 15 (15 API calls)
    gen: 15 results in 112.5s (avg 861 tok/ep)
    sandbox: 124.7s | pass=2 fail=13 no_code=0 | 51/64 done
  [step 122 t4] fired 13 (13 API calls)
    gen: 13 results in 205.1s (avg 791 tok/ep)
    sandbox: 79.1s | pass=2 fail=11 no_code=0 | 64/64 done
    g0: 8/8 solved, rewards=[2.15,2.15,2.15,2.15,2.15,2.15,2.15,2.15] SKIP
    g1: 0/8 solved, rewards=[2.22,1.29,0.20,0.59,1.53,0.95,0.59,0.36] TRAIN std=0.637
    g2: 8/8 solved, rewards=[2.15,2.15,2.10,2.15,2.15,2.15,2.15,2.15] TRAIN std=0.017
    g3: 8/8 solved, rewards=[2.15,2.15,2.15,2.15,2.15,2.15,2.15,2.15] SKIP
    g4: 8/8 solved, rewards=[2.45,2.15,2.15,2.50,2.15,2.50,2.15,2.15] TRAIN std=0.162
    g5: 6/8 solved, rewards=[2.38,1.54,2.15,2.28,2.15,0.84,2.15,2.38] TRAIN std=0.498
    g6: 8/8 solved, rewards=[2.15,2.15,2.15,2.15,2.15,2.15,2.15,2.15] SKIP
    g7: 7/8 solved, rewards=[0.84,2.15,2.15,2.98,2.15,2.33,2.15,2.38] TRAIN std=0.557
  [step 122] training: 89 datums, 141392 comp tokens
  [step 122] train done: loss=0.0135 in 33.7s
[step 122/200] solve=0.83 reward=2.00±0.53 loss=0.0135 turns=1.8 disc=396 mast=86 skip=3/8 t=2031.6s
  [step 123 t1] fired 64 (8 API calls)
    gen: 64 results in 60.4s (avg 1117 tok/ep)
    sandbox: 60.7s | pass=55 fail=9 no_code=0 | 55/64 done
  [step 123 t2] fired 9 (9 API calls)
    gen: 9 results in 59.2s (avg 1525 tok/ep)
    sandbox: 50.0s | pass=0 fail=9 no_code=0 | 55/64 done
  [step 123 t3] fired 9 (9 API calls)
    gen: 9 results in 49.2s (avg 837 tok/ep)
    sandbox: 49.9s | pass=2 fail=7 no_code=0 | 57/64 done
  [step 123 t4] fired 7 (7 API calls)
    gen: 7 results in 35.1s (avg 642 tok/ep)
    sandbox: 81.4s | pass=0 fail=7 no_code=0 | 64/64 done
    g0: 8/8 solved, rewards=[2.15,2.15,2.15,2.15,2.15,2.15,2.15,2.15] SKIP
    g1: 8/8 solved, rewards=[2.15,2.15,2.15,2.15,2.15,2.15,2.15,2.15] SKIP
    g2: 8/8 solved, rewards=[2.15,2.15,2.15,2.15,2.15,2.15,2.15,2.15] SKIP
    g3: 8/8 solved, rewards=[2.15,2.15,2.15,2.15,2.15,2.15,2.15,2.15] SKIP
    g4: 1/8 solved, rewards=[2.77,2.00,1.73,3.16,0.06,1.67,2.93,3.19] TRAIN std=0.990
    g5: 8/8 solved, rewards=[2.15,2.15,2.15,2.15,2.15,2.15,2.15,2.15] SKIP
    g6: 8/8 solved, rewards=[2.15,2.15,2.15,2.15,2.15,2.15,2.15,2.15] SKIP
    g7: 8/8 solved, rewards=[2.15,2.09,2.15,2.15,2.15,2.15,2.15,2.15] TRAIN std=0.020
  [step 123] training: 41 datums, 49245 comp tokens
  [step 123] train done: loss=0.0014 in 5.7s
[step 123/200] solve=0.89 reward=2.15±0.35 loss=0.0014 turns=1.4 disc=399 mast=88 skip=6/8 t=452.0s
  [step 124 t1] fired 64 (8 API calls)
    gen: 64 results in 279.9s (avg 2314 tok/ep)
    sandbox: 75.8s | pass=13 fail=51 no_code=0 | 13/64 done
  [step 124 t2] fired 51 (51 API calls)
    gen: 51 results in 84.8s (avg 1184 tok/ep)
    sandbox: 233.3s | pass=5 fail=46 no_code=0 | 18/64 done
  [step 124 t3] fired 46 (46 API calls)
    gen: 46 results in 72.0s (avg 777 tok/ep)
    sandbox: 58.7s | pass=1 fail=45 no_code=0 | 19/64 done
  [step 124 t4] fired 45 (45 API calls)
    gen: 45 results in 78.7s (avg 631 tok/ep)
    sandbox: 232.8s | pass=1 fail=44 no_code=0 | 64/64 done
    g0: 7/8 solved, rewards=[1.12,2.30,2.35,2.35,2.35,2.25,2.35,2.35] TRAIN std=0.403
    g1: 0/8 solved, rewards=[0.90,0.75,0.49,0.49,0.89,0.34,0.16,0.62] TRAIN std=0.245
    g2: 0/8 solved, rewards=[0.84,0.66,1.41,0.56,1.09,0.56,0.66,0.84] TRAIN std=0.274
    g3: 0/8 solved, rewards=[0.21,0.21,0.21,0.21,0.21,0.21,0.21,0.21] SKIP
    g4: 0/8 solved, rewards=[0.00,0.23,0.12,0.12,0.12,0.23,0.00,0.08] TRAIN std=0.083
    g5: 0/8 solved, rewards=[1.10,1.10,1.10,1.00,1.10,1.38,0.90,1.10] TRAIN std=0.128
    g6: 5/8 solved, rewards=[2.15,2.15,0.68,0.26,2.15,2.15,2.15,0.16] TRAIN std=0.874
    g7: 8/8 solved, rewards=[2.15,2.15,2.15,2.15,2.15,2.15,2.15,2.15] SKIP
  [step 124] training: 166 datums, 236312 comp tokens
  [step 124] train done: loss=-0.0020 in 13.4s
[step 124/200] solve=0.31 reward=1.08±0.84 loss=-0.0020 turns=3.2 disc=399 mast=88 skip=2/8 t=1130.9s
  [step 125 t1] fired 64 (8 API calls)
    gen: 64 results in 120.9s (avg 1550 tok/ep)
    sandbox: 92.7s | pass=33 fail=31 no_code=0 | 33/64 done
  [step 125 t2] fired 31 (31 API calls)
    gen: 31 results in 57.0s (avg 1096 tok/ep)
    sandbox: 57.3s | pass=0 fail=31 no_code=0 | 33/64 done
  [step 125 t3] fired 31 (31 API calls)
    gen: 31 results in 64.1s (avg 805 tok/ep)
    sandbox: 77.0s | pass=0 fail=31 no_code=0 | 33/64 done
  [step 125 t4] fired 31 (31 API calls)
    gen: 31 results in 52.8s (avg 718 tok/ep)
    sandbox: 82.0s | pass=0 fail=31 no_code=0 | 64/64 done
    g0: 8/8 solved, rewards=[2.15,2.15,2.15,2.15,2.15,2.15,2.15,2.15] SKIP
    g1: 8/8 solved, rewards=[2.15,2.15,2.15,2.15,2.15,2.15,2.15,2.15] SKIP
    g2: 0/8 solved, rewards=[0.84,0.84,0.84,0.84,0.84,0.84,1.81,0.84] TRAIN std=0.319
    g3: 8/8 solved, rewards=[2.15,2.15,2.15,2.15,2.15,2.15,2.15,2.15] SKIP
    g4: 0/8 solved, rewards=[0.50,0.30,0.80,0.80,0.98,1.46,0.20,0.80] TRAIN std=0.376
    g5: 1/8 solved, rewards=[1.38,1.27,1.04,1.88,1.27,2.15,1.38,1.81] TRAIN std=0.355
    g6: 8/8 solved, rewards=[2.15,2.15,2.15,2.15,2.15,2.15,2.15,2.15] SKIP
    g7: 0/8 solved, rewards=[0.11,0.32,0.32,0.32,0.32,0.73,0.38,0.73] TRAIN std=0.202
  [step 125] training: 125 datums, 149075 comp tokens
  [step 125] train done: loss=-0.0006 in 12.1s
  [step 125] dumped 64 train trajectories to checkpoints/lcb_path_dep_lcbv5_s42/train_trajectories_step_0125.jsonl
[step 125/200] solve=0.52 reward=1.53±0.72 loss=-0.0006 turns=2.5 disc=401 mast=89 skip=4/8 t=617.3s
  [step 126 t1] fired 64 (8 API calls)
    gen: 64 results in 151.9s (avg 1482 tok/ep)
    sandbox: 173.9s | pass=32 fail=32 no_code=0 | 32/64 done
  [step 126 t2] fired 32 (32 API calls)
    gen: 32 results in 59.8s (avg 892 tok/ep)
    sandbox: 175.3s | pass=1 fail=31 no_code=0 | 33/64 done
  [step 126 t3] fired 31 (31 API calls)
    gen: 31 results in 49.2s (avg 614 tok/ep)
    sandbox: 174.0s | pass=1 fail=30 no_code=0 | 34/64 done
  [step 126 t4] fired 30 (30 API calls)
    gen: 30 results in 45.4s (avg 496 tok/ep)
    sandbox: 174.8s | pass=1 fail=29 no_code=0 | 64/64 done
    g0: 0/8 solved, rewards=[0.00,0.00,0.00,0.00,0.00,0.00,0.00,0.00] SKIP
    g1: 0/8 solved, rewards=[0.00,0.72,1.11,0.00,0.00,1.11,1.11,2.18] TRAIN std=0.717
    g2: 3/8 solved, rewards=[2.28,2.15,0.84,0.84,2.33,0.84,0.84,0.84] TRAIN std=0.684
    g3: 1/8 solved, rewards=[2.15,0.30,0.30,0.30,0.30,0.30,0.30,0.30] TRAIN std=0.612
    g4: 7/8 solved, rewards=[2.39,2.15,2.15,2.15,2.15,0.86,2.15,2.15] TRAIN std=0.445
    g5: 8/8 solved, rewards=[2.15,2.15,2.15,2.15,2.15,2.15,2.15,2.15] SKIP
    g6: 8/8 solved, rewards=[2.15,2.15,2.15,2.15,2.15,2.15,2.15,2.15] SKIP
    g7: 8/8 solved, rewards=[2.15,2.15,2.15,2.15,2.15,2.15,2.15,2.15] SKIP
  [step 126] training: 101 datums, 97970 comp tokens
  [step 126] train done: loss=0.0004 in 8.3s
[step 126/200] solve=0.55 reward=1.39±0.92 loss=0.0004 turns=2.5 disc=402 mast=89 skip=4/8 t=1014.1s
  [step 127 t1] fired 64 (8 API calls)
    gen: 64 results in 223.2s (avg 1333 tok/ep)
    sandbox: 94.5s | pass=43 fail=21 no_code=0 | 43/64 done
  [step 127 t2] fired 21 (21 API calls)
    gen: 21 results in 70.6s (avg 836 tok/ep)
    sandbox: 95.0s | pass=4 fail=17 no_code=0 | 47/64 done
  [step 127 t3] fired 17 (17 API calls)
    gen: 17 results in 52.6s (avg 716 tok/ep)
    sandbox: 95.0s | pass=5 fail=12 no_code=0 | 52/64 done
  [step 127 t4] fired 12 (12 API calls)
    gen: 12 results in 40.0s (avg 710 tok/ep)
    sandbox: 94.6s | pass=0 fail=12 no_code=0 | 64/64 done
    g0: 8/8 solved, rewards=[2.15,2.15,2.15,2.15,2.15,2.15,2.15,2.15] SKIP
    g1: 6/8 solved, rewards=[2.15,2.05,0.00,0.00,2.10,2.15,2.05,2.05] TRAIN std=0.907
    g2: 8/8 solved, rewards=[2.15,2.15,2.15,2.15,2.15,2.15,2.15,2.15] SKIP
    g3: 8/8 solved, rewards=[2.15,2.15,2.15,2.15,2.15,2.15,2.15,2.15] SKIP
    g4: 7/8 solved, rewards=[0.21,2.15,2.15,2.15,2.15,2.05,2.15,2.15] TRAIN std=0.636
    g5: 0/8 solved, rewards=[1.23,1.19,1.23,1.27,0.75,1.60,1.70,2.56] TRAIN std=0.501
    g6: 8/8 solved, rewards=[2.15,2.15,2.15,2.15,2.15,2.15,2.15,2.15] SKIP
    g7: 7/8 solved, rewards=[2.35,2.35,2.35,2.15,0.75,2.30,2.15,2.15] TRAIN std=0.506
  [step 127] training: 82 datums, 96091 comp tokens
  [step 127] train done: loss=-0.0005 in 7.8s
[step 127/200] solve=0.81 reward=1.95±0.54 loss=-0.0005 turns=1.8 disc=404 mast=91 skip=4/8 t=773.8s
  [step 128 t1] fired 64 (8 API calls)
    gen: 64 results in 147.6s (avg 1574 tok/ep)
    sandbox: 14.4s | pass=45 fail=18 no_code=1 | 45/64 done
  [step 128 t2] fired 19 (19 API calls)
    gen: 19 results in 81.8s (avg 906 tok/ep)
    sandbox: 8.9s | pass=2 fail=17 no_code=0 | 47/64 done
  [step 128 t3] fired 17 (17 API calls)
    gen: 17 results in 57.3s (avg 667 tok/ep)
    sandbox: 9.8s | pass=1 fail=16 no_code=0 | 48/64 done
  [step 128 t4] fired 16 (16 API calls)
    gen: 16 results in 76.5s (avg 603 tok/ep)
    sandbox: 8.2s | pass=0 fail=16 no_code=0 | 64/64 done
    g0: 4/8 solved, rewards=[2.15,2.15,0.43,0.43,0.43,2.15,2.15,0.43] TRAIN std=0.861
    g1: 4/8 solved, rewards=[2.15,2.15,1.29,1.07,1.29,2.19,2.15,2.15] TRAIN std=0.461
    g2: 7/8 solved, rewards=[2.15,1.15,2.15,2.15,2.15,2.20,2.15,2.15] TRAIN std=0.333
    g3: 8/8 solved, rewards=[2.15,2.15,2.15,2.15,2.05,2.15,2.15,2.15] TRAIN std=0.033
    g4: 5/8 solved, rewards=[2.15,1.96,2.15,2.58,3.13,2.15,1.94,2.15] TRAIN std=0.370
    g5: 8/8 solved, rewards=[2.15,2.15,2.15,2.15,2.15,2.15,2.15,2.15] SKIP
    g6: 8/8 solved, rewards=[2.15,2.15,2.15,2.15,2.15,2.15,2.15,2.15] SKIP
    g7: 4/8 solved, rewards=[2.15,2.15,0.96,2.15,1.08,0.54,2.15,1.18] TRAIN std=0.630
  [step 128] training: 100 datums, 127924 comp tokens
  [step 128] train done: loss=0.0005 in 8.0s
[step 128/200] solve=0.75 reward=1.92±0.55 loss=0.0005 turns=1.8 disc=406 mast=93 skip=2/8 t=413.1s
  [step 129 t1] fired 64 (8 API calls)
    gen: 64 results in 234.9s (avg 1700 tok/ep)
    sandbox: 173.4s | pass=24 fail=40 no_code=0 | 24/64 done
  [step 129 t2] fired 40 (40 API calls)
    gen: 40 results in 56.4s (avg 1032 tok/ep)
    sandbox: 173.2s | pass=1 fail=39 no_code=0 | 25/64 done
  [step 129 t3] fired 39 (39 API calls)
    gen: 39 results in 54.3s (avg 622 tok/ep)
    sandbox: 173.2s | pass=1 fail=38 no_code=0 | 26/64 done
  [step 129 t4] fired 38 (38 API calls)
    gen: 38 results in 59.1s (avg 598 tok/ep)
    sandbox: 172.9s | pass=0 fail=38 no_code=0 | 64/64 done
    g0: 0/8 solved, rewards=[0.21,0.21,0.41,0.63,0.21,0.21,0.21,0.43] TRAIN std=0.147
    g1: 8/8 solved, rewards=[2.15,2.15,2.15,2.15,2.15,2.15,2.15,2.15] SKIP
    g2: 1/8 solved, rewards=[2.30,0.60,0.90,0.60,1.10,0.60,0.60,0.60] TRAIN std=0.553
    g3: 0/8 solved, rewards=[0.00,0.00,0.00,0.00,0.00,0.00,0.00,0.32] TRAIN std=0.107
    g4: 8/8 solved, rewards=[2.15,2.15,2.15,2.15,2.15,2.15,2.15,2.15] SKIP
    g5: 8/8 solved, rewards=[2.15,2.15,2.15,2.15,2.15,2.15,2.15,2.15] SKIP
    g6: 0/8 solved, rewards=[0.75,0.75,0.75,0.75,0.75,0.75,0.75,0.75] SKIP
    g7: 1/8 solved, rewards=[0.00,0.11,2.59,0.00,0.00,0.00,0.00,0.00] TRAIN std=0.853
  [step 129] training: 125 datums, 144999 comp tokens
  [step 129] train done: loss=-0.0003 in 9.3s
[step 129/200] solve=0.41 reward=1.10±0.93 loss=-0.0003 turns=2.8 disc=407 mast=94 skip=4/8 t=1107.7s
  [step 130 t1] fired 64 (8 API calls)
    gen: 64 results in 163.2s (avg 2014 tok/ep)
    sandbox: 175.8s | pass=26 fail=37 no_code=1 | 26/64 done
  [step 130 t2] fired 38 (38 API calls)
    gen: 38 results in 81.2s (avg 1032 tok/ep)
    sandbox: 105.1s | pass=2 fail=36 no_code=0 | 28/64 done
  [step 130 t3] fired 36 (36 API calls)
    gen: 36 results in 43.8s (avg 755 tok/ep)
    sandbox: 108.6s | pass=1 fail=35 no_code=0 | 29/64 done
  [step 130 t4] fired 35 (35 API calls)
    gen: 35 results in 47.5s (avg 597 tok/ep)
    sandbox: 105.7s | pass=1 fail=34 no_code=0 | 64/64 done
    g0: 2/8 solved, rewards=[1.30,1.30,0.00,0.43,0.00,1.30,2.53,3.53] TRAIN std=1.153
    g1: 0/8 solved, rewards=[0.00,0.00,0.00,0.00,0.00,-0.10,0.00,0.00] TRAIN std=0.033
    g2: 3/8 solved, rewards=[2.20,0.10,2.15,0.00,0.00,2.45,0.13,0.30] TRAIN std=1.052
    g3: 1/8 solved, rewards=[1.38,0.69,1.38,2.15,0.69,1.27,1.04,1.35] TRAIN std=0.436
    g4: 8/8 solved, rewards=[2.15,2.15,2.15,2.15,2.15,2.15,2.15,2.15] SKIP
    g5: 8/8 solved, rewards=[2.15,2.15,2.15,2.15,2.15,2.15,2.15,2.15] SKIP
    g6: 0/8 solved, rewards=[1.20,1.10,1.20,1.20,1.57,1.67,1.23,1.30] TRAIN std=0.187
    g7: 8/8 solved, rewards=[2.15,2.15,2.15,2.15,2.15,2.15,2.15,2.15] SKIP
  [step 130] training: 137 datums, 183426 comp tokens
  [step 130] train done: loss=0.0003 in 12.4s
  [step 130] dumped 64 train trajectories to checkpoints/lcb_path_dep_lcbv5_s42/train_trajectories_step_0130.jsonl
[step 130/200] solve=0.47 reward=1.40±0.91 loss=0.0003 turns=2.7 disc=408 mast=94 skip=3/8 t=844.7s
[eval] Running on 20 problems...
[eval] step=130: 9/20 = 0.45
[eval] Trajectories saved to checkpoints/lcb_path_dep_lcbv5_s42/eval_trajectories_step_0130.jsonl
  [step 131 t1] fired 64 (8 API calls)
    gen: 64 results in 187.0s (avg 1970 tok/ep)
    sandbox: 79.1s | pass=35 fail=29 no_code=0 | 35/64 done
  [step 131 t2] fired 29 (29 API calls)
    gen: 29 results in 131.6s (avg 1203 tok/ep)
    sandbox: 78.0s | pass=3 fail=26 no_code=0 | 38/64 done
  [step 131 t3] fired 26 (26 API calls)
    gen: 26 results in 39.5s (avg 741 tok/ep)
    sandbox: 78.2s | pass=0 fail=26 no_code=0 | 38/64 done
  [step 131 t4] fired 26 (26 API calls)
    gen: 26 results in 39.9s (avg 679 tok/ep)
    sandbox: 78.7s | pass=0 fail=26 no_code=0 | 64/64 done
    g0: 6/8 solved, rewards=[2.15,2.15,0.84,2.15,1.22,2.15,2.15,2.15] TRAIN std=0.493
    g1: 8/8 solved, rewards=[2.15,2.15,2.15,2.15,2.15,2.15,2.15,2.15] SKIP
    g2: 3/8 solved, rewards=[0.50,0.00,2.15,2.10,0.50,0.00,2.15,0.30] TRAIN std=0.924
    g3: 0/8 solved, rewards=[0.26,0.26,0.26,0.26,0.26,0.26,0.26,0.26] SKIP
    g4: 8/8 solved, rewards=[2.15,2.15,2.15,2.15,2.15,2.15,2.15,2.15] SKIP
    g5: 8/8 solved, rewards=[2.15,2.15,2.15,2.15,2.15,2.15,2.15,2.15] SKIP
    g6: 0/8 solved, rewards=[0.73,0.80,2.20,0.33,1.18,0.93,0.80,0.80] TRAIN std=0.513
    g7: 5/8 solved, rewards=[1.00,0.99,2.37,2.15,0.90,2.57,2.15,2.15] TRAIN std=0.650
  [step 131] training: 89 datums, 152646 comp tokens
  [step 131] train done: loss=-0.0015 in 71.9s
[step 131/200] solve=0.59 reward=1.54±0.82 loss=-0.0015 turns=2.3 disc=409 mast=97 skip=4/8 t=784.9s
  [step 132 t1] fired 64 (8 API calls)
    gen: 64 results in 139.8s (avg 2223 tok/ep)
    sandbox: 233.9s | pass=29 fail=34 no_code=1 | 29/64 done
  [step 132 t2] fired 35 (35 API calls)
    gen: 35 results in 101.2s (avg 1424 tok/ep)
    sandbox: 232.8s | pass=7 fail=28 no_code=0 | 36/64 done
  [step 132 t3] fired 28 (28 API calls)
    gen: 28 results in 41.7s (avg 736 tok/ep)
    sandbox: 235.3s | pass=2 fail=26 no_code=0 | 38/64 done
  [step 132 t4] fired 26 (26 API calls)
    gen: 26 results in 52.5s (avg 591 tok/ep)
    sandbox: 207.4s | pass=0 fail=26 no_code=0 | 64/64 done
    g0: 8/8 solved, rewards=[2.15,2.15,2.15,2.15,2.15,2.15,2.15,2.15] SKIP
    g1: 8/8 solved, rewards=[2.15,2.15,2.53,2.88,2.50,2.15,2.15,2.10] TRAIN std=0.264
    g2: 6/8 solved, rewards=[2.10,2.10,2.59,2.00,1.26,2.10,1.46,2.15] TRAIN std=0.393
    g3: 8/8 solved, rewards=[2.15,2.15,2.15,2.15,2.15,2.15,2.15,2.15] SKIP
    g4: 0/8 solved, rewards=[0.70,0.70,0.66,0.20,0.20,0.59,0.00,1.31] TRAIN std=0.385
    g5: 8/8 solved, rewards=[2.15,2.15,2.15,2.15,2.15,2.15,2.15,2.15] SKIP
    g6: 0/8 solved, rewards=[0.16,0.34,0.48,0.55,0.00,0.44,0.00,0.48] TRAIN std=0.210
    g7: 0/8 solved, rewards=[1.76,1.38,2.42,3.41,1.38,1.38,3.44,3.44] TRAIN std=0.910
  [step 132] training: 129 datums, 209871 comp tokens
  [step 132] train done: loss=0.0003 in 11.1s
[step 132/200] solve=0.59 reward=1.74±0.86 loss=0.0003 turns=2.4 disc=409 mast=101 skip=3/8 t=1257.1s
  [step 133 t1] fired 64 (8 API calls)
    gen: 64 results in 76.4s (avg 1324 tok/ep)
    sandbox: 87.9s | pass=30 fail=34 no_code=0 | 30/64 done
  [step 133 t2] fired 34 (34 API calls)
    gen: 34 results in 137.1s (avg 1189 tok/ep)
    sandbox: 77.9s | pass=0 fail=34 no_code=0 | 30/64 done
  [step 133 t3] fired 34 (34 API calls)
    gen: 34 results in 39.9s (avg 650 tok/ep)
    sandbox: 74.5s | pass=1 fail=33 no_code=0 | 31/64 done
  [step 133 t4] fired 33 (33 API calls)
    gen: 33 results in 74.7s (avg 663 tok/ep)
    sandbox: 77.6s | pass=0 fail=33 no_code=0 | 64/64 done
    g0: 0/8 solved, rewards=[1.38,1.38,3.44,3.41,3.49,1.38,3.36,1.38] TRAIN std=1.020
    g1: 8/8 solved, rewards=[2.15,2.15,2.15,2.15,2.15,2.15,2.15,2.15] SKIP
    g2: 0/8 solved, rewards=[0.30,0.30,0.30,0.63,0.50,0.80,0.50,0.50] TRAIN std=0.167
    g3: 8/8 solved, rewards=[2.15,2.15,2.15,2.15,2.15,2.15,2.15,2.15] SKIP
    g4: 0/8 solved, rewards=[0.30,0.30,0.90,0.40,0.30,0.30,0.30,0.30] TRAIN std=0.196
    g5: 8/8 solved, rewards=[2.15,2.15,2.15,2.15,2.15,2.15,2.15,2.15] SKIP
    g6: 7/8 solved, rewards=[2.15,2.15,2.30,2.15,2.15,2.15,2.15,0.43] TRAIN std=0.578
    g7: 0/8 solved, rewards=[0.23,0.55,0.75,0.63,0.46,0.35,0.70,0.41] TRAIN std=0.170
  [step 133] training: 141 datums, 147953 comp tokens
  [step 133] train done: loss=0.0004 in 9.1s
[step 133/200] solve=0.48 reward=1.52±0.94 loss=0.0004 turns=2.6 disc=411 mast=103 skip=3/8 t=655.8s
  [step 134 t1] fired 64 (8 API calls)
    gen: 64 results in 146.0s (avg 1347 tok/ep)
    sandbox: 417.1s | pass=27 fail=37 no_code=0 | 27/64 done
  [step 134 t2] fired 37 (37 API calls)
    gen: 37 results in 30.0s (avg 780 tok/ep)
    sandbox: 263.8s | pass=7 fail=30 no_code=0 | 34/64 done
  [step 134 t3] fired 30 (30 API calls)
    gen: 30 results in 114.2s (avg 661 tok/ep)
    sandbox: 187.9s | pass=1 fail=29 no_code=0 | 35/64 done
  [step 134 t4] fired 29 (29 API calls)
    gen: 29 results in 23.6s (avg 463 tok/ep)
    sandbox: 261.6s | pass=0 fail=29 no_code=0 | 64/64 done
    g0: 8/8 solved, rewards=[2.15,2.15,2.15,2.15,2.15,2.15,2.15,2.15] SKIP
    g1: 0/8 solved, rewards=[0.45,0.20,0.88,0.45,0.45,0.45,0.45,0.85] TRAIN std=0.213
    g2: 7/8 solved, rewards=[2.10,2.10,2.10,2.10,2.10,2.10,1.21,2.05] TRAIN std=0.293
    g3: 8/8 solved, rewards=[2.15,2.15,2.15,2.15,2.15,2.15,2.15,2.15] SKIP
    g4: 8/8 solved, rewards=[2.15,2.15,2.15,2.15,2.15,2.15,2.15,2.15] SKIP
    g5: 0/8 solved, rewards=[0.26,0.26,0.26,0.26,0.26,0.26,0.26,0.26] SKIP
    g6: 4/8 solved, rewards=[2.15,0.22,2.15,0.22,2.15,0.22,0.50,2.27] TRAIN std=0.948
    g7: 0/8 solved, rewards=[0.00,0.00,0.00,0.00,0.00,0.00,0.00,0.00] SKIP
  [step 134] training: 72 datums, 78695 comp tokens
  [step 134] train done: loss=0.0251 in 6.6s
[step 134/200] solve=0.55 reward=1.31±0.94 loss=0.0251 turns=2.5 disc=412 mast=104 skip=5/8 t=1451.9s
  [step 135 t1] fired 64 (8 API calls)
    gen: 64 results in 198.5s (avg 2448 tok/ep)
    sandbox: 141.2s | pass=29 fail=35 no_code=0 | 29/64 done
  [step 135 t2] fired 35 (35 API calls)
    gen: 35 results in 113.4s (avg 1337 tok/ep)
    sandbox: 75.9s | pass=1 fail=34 no_code=0 | 30/64 done
  [step 135 t3] fired 34 (34 API calls)
    gen: 34 results in 63.3s (avg 910 tok/ep)
    sandbox: 80.1s | pass=0 fail=34 no_code=0 | 30/64 done
  [step 135 t4] fired 34 (34 API calls)
    gen: 34 results in 51.5s (avg 799 tok/ep)
    sandbox: 79.3s | pass=0 fail=34 no_code=0 | 64/64 done
    g0: 0/8 solved, rewards=[0.60,0.10,1.57,0.60,0.80,0.60,1.90,0.90] TRAIN std=0.543
    g1: 0/8 solved, rewards=[1.19,1.92,1.66,0.38,0.77,1.92,1.86,0.73] TRAIN std=0.581
    g2: 8/8 solved, rewards=[2.15,2.15,2.15,2.15,2.15,2.15,2.15,2.10] TRAIN std=0.017
    g3: 0/8 solved, rewards=[0.20,0.20,0.20,0.00,0.20,0.00,0.07,0.20] TRAIN std=0.088
    g4: 6/8 solved, rewards=[2.15,2.15,2.15,2.15,0.11,2.15,0.00,2.15] TRAIN std=0.908
    g5: 8/8 solved, rewards=[2.15,2.15,2.15,2.15,2.15,2.15,2.15,2.15] SKIP
    g6: 8/8 solved, rewards=[2.15,2.15,2.15,2.15,2.15,2.15,2.15,2.15] SKIP
    g7: 0/8 solved, rewards=[0.32,0.32,0.24,0.32,0.52,0.32,0.32,0.32] TRAIN std=0.074
  [step 135] training: 151 datums, 243127 comp tokens
  [step 135] train done: loss=0.0014 in 13.5s
  [step 135] dumped 64 train trajectories to checkpoints/lcb_path_dep_lcbv5_s42/train_trajectories_step_0135.jsonl
[step 135/200] solve=0.47 reward=1.34±0.88 loss=0.0014 turns=2.6 disc=412 mast=106 skip=2/8 t=818.5s
  [step 136 t1] fired 64 (8 API calls)
    gen: 64 results in 141.1s (avg 1514 tok/ep)
    sandbox: 68.3s | pass=46 fail=18 no_code=0 | 46/64 done
  [step 136 t2] fired 18 (18 API calls)
    gen: 18 results in 39.0s (avg 859 tok/ep)
    sandbox: 8.6s | pass=1 fail=17 no_code=0 | 47/64 done
  [step 136 t3] fired 17 (17 API calls)
    gen: 17 results in 51.6s (avg 771 tok/ep)
    sandbox: 8.0s | pass=0 fail=17 no_code=0 | 47/64 done
  [step 136 t4] fired 17 (17 API calls)
    gen: 17 results in 48.4s (avg 628 tok/ep)
    sandbox: 8.2s | pass=0 fail=17 no_code=0 | 64/64 done
    g0: 0/8 solved, rewards=[1.38,3.13,1.38,1.05,1.38,1.96,1.31,2.42] TRAIN std=0.659
    g1: 8/8 solved, rewards=[2.15,2.15,2.15,2.15,2.15,2.15,2.15,2.15] SKIP
    g2: 8/8 solved, rewards=[2.15,2.15,2.15,2.15,2.15,2.15,2.15,2.15] SKIP
    g3: 8/8 solved, rewards=[2.15,2.15,2.15,2.15,2.15,2.15,2.15,2.15] SKIP
    g4: 0/8 solved, rewards=[0.66,2.26,0.84,1.68,0.66,1.32,1.59,0.84] TRAIN std=0.544
    g5: 8/8 solved, rewards=[2.15,2.15,2.15,2.15,2.15,2.15,2.15,2.15] SKIP
    g6: 7/8 solved, rewards=[2.15,2.15,2.15,0.14,2.15,2.15,2.15,2.24] TRAIN std=0.671
    g7: 8/8 solved, rewards=[2.15,2.15,2.15,2.15,2.15,2.15,2.15,2.15] SKIP
  [step 136] training: 76 datums, 101975 comp tokens
  [step 136] train done: loss=-0.0004 in 8.6s
[step 136/200] solve=0.73 reward=1.96±0.49 loss=-0.0004 turns=1.8 disc=413 mast=110 skip=5/8 t=382.3s
  [step 137 t1] fired 64 (8 API calls)
    gen: 64 results in 399.8s (avg 2101 tok/ep)
    sandbox: 238.5s | pass=26 fail=38 no_code=0 | 26/64 done
  [step 137 t2] fired 38 (38 API calls)
    gen: 38 results in 218.7s (avg 1196 tok/ep)
    sandbox: 233.8s | pass=2 fail=36 no_code=0 | 28/64 done
  [step 137 t3] fired 36 (36 API calls)
    gen: 36 results in 382.0s (avg 901 tok/ep)
    sandbox: 233.6s | pass=1 fail=35 no_code=0 | 29/64 done
  [step 137 t4] fired 35 (35 API calls)
    gen: 35 results in 87.8s (avg 578 tok/ep)
    sandbox: 233.4s | pass=0 fail=35 no_code=0 | 64/64 done
    g0: 5/8 solved, rewards=[0.43,0.43,2.24,0.43,2.15,2.24,2.19,2.15] TRAIN std=0.856
    g1: 0/8 solved, rewards=[0.21,0.00,0.00,0.00,0.18,1.45,0.36,0.45] TRAIN std=0.451
    g2: 0/8 solved, rewards=[0.21,0.96,0.00,0.00,0.21,0.32,0.00,0.32] TRAIN std=0.298
    g3: 8/8 solved, rewards=[2.15,2.15,2.15,2.15,2.15,2.15,2.15,2.15] SKIP
    g4: 8/8 solved, rewards=[2.15,2.15,2.15,2.15,2.15,2.15,2.15,2.15] SKIP
    g5: 8/8 solved, rewards=[2.15,2.15,2.15,2.15,2.15,2.15,2.15,2.15] SKIP
    g6: 0/8 solved, rewards=[3.44,1.31,2.17,2.42,2.42,1.33,2.37,1.31] TRAIN std=0.700
    g7: 0/8 solved, rewards=[0.00,0.79,0.36,0.95,0.00,0.05,0.00,0.93] TRAIN std=0.407
  [step 137] training: 149 datums, 215793 comp tokens
  [step 137] train done: loss=-0.0012 in 122.8s
[step 137/200] solve=0.45 reward=1.38±0.96 loss=-0.0012 turns=2.7 disc=415 mast=110 skip=3/8 t=2151.6s
  [step 138 t1] fired 64 (8 API calls)
    gen: 64 results in 362.1s (avg 1891 tok/ep)
    sandbox: 22.7s | pass=45 fail=18 no_code=1 | 45/64 done
  [step 138 t2] fired 19 (19 API calls)
    gen: 19 results in 97.0s (avg 813 tok/ep)
    sandbox: 14.7s | pass=2 fail=17 no_code=0 | 47/64 done
  [step 138 t3] fired 17 (17 API calls)
    gen: 17 results in 54.9s (avg 611 tok/ep)
    sandbox: 8.6s | pass=0 fail=17 no_code=0 | 47/64 done
  [step 138 t4] fired 17 (17 API calls)
    gen: 17 results in 60.1s (avg 483 tok/ep)
    sandbox: 8.9s | pass=0 fail=17 no_code=0 | 64/64 done
    g0: 0/8 solved, rewards=[0.40,1.20,1.20,1.20,1.20,1.20,1.20,1.20] TRAIN std=0.265
    g1: 8/8 solved, rewards=[2.15,2.15,2.15,2.15,2.15,2.15,2.15,2.15] SKIP
    g2: 8/8 solved, rewards=[2.15,2.15,2.15,2.15,2.15,2.15,2.15,2.15] SKIP
    g3: 8/8 solved, rewards=[2.15,2.15,2.15,2.15,2.15,2.15,2.15,2.15] SKIP
    g4: 2/8 solved, rewards=[0.12,2.15,0.15,2.15,0.15,0.15,0.08,0.22] TRAIN std=0.869
    g5: 5/8 solved, rewards=[1.29,2.15,2.15,2.15,2.15,2.15,0.43,0.75] TRAIN std=0.679
    g6: 8/8 solved, rewards=[2.15,2.10,2.15,2.15,2.15,2.15,2.15,2.19] TRAIN std=0.023
    g7: 8/8 solved, rewards=[2.15,2.15,2.15,2.15,2.15,2.15,2.15,2.15] SKIP
  [step 138] training: 85 datums, 117083 comp tokens
  [step 138] train done: loss=-0.0016 in 9.3s
[step 138/200] solve=0.73 reward=1.77±0.68 loss=-0.0016 turns=1.8 disc=416 mast=112 skip=4/8 t=638.9s
  [step 139 t1] fired 64 (8 API calls)
