{
  "step": 150,
  "run": "tinker_dapo",
  "n_problems": 58,
  "n_samples": 24,
  "partial": true,
  "pass_at_k": {
    "1": 0.0632183908045977,
    "4": 0.1119424054206663,
    "16": 0.1701832496829735
  }
}