{
  "step": 50,
  "run": "tinker_dapo",
  "n_problems": 69,
  "n_samples": 24,
  "partial": true,
  "pass_at_k": {
    "1": 0.25664251207729466,
    "4": 0.4219606270645969,
    "16": 0.5495722262096108
  }
}