{
  "step": 100,
  "run": "tinker_dapo",
  "n_problems": 57,
  "n_samples": 24,
  "partial": true,
  "pass_at_k": {
    "1": 0.14108187134502922,
    "4": 0.2630802962610742,
    "16": 0.41545526369580055
  }
}