{
  "step": 50,
  "run": "tinker",
  "eval_method": "tinker",
  "n_problems": 100,
  "n_samples": 24,
  "pass_at_k": {
    "1": 0.35749999999999993,
    "4": 0.4704611330698287,
    "16": 0.5534232213098815
  },
  "pass_at_k_by_level": {
    "1": {
      "1": 0.5625,
      "2": 0.5717592592592592,
      "3": 0.3888888888888889,
      "4": 0.3637820512820512,
      "5": 0.09027777777777778
    },
    "4": {
      "1": 0.6247647280255976,
      "2": 0.7108716565238304,
      "3": 0.522888041909781,
      "4": 0.4483451331277418,
      "5": 0.210250799924713
    },
    "16": {
      "1": 0.625,
      "2": 0.7762278261896873,
      "3": 0.6557970447962371,
      "4": 0.4871288132157697,
      "5": 0.3319059600355872
    }
  },
  "unique_correct_answers": 0.57,
  "answer_entropy": 0.30247834872234236,
  "mean_correct_per_problem": 8.58,
  "total_prompt_tokens": 9022,
  "total_completion_tokens": 6614569,
  "total_tokens": 6623591,
  "mean_prompt_tokens_per_problem": 90.22,
  "mean_completion_tokens_per_sample": 2756.0704166666665,
  "tinker_path": "tinker://f5ed5d0a-fe52-5fcc-a39c-8d5c3ee96be4:train:0/weights/step_0050"
}