{
  "step": 100,
  "run": "tinker",
  "eval_method": "tinker",
  "n_problems": 100,
  "n_samples": 24,
  "pass_at_k": {
    "1": 0.3679166666666668,
    "4": 0.4913608130999436,
    "16": 0.5771932000038071
  },
  "pass_at_k_by_level": {
    "1": {
      "1": 0.53125,
      "2": 0.5740740740740741,
      "3": 0.4201388888888888,
      "4": 0.36217948717948717,
      "5": 0.11284722222222221
    },
    "4": {
      "1": 0.680077169207604,
      "2": 0.7148974214191605,
      "3": 0.5575906581341363,
      "4": 0.4648033126293996,
      "5": 0.223343685300207
    },
    "16": {
      "1": 0.8206521739130435,
      "2": 0.8140096618357487,
      "3": 0.6512946012373929,
      "4": 0.5128205128205129,
      "5": 0.3140635388750882
    }
  },
  "unique_correct_answers": 0.6,
  "answer_entropy": 0.3414208831317103,
  "mean_correct_per_problem": 8.83,
  "total_prompt_tokens": 9022,
  "total_completion_tokens": 6563944,
  "total_tokens": 6572966,
  "mean_prompt_tokens_per_problem": 90.22,
  "mean_completion_tokens_per_sample": 2734.9766666666665,
  "tinker_path": "tinker://f5ed5d0a-fe52-5fcc-a39c-8d5c3ee96be4:train:0/weights/step_0100"
}