{
  "step": 150,
  "run": "tinker",
  "eval_method": "tinker",
  "n_problems": 100,
  "n_samples": 24,
  "pass_at_k": {
    "1": 0.3608333333333335,
    "4": 0.47824298889516287,
    "16": 0.5662952176224487
  },
  "pass_at_k_by_level": {
    "1": {
      "1": 0.5729166666666666,
      "2": 0.5439814814814816,
      "3": 0.4114583333333333,
      "4": 0.3637820512820513,
      "5": 0.09895833333333336
    },
    "4": {
      "1": 0.6891233766233766,
      "2": 0.6950979777066735,
      "3": 0.5438743020264759,
      "4": 0.45720221807178335,
      "5": 0.20247113997113997
    },
    "16": {
      "1": 0.7491765480895916,
      "2": 0.7591860635338896,
      "3": 0.6739679402722881,
      "4": 0.5384526482924652,
      "5": 0.2831567004907966
    }
  },
  "unique_correct_answers": 0.59,
  "answer_entropy": 0.30447071794026465,
  "mean_correct_per_problem": 8.66,
  "total_prompt_tokens": 9022,
  "total_completion_tokens": 6609574,
  "total_tokens": 6618596,
  "mean_prompt_tokens_per_problem": 90.22,
  "mean_completion_tokens_per_sample": 2753.9891666666667,
  "tinker_path": "tinker://f5ed5d0a-fe52-5fcc-a39c-8d5c3ee96be4:train:0/weights/step_0150"
}