{
  "step": 0,
  "run": "binary",
  "n_problems": 200,
  "n_samples": 64,
  "eval_method": "vllm",
  "pass_at_k": {
    "1": 0.56796875,
    "4": 0.6461512867971091,
    "16": 0.7100570444144989,
    "64": 0.745
  },
  "pass_at_k_by_level": {
    "1": {
      "1": 0.8097426470588235,
      "2": 0.7582465277777778,
      "3": 0.7472222222222222,
      "4": 0.49776785714285715,
      "5": 0.27387971698113206
    },
    "4": {
      "1": 0.8746214376813655,
      "2": 0.8174901772948442,
      "3": 0.8080494769151565,
      "4": 0.587865086731225,
      "5": 0.3729137891549464
    },
    "16": {
      "1": 0.882348400363464,
      "2": 0.8463660184483678,
      "3": 0.8796709277207418,
      "4": 0.6755730487883271,
      "5": 0.4500761938588347
    },
    "64": {
      "1": 0.8823529411764706,
      "2": 0.8611111111111112,
      "3": 0.9111111111111111,
      "4": 0.7142857142857143,
      "5": 0.5094339622641509
    }
  },
  "unique_correct_answers": 0.745,
  "answer_entropy": 0.248262786501886,
  "mean_correct_per_problem": 36.35
}