{
  "step": 50,
  "run": "tinker_prime",
  "eval_method": "tinker",
  "n_problems": 100,
  "n_samples": 24,
  "pass_at_k": {
    "1": 0.43791666666666657,
    "4": 0.561198004893657,
    "16": 0.6347400509333473
  },
  "pass_at_k_by_level": {
    "1": {
      "1": 0.6614583333333334,
      "2": 0.625,
      "3": 0.49652777777777773,
      "4": 0.4262820512820513,
      "5": 0.17708333333333334
    },
    "4": {
      "1": 0.8013951628082062,
      "2": 0.7487556726687162,
      "3": 0.6266116130246565,
      "4": 0.5083973997017476,
      "5": 0.3322510822510823
    },
    "16": {
      "1": 0.8748324203129695,
      "2": 0.7777777022403936,
      "3": 0.693290592015185,
      "4": 0.5717036586601805,
      "5": 0.45716990654061584
    }
  },
  "unique_correct_answers": 0.65,
  "answer_entropy": 0.3298219440617764,
  "mean_correct_per_problem": 10.51,
  "total_prompt_tokens": 9022,
  "total_completion_tokens": 6345870,
  "total_tokens": 6354892,
  "mean_prompt_tokens_per_problem": 90.22,
  "mean_completion_tokens_per_sample": 2644.1125,
  "tinker_path": "tinker://e6a23bd2-11fe-5404-ba73-24528a9bfa26:train:0/weights/step_0050"
}